-- Update of SQL2017_DEV1_EIDSS7_AJ_AVR.BAK backup of dev from Mandar on 11/16/20
-- used scripts from TFS -> EIDSS-Shared\AVR7 Search Object Mapping
-- Did not have to insert all search objects since they are already there except for new 
-- objects that did not exist in 6.1
-- used AVR-Root Search Objects Mapping.sql



-- Update user permissions
-- Update to display buttons to add query and others, value 10094002
UPDATE trtBaseReference SET intRowStatus = 0 WHERE idfsBaseReference = 10094002
-- Update to display drop down list Settings, value 10094037
UPDATE trtBaseReference SET intRowStatus = 0 WHERE idfsBaseReference = 10094037
-- grant other users access also we have to:
UPDATE dbo.tstObjectAccess SET intPermission = 2
WHERE intRowStatus = 0 AND intPermission= 1 AND idfsObjectID = 10094002

GO

---------------------------------------- UPDATE field names of 6.1 to 7 ----------------------------------
-- $/EIDSS-Shared/AVR7 Search Object Mapping/AVR-Root Search Objects Mapping.sql

--Step 001 --
UPDATE dbo.trtBaseReference SET strDefault='Human Aggregate Disease Report' WHERE idfsBaseReference = 10082045 -- old value 'Human Aggregate Case'
UPDATE dbo.trtBaseReference SET strDefault='Human Disease Report' WHERE idfsBaseReference = 10082012 -- old value 'Human Case'
UPDATE dbo.trtBaseReference SET strDefault='Human Disease Report Sample' WHERE idfsBaseReference = 10082007 -- old value 'Human Case Sample'
UPDATE dbo.trtBaseReference SET strDefault='Human Disease Report Test' WHERE idfsBaseReference = 10082008 -- old value 'Human Case Test'
UPDATE dbo.trtBaseReference SET strDefault='Vet Active Surveillance Campaign' WHERE idfsBaseReference = 10082024 -- old value 'Active Surveillance Campaign'
UPDATE dbo.trtBaseReference SET strDefault='Vet Active Surveillance Sample' WHERE idfsBaseReference = 10082030 -- old value 'Active Surveillance Sample'
UPDATE dbo.trtBaseReference SET strDefault='Vet Active Surveillance Session' WHERE idfsBaseReference = 10082025 -- old value 'Active Surveillance Session'
UPDATE dbo.trtBaseReference SET strDefault='Vet Active Surveillance Test' WHERE idfsBaseReference = 10082031 -- old value 'Active Surveillance Test'
UPDATE dbo.trtBaseReference SET strDefault='Vet Disease Report' WHERE idfsBaseReference = 10082020 -- old value 'Vet Case'
UPDATE dbo.trtBaseReference SET strDefault='Vet Disease Report Sample' WHERE idfsBaseReference = 10082021 -- old value 'Vet Case Sample'
UPDATE dbo.trtBaseReference SET strDefault='Vet Disease Report Test' WHERE idfsBaseReference = 10082022 -- old value 'Vet Case Test'player

GO

--Step 002 --
UPDATE dbo.trtStringNameTranslation SET strTextString=N'Human Aggregate Disease Report' WHERE idfsBaseReference = 10082045 AND idfsLanguage = 10049003 -- old value 'Human Aggregate Case'

UPDATE dbo.trtStringNameTranslation SET strTextString=N'Human Disease Report' WHERE idfsBaseReference = 10082012 AND idfsLanguage = 10049003 -- old value 'Human Case'
UPDATE dbo.trtStringNameTranslation SET strTextString=N'ადამიანის დააავადების ანგარიში' WHERE idfsBaseReference = 10082012 AND idfsLanguage = 10049004 -- old value 'ადამიანის დაავადების შემთხვევა'
UPDATE dbo.trtStringNameTranslation SET strTextString=N'İnsan xəstəliyi üzrə hesabat' WHERE idfsBaseReference = 10082012 AND idfsLanguage = 10049001 -- old value 'İnsanlar arasında xəstəlik hadisəsi'
UPDATE dbo.trtStringNameTranslation SET strTextString=N'  تقرير الأمراض البشرية' WHERE idfsBaseReference = 10082012 AND idfsLanguage = 10049011 -- old value 'حالة بشرية'

UPDATE dbo.trtStringNameTranslation SET strTextString=N'Human Disease Report Sample' WHERE idfsBaseReference = 10082007 AND idfsLanguage = 10049003 -- old value 'Human Case Sample'
UPDATE dbo.trtStringNameTranslation SET strTextString=N'ადამიანის დაავადების ანგარიშის ნიმუში' WHERE idfsBaseReference = 10082007 AND idfsLanguage = 10049004 -- old value 'ადამიანის დაავადების შემთხვევის დროს აღებული ნიმუში'
UPDATE dbo.trtStringNameTranslation SET strTextString=N'İnsan xəstəliyi üzrə hesabat Nümunə' WHERE idfsBaseReference = 10082007 AND idfsLanguage = 10049001 -- old value 'İnsanlar arasında xəstəlik hadisəsinin nümunəsi'
UPDATE dbo.trtStringNameTranslation SET strTextString=N'عيّنة عن تقرير الأمراض البشرية' WHERE idfsBaseReference = 10082007 AND idfsLanguage = 10049011 -- old value 'عينة من حالة بشرية'

UPDATE dbo.trtStringNameTranslation SET strTextString=N'Human Disease Report Test' WHERE idfsBaseReference = 10082008 AND idfsLanguage = 10049003 -- old value 'Human Case Test'
UPDATE dbo.trtStringNameTranslation SET strTextString=N'ადამიანის დაავადების ანგარიშის ტესტი' WHERE idfsBaseReference = 10082008 AND idfsLanguage = 10049004 -- old value 'ადამიანის დაავადების შემთხვევის დროს ჩატარებული ტესტი'
UPDATE dbo.trtStringNameTranslation SET strTextString=N'İnsan xəstəliyi üzrə hesabat Test' WHERE idfsBaseReference = 10082008 AND idfsLanguage = 10049001 -- old value 'İnsanlar arasında xəstəlik hadisəsinin testi'
UPDATE dbo.trtStringNameTranslation SET strTextString=N'إختبار تقرير الأمراض البشرية' WHERE idfsBaseReference = 10082008 AND idfsLanguage = 10049011 -- old value 'فحص حالة بشرية'

UPDATE dbo.trtStringNameTranslation SET strTextString=N'Vet Active Surveillance Campaign' WHERE idfsBaseReference = 10082024 AND idfsLanguage = 10049003 -- old value 'Active Surveillance Campaign'
UPDATE dbo.trtStringNameTranslation SET strTextString=N'ვეტერინარული დაავადების აქტიური ზედამხედველობის კამპანია' WHERE idfsBaseReference = 10082024 AND idfsLanguage = 10049004 -- old value N'აქტიური ზედამხედველობის კამპანია'
UPDATE dbo.trtStringNameTranslation SET strTextString=N'Baytarl?q üzr? F?al Mü?ahid? Kampaniyas?' WHERE idfsBaseReference = 10082024 AND idfsLanguage = 10049001 -- old value 'Aktiv Mü?ahid? Kampaniyas?'
UPDATE dbo.trtStringNameTranslation SET strTextString=N'حملة الترصد النَشِط للطبيب البيطري' WHERE idfsBaseReference = 10082024 AND idfsLanguage = 10049011 -- old value 'حملة مراقبة فعالة'

UPDATE dbo.trtStringNameTranslation SET strTextString=N'Vet Active Surveillance Sample' WHERE idfsBaseReference = 10082030 AND idfsLanguage = 10049003 -- old value 'Active Surveillance Sample'
UPDATE dbo.trtStringNameTranslation SET strTextString=N'ვეტერინარული დაავადების აქტიური ზედამხედველობის ნიმუში' WHERE idfsBaseReference = 10082030 AND idfsLanguage = 10049004 -- old value 'აქტიური ზედამხედველობის დროს აღებული ნიმუში'
UPDATE dbo.trtStringNameTranslation SET strTextString='Baytarlıq üzrə Fəal Müşahidə Nümunə' WHERE idfsBaseReference = 10082030 AND idfsLanguage = 10049001 -- old value 'Aktiv Müşahidə Sessiysının Nümunəsi'
UPDATE dbo.trtStringNameTranslation SET strTextString=N'عينة عن الترصد البيطري النَشِط ' WHERE idfsBaseReference = 10082030 AND idfsLanguage = 10049011 -- old value 'عينة مراقبة فعالة'

UPDATE dbo.trtStringNameTranslation SET strTextString=N'Vet Active Surveillance Session' WHERE idfsBaseReference = 10082025 AND idfsLanguage = 10049003 -- old value 'Active Surveillance Session'
UPDATE dbo.trtStringNameTranslation SET strTextString=N'ვეტერინარული დაავადების აქტიური ზედამხედველობის სესია' WHERE idfsBaseReference = 10082025 AND idfsLanguage = 10049004 -- old value 'აქტიური ზედამხედველობის სესია'
UPDATE dbo.trtStringNameTranslation SET strTextString=N'Baytarlıq üzrə Fəal Müşahidə Sessiyası' WHERE idfsBaseReference = 10082025 AND idfsLanguage = 10049001 -- old value 'Aktiv Müşahidə Sessiyası'
UPDATE dbo.trtStringNameTranslation SET strTextString=N'دورة الترصد البيطري النَشِط' WHERE idfsBaseReference = 10082025 AND idfsLanguage = 10049011 -- old value 'جلسة مراقبة فعالة'

UPDATE dbo.trtStringNameTranslation SET strTextString=N'Vet Active Surveillance Test' WHERE idfsBaseReference = 10082031 AND idfsLanguage = 10049003 -- old value 'Active Surveillance Test'
UPDATE dbo.trtStringNameTranslation SET strTextString=N'ვეტერინარული დაავადების აქტიური ზედამხედველობის ტესტი' WHERE idfsBaseReference = 10082031 AND idfsLanguage = 10049004 -- old value 'აქტიური ზედამხედველობის დროს ჩატარებული ტესტი'
UPDATE dbo.trtStringNameTranslation SET strTextString=N'Baytarlıq üzrə Fəal Müşahidə Test' WHERE idfsBaseReference = 10082031 AND idfsLanguage = 10049001 -- old value 'Aktiv Müşahidənin Sessiysının Testi'
UPDATE dbo.trtStringNameTranslation SET strTextString=N'إختبار الترصد البيطري النَشِط ' WHERE idfsBaseReference = 10082031 AND idfsLanguage = 10049011 -- old value 'فحص مراقبة فعالة'

UPDATE dbo.trtStringNameTranslation SET strTextString=N'Vet Disease Report' WHERE idfsBaseReference = 10082020 AND idfsLanguage = 10049003 -- old value 'Vet Case'
UPDATE dbo.trtStringNameTranslation SET strTextString=N'ვეტერინარული დაავადების ანგარიში' WHERE idfsBaseReference = 10082020 AND idfsLanguage = 10049004 -- old value 'ვეტ დაავადების შემთხვევა'
UPDATE dbo.trtStringNameTranslation SET strTextString=N'Baytarlıq xəstəliyi üzrə hesabat' WHERE idfsBaseReference = 10082020 AND idfsLanguage = 10049001 -- old value 'Baytarlıq xəstəlik hadisəsi'
UPDATE dbo.trtStringNameTranslation SET strTextString=N'تقرير الأمراض البيطرية' WHERE idfsBaseReference = 10082020 AND idfsLanguage = 10049011 -- old value 'حالة بيطرية'

UPDATE dbo.trtStringNameTranslation SET strTextString=N'Vet Disease Report Sample' WHERE idfsBaseReference = 10082021 AND idfsLanguage = 10049003 -- old value 'Vet Case Sample'
UPDATE dbo.trtStringNameTranslation SET strTextString=N'ვეტერინარული დაავადების ანგარიშის ნიმუში' WHERE idfsBaseReference = 10082021 AND idfsLanguage = 10049004 -- old value 'ვეტ დაავადების შემთხვევის დროს აღებული ნიმუში'
UPDATE dbo.trtStringNameTranslation SET strTextString=N'Baytarlıq xəstəliyi üzrə hesabat Nümunə' WHERE idfsBaseReference = 10082021 AND idfsLanguage = 10049001 -- old value 'Baytarlıq xəstəlik hadisəsinin nümunəsi'
UPDATE dbo.trtStringNameTranslation SET strTextString=N' عينة عن تقرير الأمراض البيطرية' WHERE idfsBaseReference = 10082021 AND idfsLanguage = 10049011 -- old value 'عينة حالة بيطرية'

UPDATE dbo.trtStringNameTranslation SET strTextString=N'Vet Disease Report Test' WHERE idfsBaseReference = 10082022 AND idfsLanguage = 10049003 -- old value 'Vet Case Test'
UPDATE dbo.trtStringNameTranslation SET strTextString=N'ვეტერინარული დაავადების ანგარიშის ტესტი' WHERE idfsBaseReference = 10082022 AND idfsLanguage = 10049004 -- old value 'ვეტ დაავადების შემთხვევის დროს ჩატარებული ტესტი'
UPDATE dbo.trtStringNameTranslation SET strTextString=N'Baytarlıq xəstəliyi üzrə hesabat Test' WHERE idfsBaseReference = 10082022 AND idfsLanguage = 10049001 -- old value 'Baytarlıq xəstəlik hadisəsinin testi'
UPDATE dbo.trtStringNameTranslation SET strTextString=N' تقرير فحص الأمراض البيطرية' WHERE idfsBaseReference = 10082022 AND idfsLanguage = 10049011 -- old value 'فحص حالة بيطرية'
GO

-- update search table 'AS Session' (4582560000000) in order to retrive only vet cases
UPDATE dbo.tasSearchTable 
SET strExistenceCondition = N'asms{0}.intRowStatus = 0 AND asms{0}.SessionCategoryID = 10502002', strTableName = N'VAS Session' WHERE idfSearchTable = 4582560000000
GO

--Step 003 --
UPDATE dbo.trtBaseReference SET strDefault='Human Aggregate Disease Report Column' WHERE idfsBaseReference = 10082046 -- old value 'Human Aggregate Case Column'
UPDATE dbo.trtStringNameTranslation SET strTextString=N'ადამიანის დაავადების აგრეგირებული ანგარიშის სვეტი' WHERE idfsBaseReference = 10082046 AND idfsLanguage = 10049004 -- old value 'ადამიანთა დაავადებების აგრეგირებული შემთხვევის სვეტი'
UPDATE dbo.trtStringNameTranslation SET strTextString=N'Cəmləşdirilmiş İnsan xəstəlikləri üzrə hesabat sütunu' WHERE idfsBaseReference = 10082046 AND idfsLanguage = 10049001 -- old value 'İnsanlar arasında cəmləşdirilmiş xəstəlik hadisəsinin sütunu'
UPDATE dbo.trtStringNameTranslation SET strTextString=N'عمود التقرير الإجمالي للأمراض البشرية' WHERE idfsBaseReference = 10082046 AND idfsLanguage = 10049011 -- old value 'العمود الممثل لاجمالي الحالات البشرية'


UPDATE dbo.trtBaseReference SET strDefault='Vet Active Surveillance Farm' WHERE idfsBaseReference = 10082026 -- old value 'Active Surveillance Farm'
UPDATE dbo.trtStringNameTranslation SET strTextString=N'ვეტერინარული დაავადების აქტიური ზედამხედველობის ფერმა' WHERE idfsBaseReference = 10082026 AND idfsLanguage = 10049004
UPDATE dbo.trtStringNameTranslation SET strTextString=N'Baytarlıq üzrə Fəal Müşahidə Ferma' WHERE idfsBaseReference = 10082026 AND idfsLanguage = 10049001
UPDATE dbo.trtStringNameTranslation SET strTextString=N'الترصد  البيطري النَشِط للمزرعة ' WHERE idfsBaseReference = 10082026 AND idfsLanguage = 10049011

UPDATE dbo.trtBaseReference SET strDefault='Vet Active Surveillance Herd' WHERE idfsBaseReference = 10082027 -- old value 'Active Surveillance Herd'
UPDATE dbo.trtStringNameTranslation SET strTextString=N'ვეტერინარული დაავადების აქტიური ზედამხედველობის ჯოგი' WHERE idfsBaseReference = 10082027 AND idfsLanguage = 10049004
UPDATE dbo.trtStringNameTranslation SET strTextString=N'Baytarlıq üzrə Faəl Müşahidə Sürü' WHERE idfsBaseReference = 10082027 AND idfsLanguage = 10049001
UPDATE dbo.trtStringNameTranslation SET strTextString=N'الترصد  البيطري النَشِط للقطيع' WHERE idfsBaseReference = 10082027 AND idfsLanguage = 10049011

UPDATE dbo.trtBaseReference SET strDefault='Vet Active Surveillance Species' WHERE idfsBaseReference = 10082028 -- old value 'Active Surveillance Species'
UPDATE dbo.trtStringNameTranslation SET strTextString=N'ვეტერინარული დაავადების აქტიური ზედამხედველობის სახეობა' WHERE idfsBaseReference = 10082028 AND idfsLanguage = 10049004
UPDATE dbo.trtStringNameTranslation SET strTextString=N'Baytarlıq üzrə Faəl Müşahidə Heyvan növü' WHERE idfsBaseReference = 10082028 AND idfsLanguage = 10049001
UPDATE dbo.trtStringNameTranslation SET strTextString=N'الترصد  البيطري النَشِط للفصيلة ع' WHERE idfsBaseReference = 10082028 AND idfsLanguage = 10049011

UPDATE dbo.trtBaseReference SET strDefault='Vet Active Surveillance Animal' WHERE idfsBaseReference = 10082029 -- old value 'Active Surveillance Animal'
UPDATE dbo.trtStringNameTranslation SET strTextString=N'ვეტერინარული დაავადების აქტიური ზედამხედველობის ცხოველი' WHERE idfsBaseReference = 10082029 AND idfsLanguage = 10049004
UPDATE dbo.trtStringNameTranslation SET strTextString=N'Baytarlıq üzrə Fəal Müşahidə Heyvan' WHERE idfsBaseReference = 10082029 AND idfsLanguage = 10049001
UPDATE dbo.trtStringNameTranslation SET strTextString=N'الترصد  البيطري النَشِط للحيوان ' WHERE idfsBaseReference = 10082029 AND idfsLanguage = 10049011

GO

--Step 004 --

UPDATE dbo.trtStringNameTranslation SET strTextString=N'Human Aggregate Disease Report' WHERE idfsBaseReference = 10082045 AND idfsLanguage = 10049003 -- old value 'Human Aggregate Case'
UPDATE dbo.trtStringNameTranslation SET strTextString=N'ადამიანის  დაავადების აგრეგირებული ანგარიში' WHERE idfsBaseReference = 10082045 AND idfsLanguage = 10049004 -- old value 'ადამიანთა დაავადებების აგრეგირებული შემთხვევის მონაცემები'
UPDATE dbo.trtStringNameTranslation SET strTextString=N'Cəmləşdirilmiş İnsan xəstəlikləri üzrə hesabat' WHERE idfsBaseReference = 10082045 AND idfsLanguage = 10049001 -- old value 'İnsanlar arasında cəmləşdirilmiş xəstəlik hadisəsinin məlumatı'
UPDATE dbo.trtStringNameTranslation SET strTextString=N' التقرير الإجمالي للأمراض البشرية' WHERE idfsBaseReference = 10082045 AND idfsLanguage = 10049011 -- old value 'معلومات عن اجمالي الحالات البشرية'

UPDATE dbo.trtStringNameTranslation SET strTextString=N'Human Aggregate Disease Report Column' WHERE idfsBaseReference = 10082046 AND idfsLanguage = 10049003 -- old value 'Human Aggregate Case Column'
UPDATE dbo.trtStringNameTranslation SET strTextString=N'ადამიანის დაავადების აგრეგირებული ანგარიშის სვეტი' WHERE idfsBaseReference = 10082046 AND idfsLanguage = 10049004 -- old value 'ადამიანთა დაავადებების აგრეგირებული შემთხვევის სვეტი'
UPDATE dbo.trtStringNameTranslation SET strTextString=N'Cəmləşdirilmiş İnsan xəstəlikləri üzrə hesabat sütunu' WHERE idfsBaseReference = 10082046 AND idfsLanguage = 10049001 -- old value 'İnsanlar arasında cəmləşdirilmiş xəstəlik hadisəsinin sütunu'
UPDATE dbo.trtStringNameTranslation SET strTextString=N'عمود التقرير الإجمالي للأمراض البشرية' WHERE idfsBaseReference = 10082046 AND idfsLanguage = 10049011 -- old value 'العمود الممثل لاجمالي الحالات البشرية'

UPDATE dbo.trtStringNameTranslation SET strTextString=N'Vet Active Surveillance Farm' WHERE idfsBaseReference = 10082026 AND idfsLanguage = 10049003 -- old value 'Active Surveillance Farm'
UPDATE dbo.trtStringNameTranslation SET strTextString=N'ვეტერინარული დაავადების აქტიური ზედამხედველობის ფერმა' WHERE idfsBaseReference = 10082026 AND idfsLanguage = 10049004 -- old value 'ფერმა'
UPDATE dbo.trtStringNameTranslation SET strTextString=N'Baytarlıq üzrə Fəal Müşahidə Ferma' WHERE idfsBaseReference = 10082026 AND idfsLanguage = 10049001 -- old value 'Ferma'
UPDATE dbo.trtStringNameTranslation SET strTextString=N'الترصد  البيطري النَشِط للمزرعة ' WHERE idfsBaseReference = 10082026 AND idfsLanguage = 10049011 -- old value 'مزرعة'

UPDATE dbo.trtStringNameTranslation SET strTextString=N'Vet Active Surveillance Herd' WHERE idfsBaseReference = 10082027 AND idfsLanguage = 10049003 -- old value 'Active Surveillance Herd'
UPDATE dbo.trtStringNameTranslation SET strTextString=N'ვეტერინარული დაავადების აქტიური ზედამხედველობის ჯოგი' WHERE idfsBaseReference = 10082027 AND idfsLanguage = 10049004 -- old value 'ჯოგი'
UPDATE dbo.trtStringNameTranslation SET strTextString=N'Baytarlıq üzrə Faəl Müşahidə Sürü' WHERE idfsBaseReference = 10082027 AND idfsLanguage = 10049001 -- old value 'Sürü'
UPDATE dbo.trtStringNameTranslation SET strTextString=N'الترصد  البيطري النَشِط للقطيع' WHERE idfsBaseReference = 10082027 AND idfsLanguage = 10049011 -- old value 'القطيع'

UPDATE dbo.trtStringNameTranslation SET strTextString=N'Vet Active Surveillance Species' WHERE idfsBaseReference = 10082028 AND idfsLanguage = 10049003 -- old value 'Active Surveillance Species'
UPDATE dbo.trtStringNameTranslation SET strTextString=N'ვეტერინარული დაავადების აქტიური ზედამხედველობის სახეობა' WHERE idfsBaseReference = 10082028 AND idfsLanguage = 10049004 -- old value 'სახეობა'
UPDATE dbo.trtStringNameTranslation SET strTextString=N'Baytarlıq üzrə Faəl Müşahidə Heyvan növü' WHERE idfsBaseReference = 10082028 AND idfsLanguage = 10049001 -- old value 'Heyvan Növləri'
UPDATE dbo.trtStringNameTranslation SET strTextString=N'الترصد  البيطري النَشِط للفصيلة ع' WHERE idfsBaseReference = 10082028 AND idfsLanguage = 10049011 -- old value 'صنف اجناس'

UPDATE dbo.trtStringNameTranslation SET strTextString=N'Vet Active Surveillance Animal' WHERE idfsBaseReference = 10082029 AND idfsLanguage = 10049003 -- old value 'Active Surveillance Animal'
UPDATE dbo.trtStringNameTranslation SET strTextString=N'ვეტერინარული დაავადების აქტიური ზედამხედველობის ცხოველი' WHERE idfsBaseReference = 10082029 AND idfsLanguage = 10049004 -- old value 'ცხოველი'
UPDATE dbo.trtStringNameTranslation SET strTextString=N'Baytarlıq üzrə Fəal Müşahidə Heyvan' WHERE idfsBaseReference = 10082029 AND idfsLanguage = 10049001 -- old value 'Heyvan'
UPDATE dbo.trtStringNameTranslation SET strTextString=N'الترصد  البيطري النَشِط للحيوان ' WHERE idfsBaseReference = 10082029 AND idfsLanguage = 10049011 -- old value 'حيوان'

GO

-- Remove object 'Diagnosis History' from 'Human Disease Report'
UPDATE [dbo].[trtBaseReference] SET intRowStatus = 1 WHERE idfsBaseReference = 10082023

GO


-- Remove 'Syndrome', these fields are now under  'Human Clinical Signs' and "Human Epi Investigations' (the rename was done on '02_Rename of fields.sql' script code is commented out)
UPDATE [dbo].[trtBaseReference] SET intRowStatus = 1 WHERE idfsBaseReference = 10082042 
UPDATE [dbo].[tasSearchObject] SET blnPrimary = 1 WHERE idfsSearchObject = 10082042 -- do not display as root object

-- No longer needed -- hide fields 
--UPDATE [dbo].[trtBaseReference] SET intRowStatus = 1 WHERE idfsBaseReference in (10080622, 10080623, 10080634, 10080641, 10080624, 10080621, 10080627, 10080626, 10080629, 10080630, 10080639, 10080638, 10080628, 10080631, 10080625, 10080640)

-- Add relations - 'Syndrome' child of 'Human Disease Report'
--INSERT INTO [dbo].[tasSearchObjectToSearchObject] ([idfsRelatedSearchObject], [idfsParentSearchObject], [rowguid], [strSubQueryJoinCondition], [blnUseForSubQuery], [strReservedAttribute])
--VALUES(10082042, 10082012, NEWID(), 'v_{6}.[PKField] = v.[PKField]', 0, NULL)

-- not sure if needed
--INSERT INTO [dbo].[tasMainTableForObject] (idfsSearchObject, idfMainSearchTable, rowguid, idfMandatorySearchTable) 
--VALUES (10082042, 4582670000000, NEWID(), 4583090000064)  

--UPDATE dbo.tasFieldSourceForTable SET idfSearchTable = 4582540000000, idfUnionSearchTable = 4582670000000, strFieldText = 'at{0}.datFirstAdministeredDate' WHERE idfsSearchField = 10080656
--UPDATE dbo.tasFieldSourceForTable SET strFieldText = 'hc{0}.idfHumanCase' WHERE idfsSearchField = 10080671

-- two lines below are not correct these values need to be calculated
--UPDATE dbo.tasFieldSourceForTable SET idfSearchTable = 4582670000000, idfUnionSearchTable = 4582670000000, strFieldText = 'hc{0}.intPatientAge' WHERE idfsSearchField = 10080635
--UPDATE dbo.tasFieldSourceForTable SET idfSearchTable = 4582670000000, idfUnionSearchTable = 4582670000000, strFieldText = 'hc{0}.intPatientAge' WHERE idfsSearchField = 10080636


GO


-- Add extra fields for 'Human Disease Report Sample'
INSERT INTO [dbo].[trtBaseReference] ([idfsBaseReference], [idfsReferenceType], [strBaseReferenceCode], [strDefault], [intHACode], [intOrder], [blnSystem], [intRowStatus], [rowguid], [strMaintenanceFlag], [strReservedAttribute]) VALUES (10081301, 19000080, 'sflHC_CollectedByPersonID', 'Human Disease Report Sample - Collected by Officer Personal ID', 2, 0, 1, 0, NEWID(), NULL, NULL);  -- using 10080581 as an example
INSERT INTO [dbo].[trtBaseReference] ([idfsBaseReference], [idfsReferenceType], [strBaseReferenceCode], [strDefault], [intHACode], [intOrder], [blnSystem], [intRowStatus], [rowguid], [strMaintenanceFlag], [strReservedAttribute]) VALUES (10081302, 19000080, 'sflHC_CollectedByPersonalIDType', 'Human Disease Report Sample - Collected by Officer Personal ID Type', 2, 0, 1, 0, NEWID(), NULL, NULL);  -- using 10080580 as an example
INSERT INTO [dbo].[trtBaseReference] ([idfsBaseReference], [idfsReferenceType], [strBaseReferenceCode], [strDefault], [intHACode], [intOrder], [blnSystem], [intRowStatus], [rowguid], [strMaintenanceFlag], [strReservedAttribute]) VALUES (10081303, 19000080, 'sflHC_TestedByPerson', 'Human Disease Report Sample - Tested By', 2, 0, 1, 0, NEWID(), NULL, NULL);  -- using 10080434 as an example
INSERT INTO [dbo].[trtBaseReference] ([idfsBaseReference], [idfsReferenceType], [strBaseReferenceCode], [strDefault], [intHACode], [intOrder], [blnSystem], [intRowStatus], [rowguid], [strMaintenanceFlag], [strReservedAttribute]) VALUES (10081304, 19000080, 'sflHC_TestedByInstitution', 'Human Disease Report Sample - Tested By Institution', 2, 0, 1, 0, NEWID(), NULL, NULL);  -- using 10080408 as an example

INSERT INTO [dbo].[trtStringNameTranslation] ([idfsBaseReference], [idfsLanguage], [strTextString], [intRowStatus], [rowguid], [strMaintenanceFlag], [strReservedAttribute]) VALUES (10081301, 10049003,'Human Disease Report Sample - Collected by Officer Personal ID', 0, NEWID(), NULL, NULL)
INSERT INTO [dbo].[trtStringNameTranslation] ([idfsBaseReference], [idfsLanguage], [strTextString], [intRowStatus], [rowguid], [strMaintenanceFlag], [strReservedAttribute]) VALUES (10081301, 10049004, N'ადამიანის დაავადების ანგარიშის ნიმუში  - იმ თანამშრომლის პერსონალური ID, რომელმაც აიღო ნიმუში', 0, NEWID(), NULL, NULL);
INSERT INTO [dbo].[trtStringNameTranslation] ([idfsBaseReference], [idfsLanguage], [strTextString], [intRowStatus], [rowguid], [strMaintenanceFlag], [strReservedAttribute]) VALUES (10081301, 10049001, N'İnsan Xəstəliyi üzrə Hesabat Nümunə - Toplayan işçi Fərdi İN', 0, NEWID(), NULL, NULL);
INSERT INTO [dbo].[trtStringNameTranslation] ([idfsBaseReference], [idfsLanguage], [strTextString], [intRowStatus], [rowguid], [strMaintenanceFlag], [strReservedAttribute]) VALUES (10081301, 10049011, N'نموذج عن تقرير الامراض البشرية -  جمعه المعرّف الشخصي للموظف ', 0, NEWID(), NULL, NULL);

INSERT INTO [dbo].[trtStringNameTranslation] ([idfsBaseReference], [idfsLanguage], [strTextString], [intRowStatus], [rowguid], [strMaintenanceFlag], [strReservedAttribute]) VALUES (10081302, 10049003, N'Human Disease Report Sample - Collected by Officer Personal ID Type', 0, NEWID(), NULL, NULL);
INSERT INTO [dbo].[trtStringNameTranslation] ([idfsBaseReference], [idfsLanguage], [strTextString], [intRowStatus], [rowguid], [strMaintenanceFlag], [strReservedAttribute]) VALUES (10081302, 10049004, N'ადამიანის დაავადების ანგარიშის ნიმუში  - იმ თანამშრომლის პერსონალური ID- ის ტიპი, რომელმაც აიღო ნიმუში', 0, NEWID(), NULL, NULL);
INSERT INTO [dbo].[trtStringNameTranslation] ([idfsBaseReference], [idfsLanguage], [strTextString], [intRowStatus], [rowguid], [strMaintenanceFlag], [strReservedAttribute]) VALUES (10081302, 10049001, N'İnsan Xəstəliyi üzrə Hesabat Nümunə - Toplayan işçi Fərdi İN növü', 0, NEWID(), NULL, NULL);
INSERT INTO [dbo].[trtStringNameTranslation] ([idfsBaseReference], [idfsLanguage], [strTextString], [intRowStatus], [rowguid], [strMaintenanceFlag], [strReservedAttribute]) VALUES (10081302, 10049011, N'نموذج عن تقرير الامراض البشرية - نوع  المعرّف الشخصي للموظف الذي جمعه', 0, NEWID(), NULL, NULL);

INSERT INTO [dbo].[trtStringNameTranslation] ([idfsBaseReference], [idfsLanguage], [strTextString], [intRowStatus], [rowguid], [strMaintenanceFlag], [strReservedAttribute]) VALUES (10081303, 10049003, N'Human Disease Report Sample - Tested By', 0, NEWID(), NULL, NULL);
INSERT INTO [dbo].[trtStringNameTranslation] ([idfsBaseReference], [idfsLanguage], [strTextString], [intRowStatus], [rowguid], [strMaintenanceFlag], [strReservedAttribute]) VALUES (10081303, 10049004, N'ადამიანის დაავადების ანგარიშის ნიმუში  - ვის მიერ არის ტესტირებული', 0, NEWID(), NULL, NULL);
INSERT INTO [dbo].[trtStringNameTranslation] ([idfsBaseReference], [idfsLanguage], [strTextString], [intRowStatus], [rowguid], [strMaintenanceFlag], [strReservedAttribute]) VALUES (10081303, 10049001, N'İnsan Xəstəliyi üzrə Hesabat Nümunə - Testi aparan', 0, NEWID(), NULL, NULL);
INSERT INTO [dbo].[trtStringNameTranslation] ([idfsBaseReference], [idfsLanguage], [strTextString], [intRowStatus], [rowguid], [strMaintenanceFlag], [strReservedAttribute]) VALUES (10081303, 10049011, N'نموذج عن تقرير الامراض البشرية - تم اختباره', 0, NEWID(), NULL, NULL);

INSERT INTO [dbo].[trtStringNameTranslation] ([idfsBaseReference], [idfsLanguage], [strTextString], [intRowStatus], [rowguid], [strMaintenanceFlag], [strReservedAttribute]) VALUES (10081304, 10049003, N'Human Disease Report Sample - Tested By Institution', 0, NEWID(), NULL, NULL);
INSERT INTO [dbo].[trtStringNameTranslation] ([idfsBaseReference], [idfsLanguage], [strTextString], [intRowStatus], [rowguid], [strMaintenanceFlag], [strReservedAttribute]) VALUES (10081304, 10049004, N'ადამიანის დაავადების ანგარიშის ნიმუში  - ტესტირებულია დაწესებულების მიერ', 0, NEWID(), NULL, NULL);
INSERT INTO [dbo].[trtStringNameTranslation] ([idfsBaseReference], [idfsLanguage], [strTextString], [intRowStatus], [rowguid], [strMaintenanceFlag], [strReservedAttribute]) VALUES (10081304, 10049001, N'İnsan Xəstəliyi üzrə Hesabat Nümunə - Testi aparan müəssisə', 0, NEWID(), NULL, NULL);
INSERT INTO [dbo].[trtStringNameTranslation] ([idfsBaseReference], [idfsLanguage], [strTextString], [intRowStatus], [rowguid], [strMaintenanceFlag], [strReservedAttribute]) VALUES (10081304, 10049011, N'نموذج عن تقرير الامراض البشرية - اختبرته المؤسسة ', 0, NEWID(), NULL, NULL);


INSERT INTO [dbo].[tasSearchField] ([idfsSearchField], [idfsSearchFieldType], [idfsSearchObject], [idfsReferenceType], [idfsGISReferenceType], [strSearchFieldAlias], [strLookupTable], [intMapDisplayOrder], [intIncidenceDisplayOrder], [blnGeoLocationString], [strCalculatedFieldText], [rowguid], [intRowStatus], [idfsDefaultAggregateFunction], [blnShortAddressString], [strLookupFunction], [strLookupFunctionIdField], [strLookupFunctionNameField], [strLookupAttribute], [blnAllowMissedReferenceValues], [strReservedAttribute]) VALUES (10081301, 10081007, 10082007, NULL, NULL,     'sflHCSample_CollectedByPersonalID', NULL, NULL, NULL, NULL, NULL, NEWID(), 0, 10004003, 0, NULL, NULL, NULL, NULL, 0, NULL);
INSERT INTO [dbo].[tasSearchField] ([idfsSearchField], [idfsSearchFieldType], [idfsSearchObject], [idfsReferenceType], [idfsGISReferenceType], [strSearchFieldAlias], [strLookupTable], [intMapDisplayOrder], [intIncidenceDisplayOrder], [blnGeoLocationString], [strCalculatedFieldText], [rowguid], [intRowStatus], [idfsDefaultAggregateFunction], [blnShortAddressString], [strLookupFunction], [strLookupFunctionIdField], [strLookupFunctionNameField], [strLookupAttribute], [blnAllowMissedReferenceValues], [strReservedAttribute]) VALUES (10081302, 10081007, 10082007, 19000148, NULL, 'sflHCSample_CollectedPersonalIDType', 'rftPersonIDType', NULL, NULL, 0, NULL, NEWID(), 0, 10004003, 0, NULL, NULL, NULL, 'name', 1, NULL);
INSERT INTO [dbo].[tasSearchField] ([idfsSearchField], [idfsSearchFieldType], [idfsSearchObject], [idfsReferenceType], [idfsGISReferenceType], [strSearchFieldAlias], [strLookupTable], [intMapDisplayOrder], [intIncidenceDisplayOrder], [blnGeoLocationString], [strCalculatedFieldText], [rowguid], [intRowStatus], [idfsDefaultAggregateFunction], [blnShortAddressString], [strLookupFunction], [strLookupFunctionIdField], [strLookupFunctionNameField], [strLookupAttribute], [blnAllowMissedReferenceValues], [strReservedAttribute]) VALUES (10081303, 10081007, 10082007, NULL, NULL, 'sflHCSample_TestedByPerson', NULL, NULL, NULL, 0, NULL, NEWID(), 0, 10004003, 0, NULL, NULL, NULL, NULL, 0, NULL);
INSERT INTO [dbo].[tasSearchField] ([idfsSearchField], [idfsSearchFieldType], [idfsSearchObject], [idfsReferenceType], [idfsGISReferenceType], [strSearchFieldAlias], [strLookupTable], [intMapDisplayOrder], [intIncidenceDisplayOrder], [blnGeoLocationString], [strCalculatedFieldText], [rowguid], [intRowStatus], [idfsDefaultAggregateFunction], [blnShortAddressString], [strLookupFunction], [strLookupFunctionIdField], [strLookupFunctionNameField], [strLookupAttribute], [blnAllowMissedReferenceValues], [strReservedAttribute]) VALUES (10081304, 10081007, 10082007, 19000046, NULL, 'sflHCSample_TestedByInstitution', 'Organization', NULL, NULL, 0, NULL, NEWID(), 0, 10004003, 0, NULL, NULL, NULL, 'FullName', 1, NULL);

GO

-- Add extra fields for 'Human Disease Report Test - Sample Status'
INSERT INTO [dbo].[trtBaseReference] ([idfsBaseReference], [idfsReferenceType], [strBaseReferenceCode], [strDefault], [intHACode], [intOrder], [blnSystem], [intRowStatus], [rowguid], [strMaintenanceFlag], [strReservedAttribute]) VALUES (10081305, 19000080, 'sflHCTest_Status', 'Human Disease Report Test - Sample Status', 2, 0, 1, 0, NEWID(), NULL, NULL);  -- using 10080727 as an example
INSERT INTO [dbo].[trtBaseReference] ([idfsBaseReference], [idfsReferenceType], [strBaseReferenceCode], [strDefault], [intHACode], [intOrder], [blnSystem], [intRowStatus], [rowguid], [strMaintenanceFlag], [strReservedAttribute]) VALUES (10081306, 19000080, 'sflHCTest_TestedByPerson', 'Human Disease Report Test - Tested By', 2, 0, 1, 0, NEWID(), NULL, NULL);  -- using 10080434 as an example
INSERT INTO [dbo].[trtBaseReference] ([idfsBaseReference], [idfsReferenceType], [strBaseReferenceCode], [strDefault], [intHACode], [intOrder], [blnSystem], [intRowStatus], [rowguid], [strMaintenanceFlag], [strReservedAttribute]) VALUES (10081307, 19000080, 'sflHCTest_TestedByInstitution', 'Human Disease Report Test - Tested By Institution', 2, 0, 1, 0, NEWID(), NULL, NULL);  -- using 10080408 as an example

INSERT INTO [dbo].[trtStringNameTranslation] ([idfsBaseReference], [idfsLanguage], [strTextString], [intRowStatus], [rowguid], [strMaintenanceFlag], [strReservedAttribute]) VALUES (10081305, 10049003, N'Human Disease Report Test - Sample Status', 0, NEWID(), NULL, NULL);
INSERT INTO [dbo].[trtStringNameTranslation] ([idfsBaseReference], [idfsLanguage], [strTextString], [intRowStatus], [rowguid], [strMaintenanceFlag], [strReservedAttribute]) VALUES (10081305, 10049004, N'ადამიანის დაავადების ანგარიშის ტესტი - ნიმუშის სტატუსი', 0, NEWID(), NULL, NULL);
INSERT INTO [dbo].[trtStringNameTranslation] ([idfsBaseReference], [idfsLanguage], [strTextString], [intRowStatus], [rowguid], [strMaintenanceFlag], [strReservedAttribute]) VALUES (10081305, 10049001, N'İnsan Xəstəliyi üzrə Hesabat Test - Nümunənin statusu', 0, NEWID(), NULL, NULL);
INSERT INTO [dbo].[trtStringNameTranslation] ([idfsBaseReference], [idfsLanguage], [strTextString], [intRowStatus], [rowguid], [strMaintenanceFlag], [strReservedAttribute]) VALUES (10081305, 10049011, N'اختبار  تقرير الامراض البشرية - حالة العينة', 0, NEWID(), NULL, NULL);

INSERT INTO [dbo].[trtStringNameTranslation] ([idfsBaseReference], [idfsLanguage], [strTextString], [intRowStatus], [rowguid], [strMaintenanceFlag], [strReservedAttribute]) VALUES (10081306, 10049003, N'Human Disease Report Test - Tested By', 0, NEWID(), NULL, NULL);
INSERT INTO [dbo].[trtStringNameTranslation] ([idfsBaseReference], [idfsLanguage], [strTextString], [intRowStatus], [rowguid], [strMaintenanceFlag], [strReservedAttribute]) VALUES (10081306, 10049004, N'ადამიანის დაავადების ანგარიშის ტესტი - ვის მიერ არის ტესტირებული', 0, NEWID(), NULL, NULL);
INSERT INTO [dbo].[trtStringNameTranslation] ([idfsBaseReference], [idfsLanguage], [strTextString], [intRowStatus], [rowguid], [strMaintenanceFlag], [strReservedAttribute]) VALUES (10081306, 10049001, N'İnsan Xəstəliyi üzrə Hesabat Test - Testi aparan', 0, NEWID(), NULL, NULL);
INSERT INTO [dbo].[trtStringNameTranslation] ([idfsBaseReference], [idfsLanguage], [strTextString], [intRowStatus], [rowguid], [strMaintenanceFlag], [strReservedAttribute]) VALUES (10081306, 10049011, N'اختبار  تقرير الامراض البشرية - تم اختباره', 0, NEWID(), NULL, NULL);

INSERT INTO [dbo].[trtStringNameTranslation] ([idfsBaseReference], [idfsLanguage], [strTextString], [intRowStatus], [rowguid], [strMaintenanceFlag], [strReservedAttribute]) VALUES (10081307, 10049003, N'Human Disease Report Test - Tested By Institution', 0, NEWID(), NULL, NULL);
INSERT INTO [dbo].[trtStringNameTranslation] ([idfsBaseReference], [idfsLanguage], [strTextString], [intRowStatus], [rowguid], [strMaintenanceFlag], [strReservedAttribute]) VALUES (10081307, 10049004, N'ადამიანის დაავადების ანგარიშის ტესტი - ტესტირებულია დაწესებულების მიერ', 0, NEWID(), NULL, NULL);
INSERT INTO [dbo].[trtStringNameTranslation] ([idfsBaseReference], [idfsLanguage], [strTextString], [intRowStatus], [rowguid], [strMaintenanceFlag], [strReservedAttribute]) VALUES (10081307, 10049001, N'İnsan Xəstəliyi üzrə Hesabat Test - Testi aparan müəssisə', 0, NEWID(), NULL, NULL);
INSERT INTO [dbo].[trtStringNameTranslation] ([idfsBaseReference], [idfsLanguage], [strTextString], [intRowStatus], [rowguid], [strMaintenanceFlag], [strReservedAttribute]) VALUES (10081307, 10049011, N'اختبار  تقرير الامراض البشرية - تم اختباره من المؤسسة ', 0, NEWID(), NULL, NULL);

INSERT INTO [dbo].[tasSearchField] ([idfsSearchField], [idfsSearchFieldType], [idfsSearchObject], [idfsReferenceType], [idfsGISReferenceType], [strSearchFieldAlias], [strLookupTable], [intMapDisplayOrder], [intIncidenceDisplayOrder], [blnGeoLocationString], [strCalculatedFieldText], [rowguid], [intRowStatus], [idfsDefaultAggregateFunction], [blnShortAddressString], [strLookupFunction], [strLookupFunctionIdField], [strLookupFunctionNameField], [strLookupAttribute], [blnAllowMissedReferenceValues], [strReservedAttribute]) VALUES (10081305, 10081007, 10082008, 19000015, NULL, 'sflHC_Status', 'rftSampleStatus', NULL, NULL, 0, NULL, NEWID(), 0, 10004003, 0, NULL, NULL, NULL, 'name', 1, NULL);
INSERT INTO [dbo].[tasSearchField] ([idfsSearchField], [idfsSearchFieldType], [idfsSearchObject], [idfsReferenceType], [idfsGISReferenceType], [strSearchFieldAlias], [strLookupTable], [intMapDisplayOrder], [intIncidenceDisplayOrder], [blnGeoLocationString], [strCalculatedFieldText], [rowguid], [intRowStatus], [idfsDefaultAggregateFunction], [blnShortAddressString], [strLookupFunction], [strLookupFunctionIdField], [strLookupFunctionNameField], [strLookupAttribute], [blnAllowMissedReferenceValues], [strReservedAttribute]) VALUES (10081306, 10081007, 10082008, NULL, NULL, 'sflHC_TestedByPerson', NULL, NULL, NULL, 0, NULL, NEWID(), 0, 10004003, 0, NULL, NULL, NULL, NULL, 0, NULL);
INSERT INTO [dbo].[tasSearchField] ([idfsSearchField], [idfsSearchFieldType], [idfsSearchObject], [idfsReferenceType], [idfsGISReferenceType], [strSearchFieldAlias], [strLookupTable], [intMapDisplayOrder], [intIncidenceDisplayOrder], [blnGeoLocationString], [strCalculatedFieldText], [rowguid], [intRowStatus], [idfsDefaultAggregateFunction], [blnShortAddressString], [strLookupFunction], [strLookupFunctionIdField], [strLookupFunctionNameField], [strLookupAttribute], [blnAllowMissedReferenceValues], [strReservedAttribute]) VALUES (10081307, 10081007, 10082008, 19000046, NULL, 'sflHC_TestedByInstitution', 'Organization', NULL, NULL, 0, NULL, NEWID(), 0, 10004003, 0, NULL, NULL, NULL, 'FullName', 1, NULL);

GO

-- Add extra fields for 'Vector Surveillance Session - Pool/Vector'
INSERT INTO [dbo].[trtBaseReference] ([idfsBaseReference], [idfsReferenceType], [strBaseReferenceCode], [strDefault], [intHACode], [intOrder], [blnSystem], [intRowStatus], [rowguid], [strMaintenanceFlag], [strReservedAttribute]) VALUES (10081308, 19000080, 'sflPV_PersonID', N'Pool/Vector - Identified by Personal ID', 226, 0, 1, 0, NEWID(), NULL, NULL); -- using 10080849 and 10080431 as an example
INSERT INTO [dbo].[trtBaseReference] ([idfsBaseReference], [idfsReferenceType], [strBaseReferenceCode], [strDefault], [intHACode], [intOrder], [blnSystem], [intRowStatus], [rowguid], [strMaintenanceFlag], [strReservedAttribute]) VALUES (10081309, 19000080, 'sflPV_PersonalIDType', 'Pool/Vector - Identified By Personal ID Type', 226, 0, 1, 0, NEWID(), NULL, NULL);  -- using 10080580 as an example

INSERT INTO [dbo].[trtStringNameTranslation] ([idfsBaseReference], [idfsLanguage], [strTextString], [intRowStatus], [rowguid], [strMaintenanceFlag], [strReservedAttribute]) VALUES (10081308, 10049003, N'Pool/Vector - Identified by Personal ID', 0, NEWID(), NULL, NULL);
INSERT INTO [dbo].[trtStringNameTranslation] ([idfsBaseReference], [idfsLanguage], [strTextString], [intRowStatus], [rowguid], [strMaintenanceFlag], [strReservedAttribute]) VALUES (10081308, 10049004, N'პული/ვექტორი - იმ პიროვნების პერსონალური ID, რომლის მიერაც არის იდენტიფიცირებული', 0, NEWID(), NULL, NULL);
INSERT INTO [dbo].[trtStringNameTranslation] ([idfsBaseReference], [idfsLanguage], [strTextString], [intRowStatus], [rowguid], [strMaintenanceFlag], [strReservedAttribute]) VALUES (10081308, 10049001, N'Hövzə/Keçirici - Təyin edən şəxsin Fərdi İN', 0, NEWID(), NULL, NULL);
INSERT INTO [dbo].[trtStringNameTranslation] ([idfsBaseReference], [idfsLanguage], [strTextString], [intRowStatus], [rowguid], [strMaintenanceFlag], [strReservedAttribute]) VALUES (10081308, 10049011, N'تجميعة  /  ناقِل  - معرّف بواسطة المعرّف الشخصي ', 0, NEWID(), NULL, NULL);

INSERT INTO [dbo].[trtStringNameTranslation] ([idfsBaseReference], [idfsLanguage], [strTextString], [intRowStatus], [rowguid], [strMaintenanceFlag], [strReservedAttribute]) VALUES (10081309, 10049003, N'Pool/Vector - Identified By Personal ID Type', 0, NEWID(), NULL, NULL);
INSERT INTO [dbo].[trtStringNameTranslation] ([idfsBaseReference], [idfsLanguage], [strTextString], [intRowStatus], [rowguid], [strMaintenanceFlag], [strReservedAttribute]) VALUES (10081309, 10049004, N'პული/ვექტორი - იმ პიროვნების პერსონალური ID-ის ტიპი,  რომლის მიერაც არის იდენტიფიცირებული', 0, NEWID(), NULL, NULL);
INSERT INTO [dbo].[trtStringNameTranslation] ([idfsBaseReference], [idfsLanguage], [strTextString], [intRowStatus], [rowguid], [strMaintenanceFlag], [strReservedAttribute]) VALUES (10081309, 10049001, N'Hövzə/Keçirici - Təyin edən şəxsin Fərdi İN növü', 0, NEWID(), NULL, NULL);
INSERT INTO [dbo].[trtStringNameTranslation] ([idfsBaseReference], [idfsLanguage], [strTextString], [intRowStatus], [rowguid], [strMaintenanceFlag], [strReservedAttribute]) VALUES (10081309, 10049011, N'تجميعة  /  ناقِل -  نوع المعرّف الشخصي الذي تم التعرّف عليه', 0, NEWID(), NULL, NULL);

INSERT INTO [dbo].[tasSearchField] ([idfsSearchField], [idfsSearchFieldType], [idfsSearchObject], [idfsReferenceType], [idfsGISReferenceType], [strSearchFieldAlias], [strLookupTable], [intMapDisplayOrder], [intIncidenceDisplayOrder], [blnGeoLocationString], [strCalculatedFieldText], [rowguid], [intRowStatus], [idfsDefaultAggregateFunction], [blnShortAddressString], [strLookupFunction], [strLookupFunctionIdField], [strLookupFunctionNameField], [strLookupAttribute], [blnAllowMissedReferenceValues], [strReservedAttribute]) VALUES (10081308, 10081007, 10082034, NULL, NULL, 'sflPV_PersonID', NULL, NULL, NULL, NULL, NULL, NEWID(), 0, 10004003, 0, NULL, NULL, NULL, NULL, 0, NULL);
INSERT INTO [dbo].[tasSearchField] ([idfsSearchField], [idfsSearchFieldType], [idfsSearchObject], [idfsReferenceType], [idfsGISReferenceType], [strSearchFieldAlias], [strLookupTable], [intMapDisplayOrder], [intIncidenceDisplayOrder], [blnGeoLocationString], [strCalculatedFieldText], [rowguid], [intRowStatus], [idfsDefaultAggregateFunction], [blnShortAddressString], [strLookupFunction], [strLookupFunctionIdField], [strLookupFunctionNameField], [strLookupAttribute], [blnAllowMissedReferenceValues], [strReservedAttribute]) VALUES (10081309, 10081007, 10082034, 19000148, NULL, 'sflPV_PersonalIDType', 'rftPersonIDType', NULL, NULL, 0, NULL, NEWID(), 0, 10004003, 0, NULL, NULL, NULL, 'name', 1, NULL);

INSERT INTO [dbo].[tasFieldSourceForTable]([idfsSearchField], [idfUnionSearchTable], [idfSearchTable], [strFieldText], [rowguid], [strReservedAttribute], [SourceSystemNameID], [SourceSystemKeyValue], [AuditCreateUser], [AuditCreateDTM], [AuditUpdateUser], [AuditUpdateDTM]) VALUES (10081308, 4583090000015, 4583090000007, N'p_cby_v{0}.idfPerson', NEWID(), N'', 10519001, N'', N'', GETDATE(), N'', GETDATE())
INSERT INTO [dbo].[tasFieldSourceForTable]([idfsSearchField], [idfUnionSearchTable], [idfSearchTable], [strFieldText], [rowguid], [strReservedAttribute], [SourceSystemNameID], [SourceSystemKeyValue], [AuditCreateUser], [AuditCreateDTM], [AuditUpdateUser], [AuditUpdateDTM]) VALUES (10081309, 4583090000015, 4583090000007, N'p_cby_v{0}.PersonalIDTypeID', NEWID(), N'', 10519001, N'', N'', GETDATE(), N'', GETDATE())

GO

-- Add extra fields for 'Vector Surveillance Session - Vector Field Test'
INSERT INTO [dbo].[trtBaseReference] ([idfsBaseReference], [idfsReferenceType], [strBaseReferenceCode], [strDefault], [intHACode], [intOrder], [blnSystem], [intRowStatus], [rowguid], [strMaintenanceFlag], [strReservedAttribute]) VALUES (10081310, 19000080, 'sflVPFieldTest_PersonID', N'VS Field Test - Tested By Personal ID', 226, 0, 1, 0, NEWID(), NULL, NULL); -- using 10080849 and 10080431 as an example
INSERT INTO [dbo].[trtBaseReference] ([idfsBaseReference], [idfsReferenceType], [strBaseReferenceCode], [strDefault], [intHACode], [intOrder], [blnSystem], [intRowStatus], [rowguid], [strMaintenanceFlag], [strReservedAttribute]) VALUES (10081311, 19000080, 'sflVPFieldTest_PersonalIDType', 'VS Field Test - Tested By Personal ID Type', 226, 0, 1, 0, NEWID(), NULL, NULL);  -- using 10080580 as an example

INSERT INTO [dbo].[trtStringNameTranslation] ([idfsBaseReference], [idfsLanguage], [strTextString], [intRowStatus], [rowguid], [strMaintenanceFlag], [strReservedAttribute]) VALUES (10081310, 10049003, N'VS Field Test - Tested By Personal ID', 0, NEWID(), NULL, NULL);
INSERT INTO [dbo].[trtStringNameTranslation] ([idfsBaseReference], [idfsLanguage], [strTextString], [intRowStatus], [rowguid], [strMaintenanceFlag], [strReservedAttribute]) VALUES (10081310, 10049004, N'ვზ - ის  საველე ტესტი - იმ პიროვნების პერსონალური ID, რომლის მიერაც არის ტესტირებული', 0, NEWID(), NULL, NULL);
INSERT INTO [dbo].[trtStringNameTranslation] ([idfsBaseReference], [idfsLanguage], [strTextString], [intRowStatus], [rowguid], [strMaintenanceFlag], [strReservedAttribute]) VALUES (10081310, 10049001, N'Keçiricilərə Nəzarət Təcili Test - Testi aparan şəxsin Fərdi İN', 0, NEWID(), NULL, NULL);
INSERT INTO [dbo].[trtStringNameTranslation] ([idfsBaseReference], [idfsLanguage], [strTextString], [intRowStatus], [rowguid], [strMaintenanceFlag], [strReservedAttribute]) VALUES (10081310, 10049011, N'الاختبار  الميداني لمراقبة الناقِل - تم اختباره من المعرّف الشخصي ', 0, NEWID(), NULL, NULL);

INSERT INTO [dbo].[trtStringNameTranslation] ([idfsBaseReference], [idfsLanguage], [strTextString], [intRowStatus], [rowguid], [strMaintenanceFlag], [strReservedAttribute]) VALUES (10081311, 10049003, N'VS Field Test - Tested By Personal ID Type', 0, NEWID(), NULL, NULL);
INSERT INTO [dbo].[trtStringNameTranslation] ([idfsBaseReference], [idfsLanguage], [strTextString], [intRowStatus], [rowguid], [strMaintenanceFlag], [strReservedAttribute]) VALUES (10081311, 10049004, N'ვზ - ის  საველე ტესტი - იმ პიროვნების პერსონალური ID-ის ტიპი, რომლის მიერაც არის ტესტირებული', 0, NEWID(), NULL, NULL);
INSERT INTO [dbo].[trtStringNameTranslation] ([idfsBaseReference], [idfsLanguage], [strTextString], [intRowStatus], [rowguid], [strMaintenanceFlag], [strReservedAttribute]) VALUES (10081311, 10049001, N'Keçiricilərə Nəzarət Təcili Test - Testi aparan şəxsin Fərdi İN növü', 0, NEWID(), NULL, NULL);
INSERT INTO [dbo].[trtStringNameTranslation] ([idfsBaseReference], [idfsLanguage], [strTextString], [intRowStatus], [rowguid], [strMaintenanceFlag], [strReservedAttribute]) VALUES (10081311, 10049011, N'الاختبار  الميداني لمراقبة الناقِل - نوع المعرّف الشخصي الذي تم الاختبار به ', 0, NEWID(), NULL, NULL);

INSERT INTO [dbo].[tasSearchField] ([idfsSearchField], [idfsSearchFieldType], [idfsSearchObject], [idfsReferenceType], [idfsGISReferenceType], [strSearchFieldAlias], [strLookupTable], [intMapDisplayOrder], [intIncidenceDisplayOrder], [blnGeoLocationString], [strCalculatedFieldText], [rowguid], [intRowStatus], [idfsDefaultAggregateFunction], [blnShortAddressString], [strLookupFunction], [strLookupFunctionIdField], [strLookupFunctionNameField], [strLookupAttribute], [blnAllowMissedReferenceValues], [strReservedAttribute]) VALUES (10081310, 10081007, 10082037, NULL, NULL, 'sflVPFieldTest_PersonID', NULL, NULL, NULL, NULL, NULL, NEWID(), 0, 10004003, 0, NULL, NULL, NULL, NULL, 0, NULL);
INSERT INTO [dbo].[tasSearchField] ([idfsSearchField], [idfsSearchFieldType], [idfsSearchObject], [idfsReferenceType], [idfsGISReferenceType], [strSearchFieldAlias], [strLookupTable], [intMapDisplayOrder], [intIncidenceDisplayOrder], [blnGeoLocationString], [strCalculatedFieldText], [rowguid], [intRowStatus], [idfsDefaultAggregateFunction], [blnShortAddressString], [strLookupFunction], [strLookupFunctionIdField], [strLookupFunctionNameField], [strLookupAttribute], [blnAllowMissedReferenceValues], [strReservedAttribute]) VALUES (10081311, 10081007, 10082037, 19000148, NULL, 'sflVPFieldTest_PersonalIDType', 'rftPersonIDType', NULL, NULL, 0, NULL, NEWID(), 0, 10004003, 0, NULL, NULL, NULL, 'name', 1, NULL);

INSERT INTO [dbo].[tasFieldSourceForTable]([idfsSearchField], [idfUnionSearchTable], [idfSearchTable], [strFieldText], [rowguid], [strReservedAttribute], [SourceSystemNameID], [SourceSystemKeyValue], [AuditCreateUser], [AuditCreateDTM], [AuditUpdateUser], [AuditUpdateDTM]) VALUES (10081310, 4583090000015, 4583090000019, N'tby_p{0}.idfPerson', NEWID(), N'', 10519001, N'', N'', GETDATE(), N'', GETDATE())
INSERT INTO [dbo].[tasFieldSourceForTable]([idfsSearchField], [idfUnionSearchTable], [idfSearchTable], [strFieldText], [rowguid], [strReservedAttribute], [SourceSystemNameID], [SourceSystemKeyValue], [AuditCreateUser], [AuditCreateDTM], [AuditUpdateUser], [AuditUpdateDTM]) VALUES (10081311, 4583090000015, 4583090000019, N'tby_p{0}.PersonalIDTypeID', NEWID(), N'', 10519001, N'', N'', GETDATE(), N'', GETDATE())

GO

-- Add extra fields for 'Vector Surveillance Session - Vector Lab Test'
INSERT INTO [dbo].[trtBaseReference] ([idfsBaseReference], [idfsReferenceType], [strBaseReferenceCode], [strDefault], [intHACode], [intOrder], [blnSystem], [intRowStatus], [rowguid], [strMaintenanceFlag], [strReservedAttribute]) VALUES (10081312, 19000080, 'sflVPLabTest_PersonID', N'VS Lab Test - Tested By Personal ID', 226, 0, 1, 0, NEWID(), NULL, NULL); -- using 10080849 and 10080431 as an example
INSERT INTO [dbo].[trtBaseReference] ([idfsBaseReference], [idfsReferenceType], [strBaseReferenceCode], [strDefault], [intHACode], [intOrder], [blnSystem], [intRowStatus], [rowguid], [strMaintenanceFlag], [strReservedAttribute]) VALUES (10081313, 19000080, 'sflVPLabTest_PersonalIDType', 'VS Lab Test - Tested By Personal ID Type', 226, 0, 1, 0, NEWID(), NULL, NULL);  -- using 10080580 as an example

INSERT INTO [dbo].[trtStringNameTranslation] ([idfsBaseReference], [idfsLanguage], [strTextString], [intRowStatus], [rowguid], [strMaintenanceFlag], [strReservedAttribute]) VALUES (10081312, 10049003, N'VS Lab Test - Tested By Personal ID', 0, NEWID(), NULL, NULL);
INSERT INTO [dbo].[trtStringNameTranslation] ([idfsBaseReference], [idfsLanguage], [strTextString], [intRowStatus], [rowguid], [strMaintenanceFlag], [strReservedAttribute]) VALUES (10081312, 10049004, N'ვზ - ის ლაბორატორიული ტესტი  - იმ პიროვნების პერსონალური ID-ი, რომლის მიერაც არის ტესტირებული', 0, NEWID(), NULL, NULL);
INSERT INTO [dbo].[trtStringNameTranslation] ([idfsBaseReference], [idfsLanguage], [strTextString], [intRowStatus], [rowguid], [strMaintenanceFlag], [strReservedAttribute]) VALUES (10081312, 10049001, N'Keçiricilərə Nəzarət Laborator Test - Testi aparan şəxsin Fərdi İN', 0, NEWID(), NULL, NULL);
INSERT INTO [dbo].[trtStringNameTranslation] ([idfsBaseReference], [idfsLanguage], [strTextString], [intRowStatus], [rowguid], [strMaintenanceFlag], [strReservedAttribute]) VALUES (10081312, 10049011, N'الاختبار المخبري لمراقبة الناقِل  -  تم اختباره من المعرّف الشخصي ', 0, NEWID(), NULL, NULL);

INSERT INTO [dbo].[trtStringNameTranslation] ([idfsBaseReference], [idfsLanguage], [strTextString], [intRowStatus], [rowguid], [strMaintenanceFlag], [strReservedAttribute]) VALUES (10081313, 10049003, N'VS Lab Test - Tested By Personal ID Type', 0, NEWID(), NULL, NULL);
INSERT INTO [dbo].[trtStringNameTranslation] ([idfsBaseReference], [idfsLanguage], [strTextString], [intRowStatus], [rowguid], [strMaintenanceFlag], [strReservedAttribute]) VALUES (10081313, 10049004, N'ვზ - ის ლაბორატორიული ტესტი - იმ პიროვნების პერსონალური ID-ის ტიპი, რომლის მიერაც არის ტესტირებული', 0, NEWID(), NULL, NULL);
INSERT INTO [dbo].[trtStringNameTranslation] ([idfsBaseReference], [idfsLanguage], [strTextString], [intRowStatus], [rowguid], [strMaintenanceFlag], [strReservedAttribute]) VALUES (10081313, 10049001, N'Keçiricilərə Nəzarət Laborator Test - Testi aparan şəxsin Fərdi İN növü', 0, NEWID(), NULL, NULL);
INSERT INTO [dbo].[trtStringNameTranslation] ([idfsBaseReference], [idfsLanguage], [strTextString], [intRowStatus], [rowguid], [strMaintenanceFlag], [strReservedAttribute]) VALUES (10081313, 10049011, N'الاختبار المخبري لمراقبة الناقِل - نوع المعرّف الشخصي الذي تم الاختبار به ', 0, NEWID(), NULL, NULL);

INSERT INTO [dbo].[tasSearchField] ([idfsSearchField], [idfsSearchFieldType], [idfsSearchObject], [idfsReferenceType], [idfsGISReferenceType], [strSearchFieldAlias], [strLookupTable], [intMapDisplayOrder], [intIncidenceDisplayOrder], [blnGeoLocationString], [strCalculatedFieldText], [rowguid], [intRowStatus], [idfsDefaultAggregateFunction], [blnShortAddressString], [strLookupFunction], [strLookupFunctionIdField], [strLookupFunctionNameField], [strLookupAttribute], [blnAllowMissedReferenceValues], [strReservedAttribute]) VALUES (10081312, 10081007, 10082036, NULL, NULL, 'sflVPLabTest_PersonID', NULL, NULL, NULL, NULL, NULL, NEWID(), 0, 10004003, 0, NULL, NULL, NULL, NULL, 0, NULL);
INSERT INTO [dbo].[tasSearchField] ([idfsSearchField], [idfsSearchFieldType], [idfsSearchObject], [idfsReferenceType], [idfsGISReferenceType], [strSearchFieldAlias], [strLookupTable], [intMapDisplayOrder], [intIncidenceDisplayOrder], [blnGeoLocationString], [strCalculatedFieldText], [rowguid], [intRowStatus], [idfsDefaultAggregateFunction], [blnShortAddressString], [strLookupFunction], [strLookupFunctionIdField], [strLookupFunctionNameField], [strLookupAttribute], [blnAllowMissedReferenceValues], [strReservedAttribute]) VALUES (10081313, 10081007, 10082036, 19000148, NULL, 'sflVPLabTest_PersonalIDType', 'rftPersonIDType', NULL, NULL, 0, NULL, NEWID(), 0, 10004003, 0, NULL, NULL, NULL, 'name', 1, NULL);

INSERT INTO [dbo].[tasFieldSourceForTable]([idfsSearchField], [idfUnionSearchTable], [idfSearchTable], [strFieldText], [rowguid], [strReservedAttribute], [SourceSystemNameID], [SourceSystemKeyValue], [AuditCreateUser], [AuditCreateDTM], [AuditUpdateUser], [AuditUpdateDTM]) VALUES (10081312, 4583090000015, 4583090000019, N'tby_p{0}.idfPerson', NEWID(), N'', 10519001, N'', N'', GETDATE(), N'', GETDATE())
INSERT INTO [dbo].[tasFieldSourceForTable]([idfsSearchField], [idfUnionSearchTable], [idfSearchTable], [strFieldText], [rowguid], [strReservedAttribute], [SourceSystemNameID], [SourceSystemKeyValue], [AuditCreateUser], [AuditCreateDTM], [AuditUpdateUser], [AuditUpdateDTM]) VALUES (10081313, 4583090000015, 4583090000019, N'tby_p{0}.PersonalIDTypeID', NEWID(), N'', 10519001, N'', N'', GETDATE(), N'', GETDATE())

GO

-- Add extra fields for 'Vector Surveillance Session - Vector Surveillance Session'
UPDATE [dbo].[trtStringNameTranslation] SET [strTextString]= N'ვზ -ის სესია - აფეთქების ID' WHERE [idfsBaseReference] = 10080348 AND [idfsLanguage] = 10049004
UPDATE [dbo].[trtStringNameTranslation] SET [strTextString]= N'Keçiricilərə Nəzarət Sessiyası - Alovlanmanın Q/N-si' WHERE [idfsBaseReference] = 10080348 AND [idfsLanguage] = 10049001
UPDATE [dbo].[trtStringNameTranslation] SET [strTextString]= N'جلسة مراقبة الناقِل - معرّف التفشي ' WHERE [idfsBaseReference] = 10080348 AND [idfsLanguage] = 10049011

INSERT INTO [dbo].[trtBaseReference] ([idfsBaseReference], [idfsReferenceType], [strBaseReferenceCode], [strDefault], [intHACode], [intOrder], [blnSystem], [intRowStatus], [rowguid], [strMaintenanceFlag], [strReservedAttribute]) VALUES (10081314, 19000080, 'rftOutbreakType', N'VS Session - Outbreak Type', 32, 5, NULL, 0, NEWID(), NULL, NULL); -- maybe using 10080886 as an example

INSERT INTO [dbo].[trtStringNameTranslation] ([idfsBaseReference], [idfsLanguage], [strTextString], [intRowStatus], [rowguid], [strMaintenanceFlag], [strReservedAttribute]) VALUES (10081314, 10049003, N'VS Session - Outbreak Type', 0, NEWID(), NULL, NULL);
INSERT INTO [dbo].[trtStringNameTranslation] ([idfsBaseReference], [idfsLanguage], [strTextString], [intRowStatus], [rowguid], [strMaintenanceFlag], [strReservedAttribute]) VALUES (10081314, 10049004, N'ვზ-ის სესია  - აფეთქების ტიპი', 0, NEWID(), NULL, NULL);
INSERT INTO [dbo].[trtStringNameTranslation] ([idfsBaseReference], [idfsLanguage], [strTextString], [intRowStatus], [rowguid], [strMaintenanceFlag], [strReservedAttribute]) VALUES (10081314, 10049001, N'Keçiricilərə Nəzarət Sessiyası - Alovlanma növü', 0, NEWID(), NULL, NULL);
INSERT INTO [dbo].[trtStringNameTranslation] ([idfsBaseReference], [idfsLanguage], [strTextString], [intRowStatus], [rowguid], [strMaintenanceFlag], [strReservedAttribute]) VALUES (10081314, 10049011, N'جلسة مراقبة الناقِل -نوع معرّف التفشي ', 0, NEWID(), NULL, NULL);

INSERT INTO [dbo].[tasSearchField] ([idfsSearchField], [idfsSearchFieldType], [idfsSearchObject], [idfsReferenceType], [idfsGISReferenceType], [strSearchFieldAlias], [strLookupTable], [intMapDisplayOrder], [intIncidenceDisplayOrder], [blnGeoLocationString], [strCalculatedFieldText], [rowguid], [intRowStatus], [idfsDefaultAggregateFunction], [blnShortAddressString], [strLookupFunction], [strLookupFunctionIdField], [strLookupFunctionNameField], [strLookupAttribute], [blnAllowMissedReferenceValues], [strReservedAttribute]) VALUES (10081314, 10081007, 10082033, 19000513, NULL, 'sflVssOutbreak_Type', 'OutbreakType', NULL, NULL, NULL, NULL, NEWID(), 0, 10004003, 0, NULL, NULL, NULL, 'name', 1, NULL); -- newly created object type, see spOutbreakTypeSelectLookup

INSERT INTO [dbo].[tasFieldSourceForTable]([idfsSearchField], [idfUnionSearchTable], [idfSearchTable], [strFieldText], [rowguid], [strReservedAttribute], [SourceSystemNameID], [SourceSystemKeyValue], [AuditCreateUser], [AuditCreateDTM], [AuditUpdateUser], [AuditUpdateDTM]) VALUES (10081314, 4583090000015, 4582900000000, N'outb{0}.OutbreakTypeID', NEWID(), N'', 10519001, N'', N'', GETDATE(), N'', GETDATE())

GO

-- Add 'Vet Disease Report' (10082020) fields
INSERT INTO [dbo].[trtBaseReference] ([idfsBaseReference], [idfsReferenceType], [strBaseReferenceCode], [strDefault], [intHACode], [intOrder], [blnSystem], [intRowStatus], [rowguid], [strMaintenanceFlag], [strReservedAttribute]) VALUES (10081324, 19000080, 'sflVC_CollectedByPersonID', 'Vet Disease Report - Entered By Officer Personal ID', 226, 0, 1, 0, NEWID(), NULL, NULL);  -- using 10080581 as an example
INSERT INTO [dbo].[trtBaseReference] ([idfsBaseReference], [idfsReferenceType], [strBaseReferenceCode], [strDefault], [intHACode], [intOrder], [blnSystem], [intRowStatus], [rowguid], [strMaintenanceFlag], [strReservedAttribute]) VALUES (10081325, 19000080, 'sflVC_CollectedByPersonalIDType', 'Vet Disease Report - Entered By Officer Personal ID Type', 226, 0, 1, 0, NEWID(), NULL, NULL);  -- using 10080580 as an example

INSERT INTO [dbo].[trtStringNameTranslation] ([idfsBaseReference], [idfsLanguage], [strTextString], [intRowStatus], [rowguid], [strMaintenanceFlag], [strReservedAttribute]) VALUES (10081324, 10049003, N'Vet Disease Report - Entered By Officer Personal ID', 0, NEWID(), NULL, NULL);
INSERT INTO [dbo].[trtStringNameTranslation] ([idfsBaseReference], [idfsLanguage], [strTextString], [intRowStatus], [rowguid], [strMaintenanceFlag], [strReservedAttribute]) VALUES (10081324, 10049004, N'ვეტერინარული დაავადების ანგარიში - იმ თანამშრომლის პერსონალური ID, რომელმაც შეიყვანა ანგარიში', 0, NEWID(), NULL, NULL);
INSERT INTO [dbo].[trtStringNameTranslation] ([idfsBaseReference], [idfsLanguage], [strTextString], [intRowStatus], [rowguid], [strMaintenanceFlag], [strReservedAttribute]) VALUES (10081324, 10049001, N'Baytarlıq Xəstəliyi Hesabatı - Daxil edən işçinin Fərdi İN', 0, NEWID(), NULL, NULL);
INSERT INTO [dbo].[trtStringNameTranslation] ([idfsBaseReference], [idfsLanguage], [strTextString], [intRowStatus], [rowguid], [strMaintenanceFlag], [strReservedAttribute]) VALUES (10081324, 10049011, N'تقرير عن الامراض البيطرية - أدخلها المعرّف الشخصي للموظف ', 0, NEWID(), NULL, NULL);

INSERT INTO [dbo].[trtStringNameTranslation] ([idfsBaseReference], [idfsLanguage], [strTextString], [intRowStatus], [rowguid], [strMaintenanceFlag], [strReservedAttribute]) VALUES (10081325, 10049003, N'Vet Disease Report - Entered By Officer Personal ID Type', 0, NEWID(), NULL, NULL);
INSERT INTO [dbo].[trtStringNameTranslation] ([idfsBaseReference], [idfsLanguage], [strTextString], [intRowStatus], [rowguid], [strMaintenanceFlag], [strReservedAttribute]) VALUES (10081325, 10049004, N'ვეტერინარული დაავადების ანგარიში -  იმ თანამშრომლის პერსონალური ID- ის ტიპი, რომელმაც შეიყვანა ანგარიში', 0, NEWID(), NULL, NULL);
INSERT INTO [dbo].[trtStringNameTranslation] ([idfsBaseReference], [idfsLanguage], [strTextString], [intRowStatus], [rowguid], [strMaintenanceFlag], [strReservedAttribute]) VALUES (10081325, 10049001, N'Baytarlıq Xəstəliyi Hesabatı - Daxil edən işçinin Fərdi İN növü', 0, NEWID(), NULL, NULL);
INSERT INTO [dbo].[trtStringNameTranslation] ([idfsBaseReference], [idfsLanguage], [strTextString], [intRowStatus], [rowguid], [strMaintenanceFlag], [strReservedAttribute]) VALUES (10081325, 10049011, N'تقرير عن الامراض البيطرية - نوع المعرّف الشخصي للموظف الذي تم الادخال من خلاله', 0, NEWID(), NULL, NULL);

INSERT INTO [dbo].[tasSearchField] ([idfsSearchField], [idfsSearchFieldType], [idfsSearchObject], [idfsReferenceType], [idfsGISReferenceType], [strSearchFieldAlias], [strLookupTable], [intMapDisplayOrder], [intIncidenceDisplayOrder], [blnGeoLocationString], [strCalculatedFieldText], [rowguid], [intRowStatus], [idfsDefaultAggregateFunction], [blnShortAddressString], [strLookupFunction], [strLookupFunctionIdField], [strLookupFunctionNameField], [strLookupAttribute], [blnAllowMissedReferenceValues], [strReservedAttribute]) VALUES (10081324, 10081007, 10082020, NULL, NULL, 'sflVC_CollectedByPersonalID', NULL, NULL, NULL, NULL, NULL, NEWID(), 0, 10004003, 0, NULL, NULL, NULL, NULL, 0, NULL);
INSERT INTO [dbo].[tasSearchField] ([idfsSearchField], [idfsSearchFieldType], [idfsSearchObject], [idfsReferenceType], [idfsGISReferenceType], [strSearchFieldAlias], [strLookupTable], [intMapDisplayOrder], [intIncidenceDisplayOrder], [blnGeoLocationString], [strCalculatedFieldText], [rowguid], [intRowStatus], [idfsDefaultAggregateFunction], [blnShortAddressString], [strLookupFunction], [strLookupFunctionIdField], [strLookupFunctionNameField], [strLookupAttribute], [blnAllowMissedReferenceValues], [strReservedAttribute]) VALUES (10081325, 10081007, 10082020, 19000148, NULL, 'sflVC_CollectedPersonalIDType', 'rftPersonIDType', NULL, NULL, 0, NULL, NEWID(), 0, 10004003, 0, NULL, NULL, NULL, 'name', 1, NULL);

INSERT INTO [dbo].[tasFieldSourceForTable]([idfsSearchField], [idfUnionSearchTable], [idfSearchTable], [strFieldText], [rowguid], [strReservedAttribute], [SourceSystemNameID], [SourceSystemKeyValue], [AuditCreateUser], [AuditCreateDTM], [AuditUpdateUser], [AuditUpdateDTM]) VALUES (10081324, 4583010000000, 4583020000000, N'p_ent_vc{0}.PersonalIDValue', NEWID(), N'', 10519002, N'', N'', GETDATE(), N'', GETDATE())
INSERT INTO [dbo].[tasFieldSourceForTable]([idfsSearchField], [idfUnionSearchTable], [idfSearchTable], [strFieldText], [rowguid], [strReservedAttribute], [SourceSystemNameID], [SourceSystemKeyValue], [AuditCreateUser], [AuditCreateDTM], [AuditUpdateUser], [AuditUpdateDTM]) VALUES (10081325, 4583010000000, 4583020000000, N'p_ent_vc{0}.PersonalIDTypeID', NEWID(), N'', 10519002, N'', N'', GETDATE(), N'', GETDATE())

INSERT INTO [dbo].[trtBaseReference] ([idfsBaseReference], [idfsReferenceType], [strBaseReferenceCode], [strDefault], [intHACode], [intOrder], [blnSystem], [intRowStatus], [rowguid], [strMaintenanceFlag], [strReservedAttribute]) VALUES (10081326, 19000080, 'sflVC_InvestigatorPersonID', 'Vet Disease Report - Investigator Name Personal ID', 226, 0, 1, 0, NEWID(), NULL, NULL);  -- using 10080178 as an example
INSERT INTO [dbo].[trtBaseReference] ([idfsBaseReference], [idfsReferenceType], [strBaseReferenceCode], [strDefault], [intHACode], [intOrder], [blnSystem], [intRowStatus], [rowguid], [strMaintenanceFlag], [strReservedAttribute]) VALUES (10081327, 19000080, 'sflVC_InvestigatorPersonalIDType', 'Vet Disease Report - Investigator Name Personal ID Type', 226, 0, 1, 0, NEWID(), NULL, NULL);  -- using 10080178 as an example

INSERT INTO [dbo].[trtStringNameTranslation] ([idfsBaseReference], [idfsLanguage], [strTextString], [intRowStatus], [rowguid], [strMaintenanceFlag], [strReservedAttribute]) VALUES (10081326, 10049003, N'Vet Disease Report - Investigator Name Personal ID', 0, NEWID(), NULL, NULL);
INSERT INTO [dbo].[trtStringNameTranslation] ([idfsBaseReference], [idfsLanguage], [strTextString], [intRowStatus], [rowguid], [strMaintenanceFlag], [strReservedAttribute]) VALUES (10081326, 10049004, N'ვეტერინარული დაავადების ანგარიში - მკვლევარის სახელი მისი პერსონალური ID', 0, NEWID(), NULL, NULL);
INSERT INTO [dbo].[trtStringNameTranslation] ([idfsBaseReference], [idfsLanguage], [strTextString], [intRowStatus], [rowguid], [strMaintenanceFlag], [strReservedAttribute]) VALUES (10081326, 10049001, N'Baytarlıq Xəstəliyi Hesabatı - Tədqiqatçının adı Fərdi İN', 0, NEWID(), NULL, NULL);
INSERT INTO [dbo].[trtStringNameTranslation] ([idfsBaseReference], [idfsLanguage], [strTextString], [intRowStatus], [rowguid], [strMaintenanceFlag], [strReservedAttribute]) VALUES (10081326, 10049011, N'تقرير عن الامراض البيطرية - المعرّف الشخصي لاسم الباحث', 0, NEWID(), NULL, NULL);

INSERT INTO [dbo].[trtStringNameTranslation] ([idfsBaseReference], [idfsLanguage], [strTextString], [intRowStatus], [rowguid], [strMaintenanceFlag], [strReservedAttribute]) VALUES (10081327, 10049003, N'Vet Disease Report - Investigator Name Personal ID Type', 0, NEWID(), NULL, NULL);
INSERT INTO [dbo].[trtStringNameTranslation] ([idfsBaseReference], [idfsLanguage], [strTextString], [intRowStatus], [rowguid], [strMaintenanceFlag], [strReservedAttribute]) VALUES (10081327, 10049004, N'ვეტერინარული დაავადების ანგარიში - მკვლევარის სახელი მისი პერსონალური ID-ის ტიპი', 0, NEWID(), NULL, NULL);
INSERT INTO [dbo].[trtStringNameTranslation] ([idfsBaseReference], [idfsLanguage], [strTextString], [intRowStatus], [rowguid], [strMaintenanceFlag], [strReservedAttribute]) VALUES (10081327, 10049001, N'Baytarlıq Xəstəliyi Hesabatı - Tədqiqatçının adı Fərdi İN növü', 0, NEWID(), NULL, NULL);
INSERT INTO [dbo].[trtStringNameTranslation] ([idfsBaseReference], [idfsLanguage], [strTextString], [intRowStatus], [rowguid], [strMaintenanceFlag], [strReservedAttribute]) VALUES (10081327, 10049011, N'تقرير عن الامراض البيطرية - نوع المعرّف الشخصي لاسم الباحث', 0, NEWID(), NULL, NULL);

INSERT INTO [dbo].[tasSearchField] ([idfsSearchField], [idfsSearchFieldType], [idfsSearchObject], [idfsReferenceType], [idfsGISReferenceType], [strSearchFieldAlias], [strLookupTable], [intMapDisplayOrder], [intIncidenceDisplayOrder], [blnGeoLocationString], [strCalculatedFieldText], [rowguid], [intRowStatus], [idfsDefaultAggregateFunction], [blnShortAddressString], [strLookupFunction], [strLookupFunctionIdField], [strLookupFunctionNameField], [strLookupAttribute], [blnAllowMissedReferenceValues], [strReservedAttribute]) VALUES (10081326, 10081007, 10082020, NULL, NULL, 'sflVC_InvestigatedByPersonID', NULL, NULL, NULL, NULL, NULL, NEWID(), 0, 10004003, 0, NULL, NULL, NULL, NULL, 0, NULL);
INSERT INTO [dbo].[tasSearchField] ([idfsSearchField], [idfsSearchFieldType], [idfsSearchObject], [idfsReferenceType], [idfsGISReferenceType], [strSearchFieldAlias], [strLookupTable], [intMapDisplayOrder], [intIncidenceDisplayOrder], [blnGeoLocationString], [strCalculatedFieldText], [rowguid], [intRowStatus], [idfsDefaultAggregateFunction], [blnShortAddressString], [strLookupFunction], [strLookupFunctionIdField], [strLookupFunctionNameField], [strLookupAttribute], [blnAllowMissedReferenceValues], [strReservedAttribute]) VALUES (10081327, 10081007, 10082020, 19000148, NULL, 'sflVC_InvestigatedByPersonIDType', 'rftPersonIDType', NULL, NULL, 0, NULL, NEWID(), 0, 10004003, 0, NULL, NULL, NULL, 'name', 1, NULL);

INSERT INTO [dbo].[tasFieldSourceForTable]([idfsSearchField], [idfUnionSearchTable], [idfSearchTable], [strFieldText], [rowguid], [strReservedAttribute], [SourceSystemNameID], [SourceSystemKeyValue], [AuditCreateUser], [AuditCreateDTM], [AuditUpdateUser], [AuditUpdateDTM]) VALUES (10081326, 4583010000000, 4583040000000, N'p_inv_vc{0}.PersonalIDValue', NEWID(), N'', 10519002, N'', N'', GETDATE(), N'', GETDATE())
INSERT INTO [dbo].[tasFieldSourceForTable]([idfsSearchField], [idfUnionSearchTable], [idfSearchTable], [strFieldText], [rowguid], [strReservedAttribute], [SourceSystemNameID], [SourceSystemKeyValue], [AuditCreateUser], [AuditCreateDTM], [AuditUpdateUser], [AuditUpdateDTM]) VALUES (10081327, 4583010000000, 4583040000000, N'p_inv_vc{0}.PersonalIDTypeID', NEWID(), N'', 10519002, N'', N'', GETDATE(), N'', GETDATE())

GO

-- Vet Disease Report - Reported By Officer Personal ID and Vet Disease Report - Reported By Officer Personal ID Type
INSERT INTO [dbo].[trtBaseReference] ([idfsBaseReference], [idfsReferenceType], [strBaseReferenceCode], [strDefault], [intHACode], [intOrder], [blnSystem], [intRowStatus], [rowguid], [strMaintenanceFlag], [strReservedAttribute]) VALUES (10081328, 19000080, 'sflVC_ReportedByPersonID', 'Vet Disease Report - Reported By Officer Personal ID', 226, 0, 1, 0, NEWID(), NULL, NULL);  -- using 10080190 as an example
INSERT INTO [dbo].[trtBaseReference] ([idfsBaseReference], [idfsReferenceType], [strBaseReferenceCode], [strDefault], [intHACode], [intOrder], [blnSystem], [intRowStatus], [rowguid], [strMaintenanceFlag], [strReservedAttribute]) VALUES (10081329, 19000080, 'sflVC_ReportedPersonalIDType', 'Vet Disease Report - Reported By Officer Personal ID Type', 226, 0, 1, 0, NEWID(), NULL, NULL);  -- using 10080190 as an example

INSERT INTO [dbo].[trtStringNameTranslation] ([idfsBaseReference], [idfsLanguage], [strTextString], [intRowStatus], [rowguid], [strMaintenanceFlag], [strReservedAttribute]) VALUES (10081328, 10049003, N'Vet Disease Report - Reported By Officer Personal ID', 0, NEWID(), NULL, NULL);
INSERT INTO [dbo].[trtStringNameTranslation] ([idfsBaseReference], [idfsLanguage], [strTextString], [intRowStatus], [rowguid], [strMaintenanceFlag], [strReservedAttribute]) VALUES (10081328, 10049004, N'ვეტერინარული დაავადების ანგარიში - იმ თანამშრომლის პერსონალური ID, რომელმაც მოახდინა ანგარიშგება', 0, NEWID(), NULL, NULL);
INSERT INTO [dbo].[trtStringNameTranslation] ([idfsBaseReference], [idfsLanguage], [strTextString], [intRowStatus], [rowguid], [strMaintenanceFlag], [strReservedAttribute]) VALUES (10081328, 10049001, N'Baytarlıq Xəstəliyi Hesabatı - Hesabatı verən işçi Fərdi İN', 0, NEWID(), NULL, NULL);
INSERT INTO [dbo].[trtStringNameTranslation] ([idfsBaseReference], [idfsLanguage], [strTextString], [intRowStatus], [rowguid], [strMaintenanceFlag], [strReservedAttribute]) VALUES (10081328, 10049011, N'تقرير عن الامراض البيطرية - المعرّف الشخصي لاسم الموظف المُبلغ ', 0, NEWID(), NULL, NULL);

INSERT INTO [dbo].[trtStringNameTranslation] ([idfsBaseReference], [idfsLanguage], [strTextString], [intRowStatus], [rowguid], [strMaintenanceFlag], [strReservedAttribute]) VALUES (10081329, 10049003, N'Vet Disease Report - Reported By Officer Personal ID Type', 0, NEWID(), NULL, NULL);
INSERT INTO [dbo].[trtStringNameTranslation] ([idfsBaseReference], [idfsLanguage], [strTextString], [intRowStatus], [rowguid], [strMaintenanceFlag], [strReservedAttribute]) VALUES (10081329, 10049004, N'ვეტერინარული დაავადების ანგარიში - იმ თანამშრომლის პერსონალური ID ის ტიპი,  რომელმაც მოახდინა ანგარიშგება', 0, NEWID(), NULL, NULL);
INSERT INTO [dbo].[trtStringNameTranslation] ([idfsBaseReference], [idfsLanguage], [strTextString], [intRowStatus], [rowguid], [strMaintenanceFlag], [strReservedAttribute]) VALUES (10081329, 10049001, N'Baytarlıq Xəstəliyi Hesabatı - Hesabatı verən işçi Fərdi İN növü', 0, NEWID(), NULL, NULL);
INSERT INTO [dbo].[trtStringNameTranslation] ([idfsBaseReference], [idfsLanguage], [strTextString], [intRowStatus], [rowguid], [strMaintenanceFlag], [strReservedAttribute]) VALUES (10081329, 10049011, N'تقرير عن الامراض البيطرية - نوع المعرّف الشخصي لاسم الموظف المُبلغ ', 0, NEWID(), NULL, NULL);

INSERT INTO [dbo].[tasSearchField] ([idfsSearchField], [idfsSearchFieldType], [idfsSearchObject], [idfsReferenceType], [idfsGISReferenceType], [strSearchFieldAlias], [strLookupTable], [intMapDisplayOrder], [intIncidenceDisplayOrder], [blnGeoLocationString], [strCalculatedFieldText], [rowguid], [intRowStatus], [idfsDefaultAggregateFunction], [blnShortAddressString], [strLookupFunction], [strLookupFunctionIdField], [strLookupFunctionNameField], [strLookupAttribute], [blnAllowMissedReferenceValues], [strReservedAttribute]) VALUES (10081328, 10081007, 10082020, NULL, NULL, 'sflVC_ReportedByPersonID', NULL, NULL, NULL, NULL, NULL, NEWID(), 0, 10004003, 0, NULL, NULL, NULL, NULL, 0, NULL);
INSERT INTO [dbo].[tasSearchField] ([idfsSearchField], [idfsSearchFieldType], [idfsSearchObject], [idfsReferenceType], [idfsGISReferenceType], [strSearchFieldAlias], [strLookupTable], [intMapDisplayOrder], [intIncidenceDisplayOrder], [blnGeoLocationString], [strCalculatedFieldText], [rowguid], [intRowStatus], [idfsDefaultAggregateFunction], [blnShortAddressString], [strLookupFunction], [strLookupFunctionIdField], [strLookupFunctionNameField], [strLookupAttribute], [blnAllowMissedReferenceValues], [strReservedAttribute]) VALUES (10081329, 10081007, 10082020, 19000148, NULL, 'sflVC_ReportedByPersonIDType', 'rftPersonIDType', NULL, NULL, 0, NULL, NEWID(), 0, 10004003, 0, NULL, NULL, NULL, 'name', 1, NULL);

INSERT INTO [dbo].[tasFieldSourceForTable]([idfsSearchField], [idfUnionSearchTable], [idfSearchTable], [strFieldText], [rowguid], [strReservedAttribute], [SourceSystemNameID], [SourceSystemKeyValue], [AuditCreateUser], [AuditCreateDTM], [AuditUpdateUser], [AuditUpdateDTM]) VALUES (10081328, 4583010000000, 4583050000000, N'p_rep_vc{0}.PersonalIDValue', NEWID(), N'', 10519002, N'', N'', GETDATE(), N'', GETDATE())
INSERT INTO [dbo].[tasFieldSourceForTable]([idfsSearchField], [idfUnionSearchTable], [idfSearchTable], [strFieldText], [rowguid], [strReservedAttribute], [SourceSystemNameID], [SourceSystemKeyValue], [AuditCreateUser], [AuditCreateDTM], [AuditUpdateUser], [AuditUpdateDTM]) VALUES (10081329, 4583010000000, 4583050000000, N'p_rep_vc{0}.PersonalIDTypeID', NEWID(), N'', 10519002, N'', N'', GETDATE(), N'', GETDATE())

GO

--  Vet Disease Report - Sent to Organization (10081330)
INSERT INTO [dbo].[trtBaseReference] ([idfsBaseReference], [idfsReferenceType], [strBaseReferenceCode], [strDefault], [intHACode], [intOrder], [blnSystem], [intRowStatus], [rowguid], [strMaintenanceFlag], [strReservedAttribute]) VALUES (10081330, 19000080, 'sflVC_SentToOrganization', 'Vet Disease Report - Sent to Organization', 226, 0, 1, 1, NEWID(), NULL, NULL);  -- using 10080815 as an example, hidden now due to incorrect count

INSERT INTO [dbo].[trtStringNameTranslation] ([idfsBaseReference], [idfsLanguage], [strTextString], [intRowStatus], [rowguid], [strMaintenanceFlag], [strReservedAttribute]) VALUES (10081330, 10049003, N'Vet Disease Report - Sent to Organization', 0, NEWID(), NULL, NULL);
INSERT INTO [dbo].[trtStringNameTranslation] ([idfsBaseReference], [idfsLanguage], [strTextString], [intRowStatus], [rowguid], [strMaintenanceFlag], [strReservedAttribute]) VALUES (10081330, 10049004, N'ვეტერინარული დაავადების ანგარიში - გაგზავნილია ორგანიზაციაში', 0, NEWID(), NULL, NULL);
INSERT INTO [dbo].[trtStringNameTranslation] ([idfsBaseReference], [idfsLanguage], [strTextString], [intRowStatus], [rowguid], [strMaintenanceFlag], [strReservedAttribute]) VALUES (10081330, 10049001, N'Baytarlıq Xəstəliyi Hesabatı - Hara göndərilib', 0, NEWID(), NULL, NULL);
INSERT INTO [dbo].[trtStringNameTranslation] ([idfsBaseReference], [idfsLanguage], [strTextString], [intRowStatus], [rowguid], [strMaintenanceFlag], [strReservedAttribute]) VALUES (10081330, 10049011, N'تقرير عن الامراض البيطرية - ارسل إلى المنظمة ', 0, NEWID(), NULL, NULL);

INSERT INTO [dbo].[tasSearchField] ([idfsSearchField], [idfsSearchFieldType], [idfsSearchObject], [idfsReferenceType], [idfsGISReferenceType], [strSearchFieldAlias], [strLookupTable], [intMapDisplayOrder], [intIncidenceDisplayOrder], [blnGeoLocationString], [strCalculatedFieldText], [rowguid], [intRowStatus], [idfsDefaultAggregateFunction], [blnShortAddressString], [strLookupFunction], [strLookupFunctionIdField], [strLookupFunctionNameField], [strLookupAttribute], [blnAllowMissedReferenceValues], [strReservedAttribute]) VALUES (10081330, 10081007, 10082020, 19000046, NULL, 'sflVC_SentToOrganization', 'Organization', NULL, NULL, 0, NULL, NEWID(), 0, 10004003, 0, NULL, NULL, NULL, 'FullName', 0, NULL);

INSERT INTO [dbo].[tasFieldSourceForTable]([idfsSearchField], [idfUnionSearchTable], [idfSearchTable], [strFieldText], [rowguid], [strReservedAttribute], [SourceSystemNameID], [SourceSystemKeyValue], [AuditCreateUser], [AuditCreateDTM], [AuditUpdateUser], [AuditUpdateDTM]) VALUES (10081330, 4583010000000, 4583090000028, N'm_sent_to_o{0}.idfsOfficeName', NEWID(), N'', 10519002, N'', N'', GETDATE(), N'', GETDATE())

--  Vet Disease Report - Sample Status (10081331)
INSERT INTO [dbo].[trtBaseReference] ([idfsBaseReference], [idfsReferenceType], [strBaseReferenceCode], [strDefault], [intHACode], [intOrder], [blnSystem], [intRowStatus], [rowguid], [strMaintenanceFlag], [strReservedAttribute]) VALUES (10081331, 19000080, 'sflVC_Status', 'Vet Disease Report - Sample Status', 226, 0, 1, 1, NEWID(), NULL, NULL);  -- using 10080727 as an example, hidden now due to incorrect count

INSERT INTO [dbo].[trtStringNameTranslation] ([idfsBaseReference], [idfsLanguage], [strTextString], [intRowStatus], [rowguid], [strMaintenanceFlag], [strReservedAttribute]) VALUES (10081331, 10049003, N'Vet Disease Report - Sample Status', 0, NEWID(), NULL, NULL);
INSERT INTO [dbo].[trtStringNameTranslation] ([idfsBaseReference], [idfsLanguage], [strTextString], [intRowStatus], [rowguid], [strMaintenanceFlag], [strReservedAttribute]) VALUES (10081331, 10049004, N'ვეტერინარული დაავადების ანგარიში - ნიმუშის სტატუსი', 0, NEWID(), NULL, NULL);
INSERT INTO [dbo].[trtStringNameTranslation] ([idfsBaseReference], [idfsLanguage], [strTextString], [intRowStatus], [rowguid], [strMaintenanceFlag], [strReservedAttribute]) VALUES (10081331, 10049001, N'Baytarlıq Xəstəliyi Hesabatı - Nümunənin statusu', 0, NEWID(), NULL, NULL);
INSERT INTO [dbo].[trtStringNameTranslation] ([idfsBaseReference], [idfsLanguage], [strTextString], [intRowStatus], [rowguid], [strMaintenanceFlag], [strReservedAttribute]) VALUES (10081331, 10049011, N'تقرير عن الامراض البيطرية - حالة العينة ', 0, NEWID(), NULL, NULL);

INSERT INTO [dbo].[tasSearchField] ([idfsSearchField], [idfsSearchFieldType], [idfsSearchObject], [idfsReferenceType], [idfsGISReferenceType], [strSearchFieldAlias], [strLookupTable], [intMapDisplayOrder], [intIncidenceDisplayOrder], [blnGeoLocationString], [strCalculatedFieldText], [rowguid], [intRowStatus], [idfsDefaultAggregateFunction], [blnShortAddressString], [strLookupFunction], [strLookupFunctionIdField], [strLookupFunctionNameField], [strLookupAttribute], [blnAllowMissedReferenceValues], [strReservedAttribute]) VALUES (10081331, 10081007, 10082020, 19000015, NULL, 'sflVC_Status', 'rftSampleStatus', NULL, NULL, 0, NULL, NEWID(), 0, 10004003, 0, NULL, NULL, NULL, 'name', 1, NULL);

INSERT INTO [dbo].[tasFieldSourceForTable]([idfsSearchField], [idfUnionSearchTable], [idfSearchTable], [strFieldText], [rowguid], [strReservedAttribute], [SourceSystemNameID], [SourceSystemKeyValue], [AuditCreateUser], [AuditCreateDTM], [AuditUpdateUser], [AuditUpdateDTM]) VALUES (10081331, 4583010000000, 4583090000092, N'rm{0}.idfsSampleStatus', NEWID(), N'', 10519001, N'', N'', GETDATE(), N'', GETDATE())

--  Vet Disease Report - Sent Date  (10081332)
INSERT INTO [dbo].[trtBaseReference] ([idfsBaseReference], [idfsReferenceType], [strBaseReferenceCode], [strDefault], [intHACode], [intOrder], [blnSystem], [intRowStatus], [rowguid], [strMaintenanceFlag], [strReservedAttribute]) VALUES (10081332, 19000080, 'sflVC_SpeciemenSentDate', 'Vet Disease Report - Sent Date', 226, 0, NULL, 1, NEWID(), NULL, NULL);  -- using 10080121 as an example, hidden now due to incorrect count

INSERT INTO [dbo].[trtStringNameTranslation] ([idfsBaseReference], [idfsLanguage], [strTextString], [intRowStatus], [rowguid], [strMaintenanceFlag], [strReservedAttribute]) VALUES (10081332, 10049003, N'Vet Disease Report - Sent Date', 0, NEWID(), NULL, NULL);
INSERT INTO [dbo].[trtStringNameTranslation] ([idfsBaseReference], [idfsLanguage], [strTextString], [intRowStatus], [rowguid], [strMaintenanceFlag], [strReservedAttribute]) VALUES (10081332, 10049004, N'ვეტერინარული დაავადების ანგარიში - გაგზავნის თარიღი', 0, NEWID(), NULL, NULL);
INSERT INTO [dbo].[trtStringNameTranslation] ([idfsBaseReference], [idfsLanguage], [strTextString], [intRowStatus], [rowguid], [strMaintenanceFlag], [strReservedAttribute]) VALUES (10081332, 10049001, N'Baytarlıq Xəstəliyi Hesabatı - Göndərildiyi tarix', 0, NEWID(), NULL, NULL);
INSERT INTO [dbo].[trtStringNameTranslation] ([idfsBaseReference], [idfsLanguage], [strTextString], [intRowStatus], [rowguid], [strMaintenanceFlag], [strReservedAttribute]) VALUES (10081332, 10049011, N'تقرير عن الامراض البيطرية  - تاريخ الارسال ', 0, NEWID(), NULL, NULL);

INSERT INTO [dbo].[tasSearchField] ([idfsSearchField], [idfsSearchFieldType], [idfsSearchObject], [idfsReferenceType], [idfsGISReferenceType], [strSearchFieldAlias], [strLookupTable], [intMapDisplayOrder], [intIncidenceDisplayOrder], [blnGeoLocationString], [strCalculatedFieldText], [rowguid], [intRowStatus], [idfsDefaultAggregateFunction], [blnShortAddressString], [strLookupFunction], [strLookupFunctionIdField], [strLookupFunctionNameField], [strLookupAttribute], [blnAllowMissedReferenceValues], [strReservedAttribute]) VALUES (10081332, 10081002, 10082020, NULL, NULL, 'sflVCSample_SentDate', NULL, NULL, NULL, NULL, NULL, NEWID(), 0, 10004003, 0, NULL, NULL, NULL, NULL, 1, NULL);

INSERT INTO [dbo].[tasFieldSourceForTable]([idfsSearchField], [idfUnionSearchTable], [idfSearchTable], [strFieldText], [rowguid], [strReservedAttribute], [SourceSystemNameID], [SourceSystemKeyValue], [AuditCreateUser], [AuditCreateDTM], [AuditUpdateUser], [AuditUpdateDTM]) VALUES (10081332, 4583010000000, 4582950000000, N'm{0}.datFieldSentDate', NEWID(), N'', 10519001, N'', N'', GETDATE(), N'', GETDATE())

--  Vet Disease Report - Lab Test Category (10081333)
INSERT INTO [dbo].[trtBaseReference] ([idfsBaseReference], [idfsReferenceType], [strBaseReferenceCode], [strDefault], [intHACode], [intOrder], [blnSystem], [intRowStatus], [rowguid], [strMaintenanceFlag], [strReservedAttribute]) VALUES (10081333, 19000080, 'sflVC_TestCategory', 'Vet Disease Report - Lab Test Category', 226, 0, NULL, 1, NEWID(), NULL, NULL);  -- using 10080405 as an example, hidden now due to incorrect count

INSERT INTO [dbo].[trtStringNameTranslation] ([idfsBaseReference], [idfsLanguage], [strTextString], [intRowStatus], [rowguid], [strMaintenanceFlag], [strReservedAttribute]) VALUES (10081333, 10049003, N'Vet Disease Report - Lab Test Category', 0, NEWID(), NULL, NULL);
INSERT INTO [dbo].[trtStringNameTranslation] ([idfsBaseReference], [idfsLanguage], [strTextString], [intRowStatus], [rowguid], [strMaintenanceFlag], [strReservedAttribute]) VALUES (10081333, 10049004, N'ვეტერინარული დაავადების ანგარიში - ლაბ ტესტის კატეგორია', 0, NEWID(), NULL, NULL);
INSERT INTO [dbo].[trtStringNameTranslation] ([idfsBaseReference], [idfsLanguage], [strTextString], [intRowStatus], [rowguid], [strMaintenanceFlag], [strReservedAttribute]) VALUES (10081333, 10049001, N'Baytarlıq Xəstəliyi Hesabatı - Laborator testin kateqoriyası', 0, NEWID(), NULL, NULL);
INSERT INTO [dbo].[trtStringNameTranslation] ([idfsBaseReference], [idfsLanguage], [strTextString], [intRowStatus], [rowguid], [strMaintenanceFlag], [strReservedAttribute]) VALUES (10081333, 10049011, N'تقرير عن الامراض البيطرية -  فئة الاختبار المخبري ', 0, NEWID(), NULL, NULL);

INSERT INTO [dbo].[tasSearchField] ([idfsSearchField], [idfsSearchFieldType], [idfsSearchObject], [idfsReferenceType], [idfsGISReferenceType], [strSearchFieldAlias], [strLookupTable], [intMapDisplayOrder], [intIncidenceDisplayOrder], [blnGeoLocationString], [strCalculatedFieldText], [rowguid], [intRowStatus], [idfsDefaultAggregateFunction], [blnShortAddressString], [strLookupFunction], [strLookupFunctionIdField], [strLookupFunctionNameField], [strLookupAttribute], [blnAllowMissedReferenceValues], [strReservedAttribute]) VALUES (10081333, 10081007, 10082020, 19000095, NULL, 'sflVC_TestCategory', 'rftTestCategory', NULL, NULL, 0, NULL, NEWID(), 0, 10004003, 0, NULL, NULL, NULL, NULL, 1, NULL);

INSERT INTO [dbo].[tasFieldSourceForTable]([idfsSearchField], [idfUnionSearchTable], [idfSearchTable], [strFieldText], [rowguid], [strReservedAttribute], [SourceSystemNameID], [SourceSystemKeyValue], [AuditCreateUser], [AuditCreateDTM], [AuditUpdateUser], [AuditUpdateDTM]) VALUES (10081333, 4583010000000, 4582990000000, N't{0}.idfsTestCategory', NEWID(), N'', 10519002, N'', N'', GETDATE(), N'', GETDATE())

-- Vet Disease Report - Tested By (10081334)
INSERT INTO [dbo].[trtBaseReference] ([idfsBaseReference], [idfsReferenceType], [strBaseReferenceCode], [strDefault], [intHACode], [intOrder], [blnSystem], [intRowStatus], [rowguid], [strMaintenanceFlag], [strReservedAttribute]) VALUES (10081334, 19000080, 'sflVC_TestedByPerson', 'Vet Disease Report - Tested By', 2, 0, 1, 1, NEWID(), NULL, NULL);  -- using 10080434 as an example, hidden now due to incorrect count

INSERT INTO [dbo].[trtStringNameTranslation] ([idfsBaseReference], [idfsLanguage], [strTextString], [intRowStatus], [rowguid], [strMaintenanceFlag], [strReservedAttribute]) VALUES (10081334, 10049003, N'Vet Disease Report - Tested By', 0, NEWID(), NULL, NULL);
INSERT INTO [dbo].[trtStringNameTranslation] ([idfsBaseReference], [idfsLanguage], [strTextString], [intRowStatus], [rowguid], [strMaintenanceFlag], [strReservedAttribute]) VALUES (10081334, 10049004, N'ვეტერინარული დაავადების ანგარიში - ვის მიერ არის ტესტირებული', 0, NEWID(), NULL, NULL);
INSERT INTO [dbo].[trtStringNameTranslation] ([idfsBaseReference], [idfsLanguage], [strTextString], [intRowStatus], [rowguid], [strMaintenanceFlag], [strReservedAttribute]) VALUES (10081334, 10049001, N'Baytarlıq Xəstəliyi Hesabatı - Testi aparan', 0, NEWID(), NULL, NULL);
INSERT INTO [dbo].[trtStringNameTranslation] ([idfsBaseReference], [idfsLanguage], [strTextString], [intRowStatus], [rowguid], [strMaintenanceFlag], [strReservedAttribute]) VALUES (10081334, 10049011, N'تقرير عن الامراض البيطرية - تم اختباره', 0, NEWID(), NULL, NULL);

INSERT INTO [dbo].[tasSearchField] ([idfsSearchField], [idfsSearchFieldType], [idfsSearchObject], [idfsReferenceType], [idfsGISReferenceType], [strSearchFieldAlias], [strLookupTable], [intMapDisplayOrder], [intIncidenceDisplayOrder], [blnGeoLocationString], [strCalculatedFieldText], [rowguid], [intRowStatus], [idfsDefaultAggregateFunction], [blnShortAddressString], [strLookupFunction], [strLookupFunctionIdField], [strLookupFunctionNameField], [strLookupAttribute], [blnAllowMissedReferenceValues], [strReservedAttribute]) VALUES (10081334, 10081007, 10082020, NULL, NULL, 'sflVC_TestedByPerson', NULL, NULL, NULL, 0, NULL, NEWID(), 0, 10004003, 0, NULL, NULL, NULL, NULL, 0, NULL);

INSERT INTO [dbo].[tasFieldSourceForTable]([idfsSearchField], [idfUnionSearchTable], [idfSearchTable], [strFieldText], [rowguid], [strReservedAttribute], [SourceSystemNameID], [SourceSystemKeyValue], [AuditCreateUser], [AuditCreateDTM], [AuditUpdateUser], [AuditUpdateDTM]) VALUES (10081334, 4583010000000, 4583090000019, N'dbo.fnConcatFullName(tby_p{0}.strFamilyName, tby_p{0}.strFirstName, tby_p{0}.strSecondName)', NEWID(), N'', 10519002, N'', N'', GETDATE(), N'', GETDATE())

-- Vet Disease Report - Tested By Institution (10081335)
INSERT INTO [dbo].[trtBaseReference] ([idfsBaseReference], [idfsReferenceType], [strBaseReferenceCode], [strDefault], [intHACode], [intOrder], [blnSystem], [intRowStatus], [rowguid], [strMaintenanceFlag], [strReservedAttribute]) VALUES (10081335, 19000080, 'sflVC_TestedByInstitution', 'Vet Disease Report - Tested By Institution', 226, 0, 1, 1, NEWID(), NULL, NULL);  -- using 10080408 as an example, hidden now due to incorrect count

INSERT INTO [dbo].[trtStringNameTranslation] ([idfsBaseReference], [idfsLanguage], [strTextString], [intRowStatus], [rowguid], [strMaintenanceFlag], [strReservedAttribute]) VALUES (10081335, 10049003, N'Vet Disease Report - Tested By Institution', 0, NEWID(), NULL, NULL);
INSERT INTO [dbo].[trtStringNameTranslation] ([idfsBaseReference], [idfsLanguage], [strTextString], [intRowStatus], [rowguid], [strMaintenanceFlag], [strReservedAttribute]) VALUES (10081335, 10049004, N'ვეტერინარული დაავადების ანგარიში - ტესტირებულია დაწესებულების მიერ', 0, NEWID(), NULL, NULL);
INSERT INTO [dbo].[trtStringNameTranslation] ([idfsBaseReference], [idfsLanguage], [strTextString], [intRowStatus], [rowguid], [strMaintenanceFlag], [strReservedAttribute]) VALUES (10081335, 10049001, N'Baytarlıq Xəstəliyi Hesabatı - Testi aparan müəssisə', 0, NEWID(), NULL, NULL);
INSERT INTO [dbo].[trtStringNameTranslation] ([idfsBaseReference], [idfsLanguage], [strTextString], [intRowStatus], [rowguid], [strMaintenanceFlag], [strReservedAttribute]) VALUES (10081335, 10049011, N'تقرير عن الامراض البيطرية - تم اختباره من المؤسسة ', 0, NEWID(), NULL, NULL);

INSERT INTO [dbo].[tasSearchField] ([idfsSearchField], [idfsSearchFieldType], [idfsSearchObject], [idfsReferenceType], [idfsGISReferenceType], [strSearchFieldAlias], [strLookupTable], [intMapDisplayOrder], [intIncidenceDisplayOrder], [blnGeoLocationString], [strCalculatedFieldText], [rowguid], [intRowStatus], [idfsDefaultAggregateFunction], [blnShortAddressString], [strLookupFunction], [strLookupFunctionIdField], [strLookupFunctionNameField], [strLookupAttribute], [blnAllowMissedReferenceValues], [strReservedAttribute]) VALUES (10081335, 10081007, 10082020, 19000046, NULL, 'sflVC_TestedByInstitution', 'Organization', NULL, NULL, 0, NULL, NEWID(), 0, 10004003, 0, NULL, NULL, NULL, 'FullName', 1, NULL);

INSERT INTO [dbo].[tasFieldSourceForTable]([idfsSearchField], [idfUnionSearchTable], [idfSearchTable], [strFieldText], [rowguid], [strReservedAttribute], [SourceSystemNameID], [SourceSystemKeyValue], [AuditCreateUser], [AuditCreateDTM], [AuditUpdateUser], [AuditUpdateDTM]) VALUES (10081335, 4583010000000, 4583090000004, N'tby_o{0}.idfsOfficeName', NEWID(), N'', 10519002, N'', N'', GETDATE(), N'', GETDATE())
GO

-- Vet Disease Report Sample - Sample Status (10081336) Note this breaks app since there is already a field Vet Disease Report Sample - Status. Need confirmation from Anatoliy on this
--INSERT INTO [dbo].[trtBaseReference] ([idfsBaseReference], [idfsReferenceType], [strBaseReferenceCode], [strDefault], [intHACode], [intOrder], [blnSystem], [intRowStatus], [rowguid], [strMaintenanceFlag], [strReservedAttribute]) VALUES (10081336, 19000080, 'sflVCSL_Status', 'Vet Disease Report - Sample Status', 226, 0, 1, 0, NEWID(), NULL, NULL);  -- using 10080727 as an example

--INSERT INTO [dbo].[trtStringNameTranslation] ([idfsBaseReference], [idfsLanguage], [strTextString], [intRowStatus], [rowguid], [strMaintenanceFlag], [strReservedAttribute]) VALUES (10081336, 10049003, N'Vet Disease Report Sample - Sample Status', 0, NEWID(), NULL, NULL);
--INSERT INTO [dbo].[trtStringNameTranslation] ([idfsBaseReference], [idfsLanguage], [strTextString], [intRowStatus], [rowguid], [strMaintenanceFlag], [strReservedAttribute]) VALUES (10081336, 10049004, N'ვეტერინარული დაავადების ანგარიშის ნიმუში - ნიმუშის სტატუსი', 0, NEWID(), NULL, NULL);
--INSERT INTO [dbo].[trtStringNameTranslation] ([idfsBaseReference], [idfsLanguage], [strTextString], [intRowStatus], [rowguid], [strMaintenanceFlag], [strReservedAttribute]) VALUES (10081336, 10049001, N'Baytarlıq Xəstəliyi Hesabatı Nümunə - Nümunənin statusu', 0, NEWID(), NULL, NULL);
--INSERT INTO [dbo].[trtStringNameTranslation] ([idfsBaseReference], [idfsLanguage], [strTextString], [intRowStatus], [rowguid], [strMaintenanceFlag], [strReservedAttribute]) VALUES (10081336, 10049011, N'نموذج للتقرير عن الامراض البيطرية - حالة العينة ', 0, NEWID(), NULL, NULL);

--INSERT INTO [dbo].[tasSearchField] ([idfsSearchField], [idfsSearchFieldType], [idfsSearchObject], [idfsReferenceType], [idfsGISReferenceType], [strSearchFieldAlias], [strLookupTable], [intMapDisplayOrder], [intIncidenceDisplayOrder], [blnGeoLocationString], [strCalculatedFieldText], [rowguid], [intRowStatus], [idfsDefaultAggregateFunction], [blnShortAddressString], [strLookupFunction], [strLookupFunctionIdField], [strLookupFunctionNameField], [strLookupAttribute], [blnAllowMissedReferenceValues], [strReservedAttribute]) VALUES (10081336, 10081007, 10082021, 19000015, NULL, 'sflVCSample_Status', 'rftSampleStatus', NULL, NULL, 0, NULL, NEWID(), 0, 10004003, 0, NULL, NULL, NULL, 'name', 1, NULL);

--INSERT INTO [dbo].[tasFieldSourceForTable]([idfsSearchField], [idfUnionSearchTable], [idfSearchTable], [strFieldText], [rowguid], [strReservedAttribute], [SourceSystemNameID], [SourceSystemKeyValue], [AuditCreateUser], [AuditCreateDTM], [AuditUpdateUser], [AuditUpdateDTM]) VALUES (10081336, 4583010000000, 4583090000092, N'rm{0}.idfsSampleStatus', NEWID(), N'', 10519001, N'', N'', GETDATE(), N'', GETDATE())

-- Vet Disease Report Sample - Sample Sent Date (10081336)
INSERT INTO [dbo].[trtBaseReference] ([idfsBaseReference], [idfsReferenceType], [strBaseReferenceCode], [strDefault], [intHACode], [intOrder], [blnSystem], [intRowStatus], [rowguid], [strMaintenanceFlag], [strReservedAttribute]) VALUES (10081336, 19000080, 'sflVCSample_SentDate', 'Vet Disease Report Sample - Sample Sent Date', 226, 0, NULL, 0, NEWID(), NULL, NULL);  -- using 10080121 as an example

INSERT INTO [dbo].[trtStringNameTranslation] ([idfsBaseReference], [idfsLanguage], [strTextString], [intRowStatus], [rowguid], [strMaintenanceFlag], [strReservedAttribute]) VALUES (10081336, 10049003, N'Vet Disease Report Sample - Sample Sent Date', 0, NEWID(), NULL, NULL);
INSERT INTO [dbo].[trtStringNameTranslation] ([idfsBaseReference], [idfsLanguage], [strTextString], [intRowStatus], [rowguid], [strMaintenanceFlag], [strReservedAttribute]) VALUES (10081336, 10049004, N'ვეტერინარული დაავადების ანგარიშის ნიმუში - ნიმუშის გაგზავნის თარიღი', 0, NEWID(), NULL, NULL);
INSERT INTO [dbo].[trtStringNameTranslation] ([idfsBaseReference], [idfsLanguage], [strTextString], [intRowStatus], [rowguid], [strMaintenanceFlag], [strReservedAttribute]) VALUES (10081336, 10049001, N'Baytarlıq Xəstəliyi Hesabatı Nümunə - Nümunənin göndərildiyi tarix', 0, NEWID(), NULL, NULL);
INSERT INTO [dbo].[trtStringNameTranslation] ([idfsBaseReference], [idfsLanguage], [strTextString], [intRowStatus], [rowguid], [strMaintenanceFlag], [strReservedAttribute]) VALUES (10081336, 10049011, N'نموذج للتقرير عن الامراض البيطرية - تاريخ ارسال العينة ', 0, NEWID(), NULL, NULL);

INSERT INTO [dbo].[tasSearchField] ([idfsSearchField], [idfsSearchFieldType], [idfsSearchObject], [idfsReferenceType], [idfsGISReferenceType], [strSearchFieldAlias], [strLookupTable], [intMapDisplayOrder], [intIncidenceDisplayOrder], [blnGeoLocationString], [strCalculatedFieldText], [rowguid], [intRowStatus], [idfsDefaultAggregateFunction], [blnShortAddressString], [strLookupFunction], [strLookupFunctionIdField], [strLookupFunctionNameField], [strLookupAttribute], [blnAllowMissedReferenceValues], [strReservedAttribute]) VALUES (10081336, 10081002, 10082021, NULL, NULL, 'sflVCSample_SentDate', NULL, NULL, NULL, NULL, NULL, NEWID(), 0, 10004003, 0, NULL, NULL, NULL, NULL, 1, NULL);

INSERT INTO [dbo].[tasFieldSourceForTable]([idfsSearchField], [idfUnionSearchTable], [idfSearchTable], [strFieldText], [rowguid], [strReservedAttribute], [SourceSystemNameID], [SourceSystemKeyValue], [AuditCreateUser], [AuditCreateDTM], [AuditUpdateUser], [AuditUpdateDTM]) VALUES (10081336, 4583010000000, 4582950000000, N'm{0}.datFieldSentDate', NEWID(), N'', 10519001, N'', N'', GETDATE(), N'', GETDATE())

-- Vet Disease Report Sample - Test Category (10081337)
INSERT INTO [dbo].[trtBaseReference] ([idfsBaseReference], [idfsReferenceType], [strBaseReferenceCode], [strDefault], [intHACode], [intOrder], [blnSystem], [intRowStatus], [rowguid], [strMaintenanceFlag], [strReservedAttribute]) VALUES (10081337, 19000080, 'sflVCSample_TestCategory', 'Vet Disease Report Sample - Test Category', 226, 0, NULL, 0, NEWID(), NULL, NULL);  -- using 10080405 as an example

INSERT INTO [dbo].[trtStringNameTranslation] ([idfsBaseReference], [idfsLanguage], [strTextString], [intRowStatus], [rowguid], [strMaintenanceFlag], [strReservedAttribute]) VALUES (10081337, 10049003, N'Vet Disease Report Sample - Test Category', 0, NEWID(), NULL, NULL);
INSERT INTO [dbo].[trtStringNameTranslation] ([idfsBaseReference], [idfsLanguage], [strTextString], [intRowStatus], [rowguid], [strMaintenanceFlag], [strReservedAttribute]) VALUES (10081337, 10049004, N'ვეტერინარული დაავადების ანგარიშის ნიმუში - ტესტის კატეგორია', 0, NEWID(), NULL, NULL);
INSERT INTO [dbo].[trtStringNameTranslation] ([idfsBaseReference], [idfsLanguage], [strTextString], [intRowStatus], [rowguid], [strMaintenanceFlag], [strReservedAttribute]) VALUES (10081337, 10049001, N'Baytarlıq Xəstəliyi Hesabatı Nümunə - Testin kateqoriyası', 0, NEWID(), NULL, NULL);
INSERT INTO [dbo].[trtStringNameTranslation] ([idfsBaseReference], [idfsLanguage], [strTextString], [intRowStatus], [rowguid], [strMaintenanceFlag], [strReservedAttribute]) VALUES (10081337, 10049011, N'نموذج للتقرير عن الامراض البيطرية -فئة الاختبار ', 0, NEWID(), NULL, NULL);

INSERT INTO [dbo].[tasSearchField] ([idfsSearchField], [idfsSearchFieldType], [idfsSearchObject], [idfsReferenceType], [idfsGISReferenceType], [strSearchFieldAlias], [strLookupTable], [intMapDisplayOrder], [intIncidenceDisplayOrder], [blnGeoLocationString], [strCalculatedFieldText], [rowguid], [intRowStatus], [idfsDefaultAggregateFunction], [blnShortAddressString], [strLookupFunction], [strLookupFunctionIdField], [strLookupFunctionNameField], [strLookupAttribute], [blnAllowMissedReferenceValues], [strReservedAttribute]) VALUES (10081337, 10081007, 10082021, 19000095, NULL, 'sflVCSample_TestCategory', 'rftTestCategory', NULL, NULL, 0, NULL, NEWID(), 0, 10004003, 0, NULL, NULL, NULL, NULL, 1, NULL);

INSERT INTO [dbo].[tasFieldSourceForTable]([idfsSearchField], [idfUnionSearchTable], [idfSearchTable], [strFieldText], [rowguid], [strReservedAttribute], [SourceSystemNameID], [SourceSystemKeyValue], [AuditCreateUser], [AuditCreateDTM], [AuditUpdateUser], [AuditUpdateDTM]) VALUES (10081337, 4583010000000, 4582990000000, N't{0}.idfsTestCategory', NEWID(), N'', 10519002, N'', N'', GETDATE(), N'', GETDATE())

-- Vet Disease Report Sample - Tested By (10081338)
INSERT INTO [dbo].[trtBaseReference] ([idfsBaseReference], [idfsReferenceType], [strBaseReferenceCode], [strDefault], [intHACode], [intOrder], [blnSystem], [intRowStatus], [rowguid], [strMaintenanceFlag], [strReservedAttribute]) VALUES (10081338, 19000080, 'sflVCSample_TestedByPerson', 'Vet Disease Report Sample - Tested By', 2, 0, 1, 0, NEWID(), NULL, NULL);  -- using 10080434 as an example

INSERT INTO [dbo].[trtStringNameTranslation] ([idfsBaseReference], [idfsLanguage], [strTextString], [intRowStatus], [rowguid], [strMaintenanceFlag], [strReservedAttribute]) VALUES (10081338, 10049003, N'Vet Disease Report Sample - Tested By', 0, NEWID(), NULL, NULL);
INSERT INTO [dbo].[trtStringNameTranslation] ([idfsBaseReference], [idfsLanguage], [strTextString], [intRowStatus], [rowguid], [strMaintenanceFlag], [strReservedAttribute]) VALUES (10081338, 10049004, N'ვეტერინარული დაავადების ანგარიშის ნიმუში - ვის მიერ არის ტესტირებული', 0, NEWID(), NULL, NULL);
INSERT INTO [dbo].[trtStringNameTranslation] ([idfsBaseReference], [idfsLanguage], [strTextString], [intRowStatus], [rowguid], [strMaintenanceFlag], [strReservedAttribute]) VALUES (10081338, 10049001, N'Baytarlıq Xəstəliyi Hesabatı Nümunə - Testi aparan', 0, NEWID(), NULL, NULL);
INSERT INTO [dbo].[trtStringNameTranslation] ([idfsBaseReference], [idfsLanguage], [strTextString], [intRowStatus], [rowguid], [strMaintenanceFlag], [strReservedAttribute]) VALUES (10081338, 10049011, N'نموذج للتقرير عن الامراض البيطرية - تم اختباره ', 0, NEWID(), NULL, NULL);

INSERT INTO [dbo].[tasSearchField] ([idfsSearchField], [idfsSearchFieldType], [idfsSearchObject], [idfsReferenceType], [idfsGISReferenceType], [strSearchFieldAlias], [strLookupTable], [intMapDisplayOrder], [intIncidenceDisplayOrder], [blnGeoLocationString], [strCalculatedFieldText], [rowguid], [intRowStatus], [idfsDefaultAggregateFunction], [blnShortAddressString], [strLookupFunction], [strLookupFunctionIdField], [strLookupFunctionNameField], [strLookupAttribute], [blnAllowMissedReferenceValues], [strReservedAttribute]) VALUES (10081338, 10081007, 10082021, NULL, NULL, 'sflVCSample_TestedByPerson', NULL, NULL, NULL, 0, NULL, NEWID(), 0, 10004003, 0, NULL, NULL, NULL, NULL, 0, NULL);

INSERT INTO [dbo].[tasFieldSourceForTable]([idfsSearchField], [idfUnionSearchTable], [idfSearchTable], [strFieldText], [rowguid], [strReservedAttribute], [SourceSystemNameID], [SourceSystemKeyValue], [AuditCreateUser], [AuditCreateDTM], [AuditUpdateUser], [AuditUpdateDTM]) VALUES (10081338, 4583010000000, 4583090000019, N'dbo.fnConcatFullName(tby_p{0}.strFamilyName, tby_p{0}.strFirstName, tby_p{0}.strSecondName)', NEWID(), N'', 10519002, N'', N'', GETDATE(), N'', GETDATE())

-- Vet Disease Report Sample - Tested By Institution (10081339)
INSERT INTO [dbo].[trtBaseReference] ([idfsBaseReference], [idfsReferenceType], [strBaseReferenceCode], [strDefault], [intHACode], [intOrder], [blnSystem], [intRowStatus], [rowguid], [strMaintenanceFlag], [strReservedAttribute]) VALUES (10081339, 19000080, 'sflVCSample_TestedByInstitution', 'Vet Disease Report Sample - Tested By Institution', 226, 0, 1, 0, NEWID(), NULL, NULL);  -- using 10080408 as an example

INSERT INTO [dbo].[trtStringNameTranslation] ([idfsBaseReference], [idfsLanguage], [strTextString], [intRowStatus], [rowguid], [strMaintenanceFlag], [strReservedAttribute]) VALUES (10081339, 10049003, N'Vet Disease Report Sample - Tested By Institution', 0, NEWID(), NULL, NULL);
INSERT INTO [dbo].[trtStringNameTranslation] ([idfsBaseReference], [idfsLanguage], [strTextString], [intRowStatus], [rowguid], [strMaintenanceFlag], [strReservedAttribute]) VALUES (10081339, 10049004, N'ვეტერინარული დაავადების ანგარიშის ნიმუში - ტესტირებულია დაწესებულების მიერ', 0, NEWID(), NULL, NULL);
INSERT INTO [dbo].[trtStringNameTranslation] ([idfsBaseReference], [idfsLanguage], [strTextString], [intRowStatus], [rowguid], [strMaintenanceFlag], [strReservedAttribute]) VALUES (10081339, 10049001, N'Baytarlıq Xəstəliyi Hesabatı Nümunə - Testi aparan müəssisə', 0, NEWID(), NULL, NULL);
INSERT INTO [dbo].[trtStringNameTranslation] ([idfsBaseReference], [idfsLanguage], [strTextString], [intRowStatus], [rowguid], [strMaintenanceFlag], [strReservedAttribute]) VALUES (10081339, 10049011, N'نموذج للتقرير عن الامراض البيطرية -  تم اختباره من المؤسسة ', 0, NEWID(), NULL, NULL);

INSERT INTO [dbo].[tasSearchField] ([idfsSearchField], [idfsSearchFieldType], [idfsSearchObject], [idfsReferenceType], [idfsGISReferenceType], [strSearchFieldAlias], [strLookupTable], [intMapDisplayOrder], [intIncidenceDisplayOrder], [blnGeoLocationString], [strCalculatedFieldText], [rowguid], [intRowStatus], [idfsDefaultAggregateFunction], [blnShortAddressString], [strLookupFunction], [strLookupFunctionIdField], [strLookupFunctionNameField], [strLookupAttribute], [blnAllowMissedReferenceValues], [strReservedAttribute]) VALUES (10081339, 10081007, 10082021, 19000046, NULL, 'sflVSLSample_TestedByInstitution', 'Organization', NULL, NULL, 0, NULL, NEWID(), 0, 10004003, 0, NULL, NULL, NULL, 'FullName', 1, NULL);

INSERT INTO [dbo].[tasFieldSourceForTable]([idfsSearchField], [idfUnionSearchTable], [idfSearchTable], [strFieldText], [rowguid], [strReservedAttribute], [SourceSystemNameID], [SourceSystemKeyValue], [AuditCreateUser], [AuditCreateDTM], [AuditUpdateUser], [AuditUpdateDTM]) VALUES (10081339, 4583010000000, 4583090000004, N'tby_o{0}.idfsOfficeName', NEWID(), N'', 10519002, N'', N'', GETDATE(), N'', GETDATE())
GO

-- Vet Disease Report Test - Sample Status
INSERT INTO [dbo].[trtBaseReference] ([idfsBaseReference], [idfsReferenceType], [strBaseReferenceCode], [strDefault], [intHACode], [intOrder], [blnSystem], [intRowStatus], [rowguid], [strMaintenanceFlag], [strReservedAttribute]) VALUES (10081340, 19000080, 'sflVSL_Status', 'Vet Disease Report Test - Sample Status', 226, 0, 1, 0, NEWID(), NULL, NULL);  -- using 10080727 as an example

INSERT INTO [dbo].[trtStringNameTranslation] ([idfsBaseReference], [idfsLanguage], [strTextString], [intRowStatus], [rowguid], [strMaintenanceFlag], [strReservedAttribute]) VALUES (10081340, 10049003, N'Vet Disease Report Test - Sample Status', 0, NEWID(), NULL, NULL);
INSERT INTO [dbo].[trtStringNameTranslation] ([idfsBaseReference], [idfsLanguage], [strTextString], [intRowStatus], [rowguid], [strMaintenanceFlag], [strReservedAttribute]) VALUES (10081340, 10049004, N'ვეტერინარული დაავადების ანგარიშის ტესტი - ნიმუშის სტატუსი', 0, NEWID(), NULL, NULL);
INSERT INTO [dbo].[trtStringNameTranslation] ([idfsBaseReference], [idfsLanguage], [strTextString], [intRowStatus], [rowguid], [strMaintenanceFlag], [strReservedAttribute]) VALUES (10081340, 10049001, N'Baytarlıq Xəstəliyi Hesabatı Test - Nümunənin statusu', 0, NEWID(), NULL, NULL);
INSERT INTO [dbo].[trtStringNameTranslation] ([idfsBaseReference], [idfsLanguage], [strTextString], [intRowStatus], [rowguid], [strMaintenanceFlag], [strReservedAttribute]) VALUES (10081340, 10049011, N'اختبار  تقرير الامراض البشرية - حالة العينة ', 0, NEWID(), NULL, NULL);

INSERT INTO [dbo].[tasSearchField] ([idfsSearchField], [idfsSearchFieldType], [idfsSearchObject], [idfsReferenceType], [idfsGISReferenceType], [strSearchFieldAlias], [strLookupTable], [intMapDisplayOrder], [intIncidenceDisplayOrder], [blnGeoLocationString], [strCalculatedFieldText], [rowguid], [intRowStatus], [idfsDefaultAggregateFunction], [blnShortAddressString], [strLookupFunction], [strLookupFunctionIdField], [strLookupFunctionNameField], [strLookupAttribute], [blnAllowMissedReferenceValues], [strReservedAttribute]) VALUES (10081340, 10081007, 10082022, 19000015, NULL, 'sflVCTest_Status', 'rftSampleStatus', NULL, NULL, 0, NULL, NEWID(), 0, 10004003, 0, NULL, NULL, NULL, 'name', 1, NULL);

INSERT INTO [dbo].[tasFieldSourceForTable]([idfsSearchField], [idfUnionSearchTable], [idfSearchTable], [strFieldText], [rowguid], [strReservedAttribute], [SourceSystemNameID], [SourceSystemKeyValue], [AuditCreateUser], [AuditCreateDTM], [AuditUpdateUser], [AuditUpdateDTM]) VALUES (10081340, 4583010000000, 4583090000092, N'rm{0}.idfsSampleStatus', NEWID(), N'', 10519001, N'', N'', GETDATE(), N'', GETDATE())

-- Vet Disease Report Test - Sample Sent Date
INSERT INTO [dbo].[trtBaseReference] ([idfsBaseReference], [idfsReferenceType], [strBaseReferenceCode], [strDefault], [intHACode], [intOrder], [blnSystem], [intRowStatus], [rowguid], [strMaintenanceFlag], [strReservedAttribute]) VALUES (10081341, 19000080, 'sflVSL_SentDate', 'Vet Disease Report Sample - Sample Sent Date', 226, 0, NULL, 0, NEWID(), NULL, NULL);  -- using 10080121 as an example

INSERT INTO [dbo].[trtStringNameTranslation] ([idfsBaseReference], [idfsLanguage], [strTextString], [intRowStatus], [rowguid], [strMaintenanceFlag], [strReservedAttribute]) VALUES (10081341, 10049003, N'Vet Disease Report Test - Sample Sent Date', 0, NEWID(), NULL, NULL);
INSERT INTO [dbo].[trtStringNameTranslation] ([idfsBaseReference], [idfsLanguage], [strTextString], [intRowStatus], [rowguid], [strMaintenanceFlag], [strReservedAttribute]) VALUES (10081341, 10049004, N'ვეტერინარული დაავადების ანგარიშის ტესტი - ნიმუშის გაგზავნის თარიღი', 0, NEWID(), NULL, NULL);
INSERT INTO [dbo].[trtStringNameTranslation] ([idfsBaseReference], [idfsLanguage], [strTextString], [intRowStatus], [rowguid], [strMaintenanceFlag], [strReservedAttribute]) VALUES (10081341, 10049001, N'Baytarlıq Xəstəliyi Hesabatı Test - Nümunənin göndərildiyi tarix', 0, NEWID(), NULL, NULL);
INSERT INTO [dbo].[trtStringNameTranslation] ([idfsBaseReference], [idfsLanguage], [strTextString], [intRowStatus], [rowguid], [strMaintenanceFlag], [strReservedAttribute]) VALUES (10081341, 10049011, N'اختبار  تقرير الامراض البشرية - تاريخ ارسال العينة ', 0, NEWID(), NULL, NULL);

INSERT INTO [dbo].[tasSearchField] ([idfsSearchField], [idfsSearchFieldType], [idfsSearchObject], [idfsReferenceType], [idfsGISReferenceType], [strSearchFieldAlias], [strLookupTable], [intMapDisplayOrder], [intIncidenceDisplayOrder], [blnGeoLocationString], [strCalculatedFieldText], [rowguid], [intRowStatus], [idfsDefaultAggregateFunction], [blnShortAddressString], [strLookupFunction], [strLookupFunctionIdField], [strLookupFunctionNameField], [strLookupAttribute], [blnAllowMissedReferenceValues], [strReservedAttribute]) VALUES (10081341, 10081002, 10082022, NULL, NULL, 'sflVCTest_SentDate', NULL, NULL, NULL, NULL, NULL, NEWID(), 0, 10004003, 0, NULL, NULL, NULL, NULL, 1, NULL);

INSERT INTO [dbo].[tasFieldSourceForTable]([idfsSearchField], [idfUnionSearchTable], [idfSearchTable], [strFieldText], [rowguid], [strReservedAttribute], [SourceSystemNameID], [SourceSystemKeyValue], [AuditCreateUser], [AuditCreateDTM], [AuditUpdateUser], [AuditUpdateDTM]) VALUES (10081341, 4583010000000, 4582950000000, N'm{0}.datFieldSentDate', NEWID(), N'', 10519001, N'', N'', GETDATE(), N'', GETDATE())

-- Vet Disease Report Test - Sent to Organization
INSERT INTO [dbo].[trtBaseReference] ([idfsBaseReference], [idfsReferenceType], [strBaseReferenceCode], [strDefault], [intHACode], [intOrder], [blnSystem], [intRowStatus], [rowguid], [strMaintenanceFlag], [strReservedAttribute]) VALUES (10081342, 19000080, 'sflVSL_SentToOrganization', 'Vet Disease Report Test - Sent to Organization', 226, 0, 1, 0, NEWID(), NULL, NULL);  -- using 10080815 as an example

INSERT INTO [dbo].[trtStringNameTranslation] ([idfsBaseReference], [idfsLanguage], [strTextString], [intRowStatus], [rowguid], [strMaintenanceFlag], [strReservedAttribute]) VALUES (10081342, 10049003, N'Vet Disease Report Test - Sent to Organization', 0, NEWID(), NULL, NULL);
INSERT INTO [dbo].[trtStringNameTranslation] ([idfsBaseReference], [idfsLanguage], [strTextString], [intRowStatus], [rowguid], [strMaintenanceFlag], [strReservedAttribute]) VALUES (10081342, 10049004, N'ვეტერინარული დაავადების ანგარიშის ტესტი - გაგზავნილია ორგანიზაციაში', 0, NEWID(), NULL, NULL);
INSERT INTO [dbo].[trtStringNameTranslation] ([idfsBaseReference], [idfsLanguage], [strTextString], [intRowStatus], [rowguid], [strMaintenanceFlag], [strReservedAttribute]) VALUES (10081342, 10049001, N'Baytarlıq Xəstəliyi Hesabatı Test - Hara göndərilib', 0, NEWID(), NULL, NULL);
INSERT INTO [dbo].[trtStringNameTranslation] ([idfsBaseReference], [idfsLanguage], [strTextString], [intRowStatus], [rowguid], [strMaintenanceFlag], [strReservedAttribute]) VALUES (10081342, 10049011, N'اختبار  تقرير الامراض البشرية - اُرسل إلى المنظمة ', 0, NEWID(), NULL, NULL);

INSERT INTO [dbo].[tasSearchField] ([idfsSearchField], [idfsSearchFieldType], [idfsSearchObject], [idfsReferenceType], [idfsGISReferenceType], [strSearchFieldAlias], [strLookupTable], [intMapDisplayOrder], [intIncidenceDisplayOrder], [blnGeoLocationString], [strCalculatedFieldText], [rowguid], [intRowStatus], [idfsDefaultAggregateFunction], [blnShortAddressString], [strLookupFunction], [strLookupFunctionIdField], [strLookupFunctionNameField], [strLookupAttribute], [blnAllowMissedReferenceValues], [strReservedAttribute]) VALUES (10081342, 10081007, 10082022, 19000046, NULL, 'sflVCTest_SentToOrganization', 'Organization', NULL, NULL, 0, NULL, NEWID(), 0, 10004003, 0, NULL, NULL, NULL, 'FullName', 0, NULL);

INSERT INTO [dbo].[tasFieldSourceForTable]([idfsSearchField], [idfUnionSearchTable], [idfSearchTable], [strFieldText], [rowguid], [strReservedAttribute], [SourceSystemNameID], [SourceSystemKeyValue], [AuditCreateUser], [AuditCreateDTM], [AuditUpdateUser], [AuditUpdateDTM]) VALUES (10081342, 4583010000000, 4583090000028, N'm_sent_to_o{0}.idfsOfficeName', NEWID(), N'', 10519002, N'', N'', GETDATE(), N'', GETDATE())

-- Vet Disease Report Test - Test Category
INSERT INTO [dbo].[trtBaseReference] ([idfsBaseReference], [idfsReferenceType], [strBaseReferenceCode], [strDefault], [intHACode], [intOrder], [blnSystem], [intRowStatus], [rowguid], [strMaintenanceFlag], [strReservedAttribute]) VALUES (10081343, 19000080, 'sflVSL_TestCategory', 'Vet Disease Report Test - Test Category', 226, 0, NULL, 0, NEWID(), NULL, NULL);  -- using 10080405 as an example

INSERT INTO [dbo].[trtStringNameTranslation] ([idfsBaseReference], [idfsLanguage], [strTextString], [intRowStatus], [rowguid], [strMaintenanceFlag], [strReservedAttribute]) VALUES (10081343, 10049003, N'Vet Disease Report Test - Test Category', 0, NEWID(), NULL, NULL);
INSERT INTO [dbo].[trtStringNameTranslation] ([idfsBaseReference], [idfsLanguage], [strTextString], [intRowStatus], [rowguid], [strMaintenanceFlag], [strReservedAttribute]) VALUES (10081343, 10049004, N'ვეტერინარული დაავადების ანგარიშის ტესტი - ტესტის კატეგორია', 0, NEWID(), NULL, NULL);
INSERT INTO [dbo].[trtStringNameTranslation] ([idfsBaseReference], [idfsLanguage], [strTextString], [intRowStatus], [rowguid], [strMaintenanceFlag], [strReservedAttribute]) VALUES (10081343, 10049001, N'Baytarlıq Xəstəliyi Hesabatı Test - Testin kateqoriyası', 0, NEWID(), NULL, NULL);
INSERT INTO [dbo].[trtStringNameTranslation] ([idfsBaseReference], [idfsLanguage], [strTextString], [intRowStatus], [rowguid], [strMaintenanceFlag], [strReservedAttribute]) VALUES (10081343, 10049011, N'اختبار  تقرير الامراض البشرية - فئة الاختبار ', 0, NEWID(), NULL, NULL);

INSERT INTO [dbo].[tasSearchField] ([idfsSearchField], [idfsSearchFieldType], [idfsSearchObject], [idfsReferenceType], [idfsGISReferenceType], [strSearchFieldAlias], [strLookupTable], [intMapDisplayOrder], [intIncidenceDisplayOrder], [blnGeoLocationString], [strCalculatedFieldText], [rowguid], [intRowStatus], [idfsDefaultAggregateFunction], [blnShortAddressString], [strLookupFunction], [strLookupFunctionIdField], [strLookupFunctionNameField], [strLookupAttribute], [blnAllowMissedReferenceValues], [strReservedAttribute]) VALUES (10081343, 10081007, 10082022, 19000095, NULL, 'sflVCTest_TestCategory', 'rftTestCategory', NULL, NULL, 0, NULL, NEWID(), 0, 10004003, 0, NULL, NULL, NULL, NULL, 1, NULL);

INSERT INTO [dbo].[tasFieldSourceForTable]([idfsSearchField], [idfUnionSearchTable], [idfSearchTable], [strFieldText], [rowguid], [strReservedAttribute], [SourceSystemNameID], [SourceSystemKeyValue], [AuditCreateUser], [AuditCreateDTM], [AuditUpdateUser], [AuditUpdateDTM]) VALUES (10081343, 4583010000000, 4582990000000, N't{0}.idfsTestCategory', NEWID(), N'', 10519002, N'', N'', GETDATE(), N'', GETDATE())

-- Vet Disease Report Test - Tested By
INSERT INTO [dbo].[trtBaseReference] ([idfsBaseReference], [idfsReferenceType], [strBaseReferenceCode], [strDefault], [intHACode], [intOrder], [blnSystem], [intRowStatus], [rowguid], [strMaintenanceFlag], [strReservedAttribute]) VALUES (10081344, 19000080, 'sflVSL_TestedByPerson', 'Vet Disease Report Test - Tested By', 2, 0, 1, 0, NEWID(), NULL, NULL);  -- using 10080434 as an example

INSERT INTO [dbo].[trtStringNameTranslation] ([idfsBaseReference], [idfsLanguage], [strTextString], [intRowStatus], [rowguid], [strMaintenanceFlag], [strReservedAttribute]) VALUES (10081344, 10049003, N'Vet Disease Report Test - Tested By', 0, NEWID(), NULL, NULL);
INSERT INTO [dbo].[trtStringNameTranslation] ([idfsBaseReference], [idfsLanguage], [strTextString], [intRowStatus], [rowguid], [strMaintenanceFlag], [strReservedAttribute]) VALUES (10081344, 10049004, N'ვეტერინარული დაავადების ანგარიშის ტესტი - ვის მიერ არის ტესტირებული', 0, NEWID(), NULL, NULL);
INSERT INTO [dbo].[trtStringNameTranslation] ([idfsBaseReference], [idfsLanguage], [strTextString], [intRowStatus], [rowguid], [strMaintenanceFlag], [strReservedAttribute]) VALUES (10081344, 10049001, N'Baytarlıq Xəstəliyi Hesabatı Test - Testi aparan', 0, NEWID(), NULL, NULL);
INSERT INTO [dbo].[trtStringNameTranslation] ([idfsBaseReference], [idfsLanguage], [strTextString], [intRowStatus], [rowguid], [strMaintenanceFlag], [strReservedAttribute]) VALUES (10081344, 10049011, N'اختبار  تقرير الامراض البشرية - تم اختباره ', 0, NEWID(), NULL, NULL);

INSERT INTO [dbo].[tasSearchField] ([idfsSearchField], [idfsSearchFieldType], [idfsSearchObject], [idfsReferenceType], [idfsGISReferenceType], [strSearchFieldAlias], [strLookupTable], [intMapDisplayOrder], [intIncidenceDisplayOrder], [blnGeoLocationString], [strCalculatedFieldText], [rowguid], [intRowStatus], [idfsDefaultAggregateFunction], [blnShortAddressString], [strLookupFunction], [strLookupFunctionIdField], [strLookupFunctionNameField], [strLookupAttribute], [blnAllowMissedReferenceValues], [strReservedAttribute]) VALUES (10081344, 10081007, 10082022, NULL, NULL, 'sflVCTest_TestedByPerson', NULL, NULL, NULL, 0, NULL, NEWID(), 0, 10004003, 0, NULL, NULL, NULL, NULL, 0, NULL);

INSERT INTO [dbo].[tasFieldSourceForTable]([idfsSearchField], [idfUnionSearchTable], [idfSearchTable], [strFieldText], [rowguid], [strReservedAttribute], [SourceSystemNameID], [SourceSystemKeyValue], [AuditCreateUser], [AuditCreateDTM], [AuditUpdateUser], [AuditUpdateDTM]) VALUES (10081344, 4583010000000, 4583090000019, N'dbo.fnConcatFullName(tby_p{0}.strFamilyName, tby_p{0}.strFirstName, tby_p{0}.strSecondName)', NEWID(), N'', 10519002, N'', N'', GETDATE(), N'', GETDATE())

-- Vet Disease Report Test - Tested By Institution
INSERT INTO [dbo].[trtBaseReference] ([idfsBaseReference], [idfsReferenceType], [strBaseReferenceCode], [strDefault], [intHACode], [intOrder], [blnSystem], [intRowStatus], [rowguid], [strMaintenanceFlag], [strReservedAttribute]) VALUES (10081345, 19000080, 'sflVSL_TestedByInstitution', 'Vet Disease Report Test - Tested By Institution', 226, 0, 1, 0, NEWID(), NULL, NULL);  -- using 10080408 as an example

INSERT INTO [dbo].[trtStringNameTranslation] ([idfsBaseReference], [idfsLanguage], [strTextString], [intRowStatus], [rowguid], [strMaintenanceFlag], [strReservedAttribute]) VALUES (10081345, 10049003, N'Vet Disease Report Test - Tested By Institution', 0, NEWID(), NULL, NULL);
INSERT INTO [dbo].[trtStringNameTranslation] ([idfsBaseReference], [idfsLanguage], [strTextString], [intRowStatus], [rowguid], [strMaintenanceFlag], [strReservedAttribute]) VALUES (10081345, 10049004, N'ვეტერინარული დაავადების ანგარიშის ტესტი  - ტესტირებულია დაწესებულების მიერ', 0, NEWID(), NULL, NULL);
INSERT INTO [dbo].[trtStringNameTranslation] ([idfsBaseReference], [idfsLanguage], [strTextString], [intRowStatus], [rowguid], [strMaintenanceFlag], [strReservedAttribute]) VALUES (10081345, 10049001, N'Baytarlıq Xəstəliyi Hesabatı Test - Testi aparan müəssisə', 0, NEWID(), NULL, NULL);
INSERT INTO [dbo].[trtStringNameTranslation] ([idfsBaseReference], [idfsLanguage], [strTextString], [intRowStatus], [rowguid], [strMaintenanceFlag], [strReservedAttribute]) VALUES (10081345, 10049011, N'اختبار  تقرير الامراض البشرية - تم اختباره من المؤسسة ', 0, NEWID(), NULL, NULL);

INSERT INTO [dbo].[tasSearchField] ([idfsSearchField], [idfsSearchFieldType], [idfsSearchObject], [idfsReferenceType], [idfsGISReferenceType], [strSearchFieldAlias], [strLookupTable], [intMapDisplayOrder], [intIncidenceDisplayOrder], [blnGeoLocationString], [strCalculatedFieldText], [rowguid], [intRowStatus], [idfsDefaultAggregateFunction], [blnShortAddressString], [strLookupFunction], [strLookupFunctionIdField], [strLookupFunctionNameField], [strLookupAttribute], [blnAllowMissedReferenceValues], [strReservedAttribute]) VALUES (10081345, 10081007, 10082022, 19000046, NULL, 'sflVCTest_TestedByInstitution', 'Organization', NULL, NULL, 0, NULL, NEWID(), 0, 10004003, 0, NULL, NULL, NULL, 'FullName', 1, NULL);

INSERT INTO [dbo].[tasFieldSourceForTable]([idfsSearchField], [idfUnionSearchTable], [idfSearchTable], [strFieldText], [rowguid], [strReservedAttribute], [SourceSystemNameID], [SourceSystemKeyValue], [AuditCreateUser], [AuditCreateDTM], [AuditUpdateUser], [AuditUpdateDTM]) VALUES (10081345, 4583010000000, 4583090000004, N'tby_o{0}.idfsOfficeName', NEWID(), N'', 10519002, N'', N'', GETDATE(), N'', GETDATE())

-- Stoped here ...




-- Hide 'Vet Case - Diagnosis' (10080300), deprecated
UPDATE dbo.trtBaseReference SET intRowStatus = 1 WHERE idfsBaseReference = 10080300

-- Hide 'Vet Case - Diagnosis - Is Zoonotic' (10080570), deprecated
UPDATE dbo.trtBaseReference SET intRowStatus = 1 WHERE idfsBaseReference = 10080570


-- Remove 'Outbreak' root object.
UPDATE trtBaseReference SET intRowStatus = 1 WHERE idfsBaseReference = 10082016
GO

-- Remove 'Farm - Elevation (m)' field
UPDATE trtBaseReference SET intRowStatus = 1 WHERE idfsBaseReference = 10080582
GO

-- Remove 'Human case sample - collected by officer'
UPDATE dbo.trtBaseReference SET intRowStatus = 1 where idfsBaseReference = 10080508

---- Human Active Surveillance Campaign (10082047) -----
-- New root search object 
ALTER TABLE dbo.trtBaseReference DISABLE TRIGGER ALL
INSERT INTO [dbo].[trtBaseReference] ([idfsBaseReference], [idfsReferenceType], [strBaseReferenceCode], [strDefault], [intHACode], [intOrder], [blnSystem], [intRowStatus], [rowguid], [strMaintenanceFlag], [strReservedAttribute])
VALUES (10082047, 19000082, NULL, 'Human Active Surveillance Campaign', 32, 0, 1, 0, NEWID(),NULL, NULL)
GO

INSERT INTO [dbo].[tasSearchObject] ([idfsSearchObject], [idfsFormType], [blnPrimary], [rowguid], [intRowStatus], [blnShowReportType], [strReservedAttribute])
VALUES (10082047, NULL, 1, NEWID(), 0, 0, NULL)
GO

INSERT INTO [dbo].[trtStringNameTranslation] ([idfsBaseReference], [idfsLanguage], [strTextString], [intRowStatus], [rowguid], [strMaintenanceFlag], [strReservedAttribute]) VALUES (10082047,10049003,'Human Active Surveillance Campaign',0,NEWID(),NULL,NULL)
INSERT INTO [dbo].[trtStringNameTranslation] ([idfsBaseReference], [idfsLanguage], [strTextString], [intRowStatus], [rowguid], [strMaintenanceFlag], [strReservedAttribute]) VALUES (10082047,10049004,N'ადამიანის დაავადების აქტიური ზედამხედველობის კამპანია',0,NEWID(),NULL,NULL)
INSERT INTO [dbo].[trtStringNameTranslation] ([idfsBaseReference], [idfsLanguage], [strTextString], [intRowStatus], [rowguid], [strMaintenanceFlag], [strReservedAttribute]) VALUES (10082047,10049001,N'İnsan xəstəlikləri üzrə Fəal Müşahidə Kampaniyası',0,NEWID(),NULL,NULL)
INSERT INTO [dbo].[trtStringNameTranslation] ([idfsBaseReference], [idfsLanguage], [strTextString], [intRowStatus], [rowguid], [strMaintenanceFlag], [strReservedAttribute]) VALUES (10082047,10049011,N'حملة الترصد  البشري النَشِط ',0,NEWID(),NULL,NULL)
GO
ALTER TABLE dbo.trtBaseReference ENABLE TRIGGER ALL

---- Human Active Surveillance Session (10082048) ----
-- Child object of Human Active Surveillance Campaign 
ALTER TABLE dbo.trtBaseReference DISABLE TRIGGER ALL
INSERT INTO [dbo].[trtBaseReference] ([idfsBaseReference], [idfsReferenceType], [strBaseReferenceCode], [strDefault], [intHACode], [intOrder], [blnSystem], [intRowStatus], [rowguid], [strMaintenanceFlag], [strReservedAttribute])
VALUES (10082048, 19000082, NULL, 'Human Active Surveillance Session', 32, 0, NULL, 0, NEWID(), NULL, NULL)
GO

INSERT INTO [dbo].[tasSearchObject] ([idfsSearchObject], [idfsFormType], [blnPrimary], [rowguid], [intRowStatus], [blnShowReportType], [strReservedAttribute])
VALUES (10082048, NULL, 0, NEWID(), 0, 0, NULL)
GO

INSERT INTO [dbo].[trtStringNameTranslation] ([idfsBaseReference], [idfsLanguage], [strTextString], [intRowStatus], [rowguid], [strMaintenanceFlag], [strReservedAttribute])
VALUES(10082048, 10049003,'Human Active Surveillance Session', 0, NEWID(), NULL, NULL)
INSERT INTO [dbo].[trtStringNameTranslation] ([idfsBaseReference], [idfsLanguage], [strTextString], [intRowStatus], [rowguid], [strMaintenanceFlag], [strReservedAttribute])
VALUES(10082048, 10049004,N'ადამიანის დაავადების აქტიური ზედამხედველობის სესია', 0, NEWID(), NULL, NULL)
INSERT INTO [dbo].[trtStringNameTranslation] ([idfsBaseReference], [idfsLanguage], [strTextString], [intRowStatus], [rowguid], [strMaintenanceFlag], [strReservedAttribute])
VALUES(10082048, 10049001,N'İnsan xəstəlikləri üzrə Fəal Müşahidə Sessiyası', 0, NEWID(), NULL, NULL)
INSERT INTO [dbo].[trtStringNameTranslation] ([idfsBaseReference], [idfsLanguage], [strTextString], [intRowStatus], [rowguid], [strMaintenanceFlag], [strReservedAttribute])
VALUES(10082048, 10049011,N'دورة الترصد  البشري النَشِط ', 0, NEWID(), NULL, NULL)
GO
ALTER TABLE dbo.trtBaseReference ENABLE TRIGGER ALL

-- Add relations - 'Human Active Surveillance Session' child of 'Human Active Surveillance Campaign', changed values based on Marndar AVR_FIX_06012021_DML.sql
INSERT INTO [dbo].[tasSearchObjectToSearchObject] ([idfsRelatedSearchObject], [idfsParentSearchObject], [rowguid], [strSubQueryJoinCondition], [blnUseForSubQuery], [strReservedAttribute])
VALUES(10082048, 10082047, NEWID(), 'v_{6}.[PKField] = v.[PKField] and v_{6}.[PKField_4582560000000] = v.[PKField_4582560000000] and v_{6}.[PKField_4582560000000] is not null', 1, NULL)
GO

-- Add fields starting at new idfsBaseReference 10081315
ALTER TABLE dbo.trtBaseReference DISABLE TRIGGER ALL

-- Human Active Surveillance Campaign fields 
INSERT INTO [dbo].[trtBaseReference] ([idfsBaseReference], [idfsReferenceType], [strBaseReferenceCode], [strDefault], [intHACode], [intOrder], [blnSystem], [intRowStatus], [rowguid], [strMaintenanceFlag], [strReservedAttribute]) VALUES (10081315, 19000080, 'sflHASC_CampaignID', 'HAS Campaign – Campaign ID', 32, 1, 1, 0, NEWID(), NULL, NULL);
INSERT INTO [dbo].[trtBaseReference] ([idfsBaseReference], [idfsReferenceType], [strBaseReferenceCode], [strDefault], [intHACode], [intOrder], [blnSystem], [intRowStatus], [rowguid], [strMaintenanceFlag], [strReservedAttribute]) VALUES (10081316, 19000080, 'sflHASC_CampaignName', 'HAS Campaign – Campaign Name', 32, 2, 1, 0, NEWID(), NULL, NULL);
INSERT INTO [dbo].[trtBaseReference] ([idfsBaseReference], [idfsReferenceType], [strBaseReferenceCode], [strDefault], [intHACode], [intOrder], [blnSystem], [intRowStatus], [rowguid], [strMaintenanceFlag], [strReservedAttribute]) VALUES (10081317, 19000080, 'sflHASC_CampaignType', 'HAS Campaign – Campaign Type', 32, 3, 1, 0, NEWID(), NULL, NULL);
INSERT INTO [dbo].[trtBaseReference] ([idfsBaseReference], [idfsReferenceType], [strBaseReferenceCode], [strDefault], [intHACode], [intOrder], [blnSystem], [intRowStatus], [rowguid], [strMaintenanceFlag], [strReservedAttribute]) VALUES (10081318, 19000080, 'sflHASC_CampaignStatus', 'HAS Campaign – Campaign Status', 32, 4, 1, 0, NEWID(), NULL, NULL);
INSERT INTO [dbo].[trtBaseReference] ([idfsBaseReference], [idfsReferenceType], [strBaseReferenceCode], [strDefault], [intHACode], [intOrder], [blnSystem], [intRowStatus], [rowguid], [strMaintenanceFlag], [strReservedAttribute]) VALUES (10081319, 19000080, 'sflHASC_CampaignStartDate', 'HAS Campaign – Campaign Start Date', 32, 5, 1, 0, NEWID(), NULL, NULL);
INSERT INTO [dbo].[trtBaseReference] ([idfsBaseReference], [idfsReferenceType], [strBaseReferenceCode], [strDefault], [intHACode], [intOrder], [blnSystem], [intRowStatus], [rowguid], [strMaintenanceFlag], [strReservedAttribute]) VALUES (10081320, 19000080, 'sflHASC_CampaignEndDate', 'HAS Campaign – Campaign End Date', 32, 6, 1, 0, NEWID(), NULL, NULL);
INSERT INTO [dbo].[trtBaseReference] ([idfsBaseReference], [idfsReferenceType], [strBaseReferenceCode], [strDefault], [intHACode], [intOrder], [blnSystem], [intRowStatus], [rowguid], [strMaintenanceFlag], [strReservedAttribute]) VALUES (10081321, 19000080, 'sflHASC_CampaignAdministrator', 'HAS Campaign – Campaign Administrator', 32, 7, 1, 0, NEWID(), NULL, NULL);
INSERT INTO [dbo].[trtBaseReference] ([idfsBaseReference], [idfsReferenceType], [strBaseReferenceCode], [strDefault], [intHACode], [intOrder], [blnSystem], [intRowStatus], [rowguid], [strMaintenanceFlag], [strReservedAttribute]) VALUES (10081322, 19000080, 'sflHASC_SampleType', 'HAS Campaign – Sample Type', 32, 8, 1, 0, NEWID(), NULL, NULL); -- using 10080122 as an example

INSERT INTO [dbo].[trtStringNameTranslation] ([idfsBaseReference], [idfsLanguage], [strTextString], [intRowStatus], [rowguid], [strMaintenanceFlag], [strReservedAttribute]) VALUES (10081315, 10049003, 'HAS Campaign – Campaign ID', 0, NEWID(), NULL, NULL);
INSERT INTO [dbo].[trtStringNameTranslation] ([idfsBaseReference], [idfsLanguage], [strTextString], [intRowStatus], [rowguid], [strMaintenanceFlag], [strReservedAttribute]) VALUES (10081316, 10049003, 'HAS Campaign – Campaign Name', 0, NEWID(), NULL, NULL);
INSERT INTO [dbo].[trtStringNameTranslation] ([idfsBaseReference], [idfsLanguage], [strTextString], [intRowStatus], [rowguid], [strMaintenanceFlag], [strReservedAttribute]) VALUES (10081317, 10049003, 'HAS Campaign – Campaign Type', 0, NEWID(), NULL, NULL);
INSERT INTO [dbo].[trtStringNameTranslation] ([idfsBaseReference], [idfsLanguage], [strTextString], [intRowStatus], [rowguid], [strMaintenanceFlag], [strReservedAttribute]) VALUES (10081318, 10049003, 'HAS Campaign – Campaign Status', 0, NEWID(), NULL, NULL);
INSERT INTO [dbo].[trtStringNameTranslation] ([idfsBaseReference], [idfsLanguage], [strTextString], [intRowStatus], [rowguid], [strMaintenanceFlag], [strReservedAttribute]) VALUES (10081319, 10049003, 'HAS Campaign – Campaign Start Date', 0, NEWID(), NULL, NULL);
INSERT INTO [dbo].[trtStringNameTranslation] ([idfsBaseReference], [idfsLanguage], [strTextString], [intRowStatus], [rowguid], [strMaintenanceFlag], [strReservedAttribute]) VALUES (10081320, 10049003, 'HAS Campaign – Campaign End Date', 0, NEWID(), NULL, NULL);
INSERT INTO [dbo].[trtStringNameTranslation] ([idfsBaseReference], [idfsLanguage], [strTextString], [intRowStatus], [rowguid], [strMaintenanceFlag], [strReservedAttribute]) VALUES (10081321, 10049003, 'HAS Campaign – Campaign Administrator', 0, NEWID(),NULL, NULL);
INSERT INTO [dbo].[trtStringNameTranslation] ([idfsBaseReference], [idfsLanguage], [strTextString], [intRowStatus], [rowguid], [strMaintenanceFlag], [strReservedAttribute]) VALUES (10081322, 10049003, 'HAS Campaign – Sample Type', 0, NEWID(), NULL, NULL);

INSERT INTO [dbo].[tasSearchField] ([idfsSearchField], [idfsSearchFieldType], [idfsSearchObject], [idfsReferenceType], [idfsGISReferenceType], [strSearchFieldAlias], [strLookupTable], [intMapDisplayOrder], [intIncidenceDisplayOrder], [blnGeoLocationString], [strCalculatedFieldText], [rowguid], [intRowStatus], [idfsDefaultAggregateFunction], [blnShortAddressString], [strLookupFunction], [strLookupFunctionIdField], [strLookupFunctionNameField], [strLookupAttribute], [blnAllowMissedReferenceValues], [strReservedAttribute]) VALUES (10081315, 10081007, 10082047, NULL, NULL, 'sflHASC_CampaignID', NULL, NULL, NULL, NULL, NULL, NEWID(), 0, 10004003, 0, NULL, NULL, NULL, NULL, 0, NULL);
INSERT INTO [dbo].[tasSearchField] ([idfsSearchField], [idfsSearchFieldType], [idfsSearchObject], [idfsReferenceType], [idfsGISReferenceType], [strSearchFieldAlias], [strLookupTable], [intMapDisplayOrder], [intIncidenceDisplayOrder], [blnGeoLocationString], [strCalculatedFieldText], [rowguid], [intRowStatus], [idfsDefaultAggregateFunction], [blnShortAddressString], [strLookupFunction], [strLookupFunctionIdField], [strLookupFunctionNameField], [strLookupAttribute], [blnAllowMissedReferenceValues], [strReservedAttribute]) VALUES (10081316, 10081007, 10082047, NULL, NULL, 'sflHASC_CampaignName', NULL, NULL, NULL, NULL, NULL, NEWID(), 0, 10004003, 0, NULL, NULL, NULL, NULL, 0, NULL);
INSERT INTO [dbo].[tasSearchField] ([idfsSearchField], [idfsSearchFieldType], [idfsSearchObject], [idfsReferenceType], [idfsGISReferenceType], [strSearchFieldAlias], [strLookupTable], [intMapDisplayOrder], [intIncidenceDisplayOrder], [blnGeoLocationString], [strCalculatedFieldText], [rowguid], [intRowStatus], [idfsDefaultAggregateFunction], [blnShortAddressString], [strLookupFunction], [strLookupFunctionIdField], [strLookupFunctionNameField], [strLookupAttribute], [blnAllowMissedReferenceValues], [strReservedAttribute]) VALUES (10081317, 10081007, 10082047, 19000116, NULL, 'sflHASC_CampaignType', 'rftCampaignType', NULL, NULL, NULL, NULL, NEWID(), 0, 10004003, 0, NULL, NULL, NULL, 'name', 0, NULL);
INSERT INTO [dbo].[tasSearchField] ([idfsSearchField], [idfsSearchFieldType], [idfsSearchObject], [idfsReferenceType], [idfsGISReferenceType], [strSearchFieldAlias], [strLookupTable], [intMapDisplayOrder], [intIncidenceDisplayOrder], [blnGeoLocationString], [strCalculatedFieldText], [rowguid], [intRowStatus], [idfsDefaultAggregateFunction], [blnShortAddressString], [strLookupFunction], [strLookupFunctionIdField], [strLookupFunctionNameField], [strLookupAttribute], [blnAllowMissedReferenceValues], [strReservedAttribute]) VALUES (10081318, 10081007, 10082047, 19000115, NULL, 'sflHASC_CampaignStatus', 'rftCampaignStatus', NULL, NULL, NULL, NULL, NEWID(), 0, 10004003, 0, NULL, NULL, NULL, 'name', 0, NULL);
INSERT INTO [dbo].[tasSearchField] ([idfsSearchField], [idfsSearchFieldType], [idfsSearchObject], [idfsReferenceType], [idfsGISReferenceType], [strSearchFieldAlias], [strLookupTable], [intMapDisplayOrder], [intIncidenceDisplayOrder], [blnGeoLocationString], [strCalculatedFieldText], [rowguid], [intRowStatus], [idfsDefaultAggregateFunction], [blnShortAddressString], [strLookupFunction], [strLookupFunctionIdField], [strLookupFunctionNameField], [strLookupAttribute], [blnAllowMissedReferenceValues], [strReservedAttribute]) VALUES (10081319, 10081002, 10082047, NULL, NULL, 'sflHASC_CampaignStartDate', NULL, NULL, NULL, NULL, NULL, NEWID(), 0, 10004003, 0, NULL, NULL, NULL, NULL, 0, NULL);
INSERT INTO [dbo].[tasSearchField] ([idfsSearchField], [idfsSearchFieldType], [idfsSearchObject], [idfsReferenceType], [idfsGISReferenceType], [strSearchFieldAlias], [strLookupTable], [intMapDisplayOrder], [intIncidenceDisplayOrder], [blnGeoLocationString], [strCalculatedFieldText], [rowguid], [intRowStatus], [idfsDefaultAggregateFunction], [blnShortAddressString], [strLookupFunction], [strLookupFunctionIdField], [strLookupFunctionNameField], [strLookupAttribute], [blnAllowMissedReferenceValues], [strReservedAttribute]) VALUES (10081320, 10081002, 10082047, NULL, NULL, 'sflHASC_CampaignEndDate', NULL, NULL, NULL, NULL, NULL, NEWID(), 0, 10004003, 0, NULL, NULL, NULL, NULL, 0, NULL);
INSERT INTO [dbo].[tasSearchField] ([idfsSearchField], [idfsSearchFieldType], [idfsSearchObject], [idfsReferenceType], [idfsGISReferenceType], [strSearchFieldAlias], [strLookupTable], [intMapDisplayOrder], [intIncidenceDisplayOrder], [blnGeoLocationString], [strCalculatedFieldText], [rowguid], [intRowStatus], [idfsDefaultAggregateFunction], [blnShortAddressString], [strLookupFunction], [strLookupFunctionIdField], [strLookupFunctionNameField], [strLookupAttribute], [blnAllowMissedReferenceValues], [strReservedAttribute]) VALUES (10081321, 10081007, 10082047, NULL, NULL, 'sflHASC_CampaignAdministrator', NULL, NULL, NULL, NULL, NULL, NEWID(), 0, 10004003, 0, NULL, NULL, NULL, NULL, 0, NULL);
INSERT INTO [dbo].[tasSearchField] ([idfsSearchField], [idfsSearchFieldType], [idfsSearchObject], [idfsReferenceType], [idfsGISReferenceType], [strSearchFieldAlias], [strLookupTable], [intMapDisplayOrder], [intIncidenceDisplayOrder], [blnGeoLocationString], [strCalculatedFieldText], [rowguid], [intRowStatus], [idfsDefaultAggregateFunction], [blnShortAddressString], [strLookupFunction] ,[strLookupFunctionIdField], [strLookupFunctionNameField], [strLookupAttribute], [blnAllowMissedReferenceValues], [strReservedAttribute]) VALUES (10081322, 10081007, 10082047, 19000087, NULL, 'sflHASC_SampleType', 'rftSampleType', NULL, NULL, NULL, NULL, NEWID(), 0, 10004003, 0, NULL, NULL, NULL, 'name', 0, NULL);

-- Human Active Surveillance Session fields --
INSERT INTO [dbo].[trtBaseReference] ([idfsBaseReference], [idfsReferenceType], [strBaseReferenceCode], [strDefault], [intHACode], [intOrder], [blnSystem], [intRowStatus], [rowguid], [strMaintenanceFlag], [strReservedAttribute]) VALUES (10081323, 19000080, 'sflHASS_SessionID', 'HAS Session – Session ID', 32, 1, 1, 0, NEWID(), NULL, NULL);
INSERT INTO [dbo].[trtBaseReference] ([idfsBaseReference], [idfsReferenceType], [strBaseReferenceCode], [strDefault], [intHACode], [intOrder], [blnSystem], [intRowStatus], [rowguid], [strMaintenanceFlag], [strReservedAttribute]) VALUES (10080837, 19000080, 'sflHASS_SessionStatus', 'HAS Session – Session Status', 32, 2, 1, 0, NEWID(), NULL, NULL);
INSERT INTO [dbo].[trtBaseReference] ([idfsBaseReference], [idfsReferenceType], [strBaseReferenceCode], [strDefault], [intHACode], [intOrder], [blnSystem], [intRowStatus], [rowguid], [strMaintenanceFlag], [strReservedAttribute]) VALUES (10080838, 19000080, 'sflHASS_CampaignID', 'HAS Session – Campaign ID', 32, 3, 1, 0, NEWID(), NULL, NULL);
INSERT INTO [dbo].[trtBaseReference] ([idfsBaseReference], [idfsReferenceType], [strBaseReferenceCode], [strDefault], [intHACode], [intOrder], [blnSystem], [intRowStatus], [rowguid], [strMaintenanceFlag], [strReservedAttribute]) VALUES (10080839, 19000080, 'sflHASS_CampaignName', 'HAS Session – Campaign Name', 32, 4, 1, 0, NEWID(), NULL, NULL);
INSERT INTO [dbo].[trtBaseReference] ([idfsBaseReference], [idfsReferenceType], [strBaseReferenceCode], [strDefault], [intHACode], [intOrder], [blnSystem], [intRowStatus], [rowguid], [strMaintenanceFlag], [strReservedAttribute]) VALUES (10080840, 19000080, 'sflHASS_CampaignType', 'HAS Session – Campaign Type', 32, 5, 1, 0, NEWID(), NULL, NULL);
INSERT INTO [dbo].[trtBaseReference] ([idfsBaseReference], [idfsReferenceType], [strBaseReferenceCode], [strDefault], [intHACode], [intOrder], [blnSystem], [intRowStatus], [rowguid], [strMaintenanceFlag], [strReservedAttribute]) VALUES (10080841, 19000080, 'sflHASS_SessionStartDate', 'HAS Session – Session Start Date', 32, 6, NULL, 0, NEWID(), NULL, NULL);
INSERT INTO [dbo].[trtBaseReference] ([idfsBaseReference], [idfsReferenceType], [strBaseReferenceCode], [strDefault], [intHACode], [intOrder], [blnSystem], [intRowStatus], [rowguid], [strMaintenanceFlag], [strReservedAttribute]) VALUES (10080842, 19000080, 'sflHASSession_EndDate', 'HAS Session – Session End Date', 32, 7, 1, 0, NEWID(), NULL, NULL);
INSERT INTO [dbo].[trtBaseReference] ([idfsBaseReference], [idfsReferenceType], [strBaseReferenceCode], [strDefault], [intHACode], [intOrder], [blnSystem], [intRowStatus], [rowguid], [strMaintenanceFlag], [strReservedAttribute]) VALUES (10080843, 19000080, 'sflHASS_Diseases', 'HAS Session – Diseases', 32, 8, 1, 0, NEWID(), NULL, NULL); -- changed to example 10080319
INSERT INTO [dbo].[trtBaseReference] ([idfsBaseReference], [idfsReferenceType], [strBaseReferenceCode], [strDefault], [intHACode], [intOrder], [blnSystem], [intRowStatus], [rowguid], [strMaintenanceFlag], [strReservedAttribute]) VALUES (10080844, 19000080, 'sflHASS_EnteredDate', 'HAS Session – Date Entered', 32, 9, 1, 0, NEWID(), NULL, NULL);
INSERT INTO [dbo].[trtBaseReference] ([idfsBaseReference], [idfsReferenceType], [strBaseReferenceCode], [strDefault], [intHACode], [intOrder], [blnSystem], [intRowStatus], [rowguid], [strMaintenanceFlag], [strReservedAttribute]) VALUES (10080845, 19000080, 'sflHASS_LocationCountry', 'HAS Session – Country', 32, 10, 1, 0, NEWID(), NULL, NULL);
INSERT INTO [dbo].[trtBaseReference] ([idfsBaseReference], [idfsReferenceType], [strBaseReferenceCode], [strDefault], [intHACode], [intOrder], [blnSystem], [intRowStatus], [rowguid], [strMaintenanceFlag], [strReservedAttribute]) VALUES (10080846, 19000080, 'sflHASS_Region', 'HAS Session – Region', 32, 11, 1, 0, NEWID(), NULL, NULL);
INSERT INTO [dbo].[trtBaseReference] ([idfsBaseReference], [idfsReferenceType], [strBaseReferenceCode], [strDefault], [intHACode], [intOrder], [blnSystem], [intRowStatus], [rowguid], [strMaintenanceFlag], [strReservedAttribute]) VALUES (10080847, 19000080, 'sflHASS_Rayon', 'HAS Session – Rayon', 32, 12, 1, 0, NEWID(), NULL, NULL);
INSERT INTO [dbo].[trtBaseReference] ([idfsBaseReference], [idfsReferenceType], [strBaseReferenceCode], [strDefault], [intHACode], [intOrder], [blnSystem], [intRowStatus], [rowguid], [strMaintenanceFlag], [strReservedAttribute]) VALUES (10080848, 19000080, 'sflHASS_Settlement', 'HAS Session – Settlement', 32, 13, 1, 0, NEWID(), NULL, NULL);

INSERT INTO [dbo].[trtStringNameTranslation] ([idfsBaseReference], [idfsLanguage], [strTextString], [intRowStatus], [rowguid], [strMaintenanceFlag], [strReservedAttribute]) VALUES (10081323, 10049003, 'HAS Session – Session ID', 0, NEWID(), NULL, NULL);
INSERT INTO [dbo].[trtStringNameTranslation] ([idfsBaseReference], [idfsLanguage], [strTextString], [intRowStatus], [rowguid], [strMaintenanceFlag], [strReservedAttribute]) VALUES (10080837, 10049003, 'HAS Session – Session Status', 0, NEWID(), NULL, NULL);
INSERT INTO [dbo].[trtStringNameTranslation] ([idfsBaseReference], [idfsLanguage], [strTextString], [intRowStatus], [rowguid], [strMaintenanceFlag], [strReservedAttribute]) VALUES (10080838, 10049003, 'HAS Session – Campaign ID', 0, NEWID(), NULL, NULL);
INSERT INTO [dbo].[trtStringNameTranslation] ([idfsBaseReference], [idfsLanguage], [strTextString], [intRowStatus], [rowguid], [strMaintenanceFlag], [strReservedAttribute]) VALUES (10080839, 10049003, 'HAS Session – Campaign Name', 0, NEWID(), NULL, NULL);
INSERT INTO [dbo].[trtStringNameTranslation] ([idfsBaseReference], [idfsLanguage], [strTextString], [intRowStatus], [rowguid], [strMaintenanceFlag], [strReservedAttribute]) VALUES (10080840, 10049003, 'HAS Session – Campaign Type', 0, NEWID(), NULL, NULL);
INSERT INTO [dbo].[trtStringNameTranslation] ([idfsBaseReference], [idfsLanguage], [strTextString], [intRowStatus], [rowguid], [strMaintenanceFlag], [strReservedAttribute]) VALUES (10080841, 10049003, 'HAS Session – Session Start Date', 0, NEWID(), NULL, NULL);
INSERT INTO [dbo].[trtStringNameTranslation] ([idfsBaseReference], [idfsLanguage], [strTextString], [intRowStatus], [rowguid], [strMaintenanceFlag], [strReservedAttribute]) VALUES (10080842, 10049003, 'HAS Session – Session End Date', 0, NEWID(),NULL, NULL);
INSERT INTO [dbo].[trtStringNameTranslation] ([idfsBaseReference], [idfsLanguage], [strTextString], [intRowStatus], [rowguid], [strMaintenanceFlag], [strReservedAttribute]) VALUES (10080843, 10049003, 'HAS Session – Diseases', 0, NEWID(), NULL, NULL); -- changed this value to Diseases which is a open field.
INSERT INTO [dbo].[trtStringNameTranslation] ([idfsBaseReference], [idfsLanguage], [strTextString], [intRowStatus], [rowguid], [strMaintenanceFlag], [strReservedAttribute]) VALUES (10080844, 10049003, 'HAS Session – Date Entered', 0, NEWID(), NULL, NULL);
INSERT INTO [dbo].[trtStringNameTranslation] ([idfsBaseReference], [idfsLanguage], [strTextString], [intRowStatus], [rowguid], [strMaintenanceFlag], [strReservedAttribute]) VALUES (10080845, 10049003, 'HAS Session – Country', 0, NEWID(), NULL, NULL);
INSERT INTO [dbo].[trtStringNameTranslation] ([idfsBaseReference], [idfsLanguage], [strTextString], [intRowStatus], [rowguid], [strMaintenanceFlag], [strReservedAttribute]) VALUES (10080846, 10049003, 'HAS Session – Region', 0, NEWID(), NULL, NULL);
INSERT INTO [dbo].[trtStringNameTranslation] ([idfsBaseReference], [idfsLanguage], [strTextString], [intRowStatus], [rowguid], [strMaintenanceFlag], [strReservedAttribute]) VALUES (10080847, 10049003, 'HAS Session – Rayon', 0, NEWID(), NULL, NULL);
INSERT INTO [dbo].[trtStringNameTranslation] ([idfsBaseReference], [idfsLanguage], [strTextString], [intRowStatus], [rowguid], [strMaintenanceFlag], [strReservedAttribute]) VALUES (10080848, 10049003, 'HAS Session – Settlement', 0, NEWID(), NULL, NULL);

INSERT INTO [dbo].[tasSearchField] ([idfsSearchField], [idfsSearchFieldType], [idfsSearchObject], [idfsReferenceType], [idfsGISReferenceType], [strSearchFieldAlias], [strLookupTable], [intMapDisplayOrder], [intIncidenceDisplayOrder], [blnGeoLocationString], [strCalculatedFieldText], [rowguid], [intRowStatus], [idfsDefaultAggregateFunction], [blnShortAddressString], [strLookupFunction], [strLookupFunctionIdField], [strLookupFunctionNameField], [strLookupAttribute], [blnAllowMissedReferenceValues], [strReservedAttribute]) VALUES (10081323, 10081007, 10082048, NULL, NULL, 'sflHASS_SessionID', NULL, NULL, NULL, NULL, NULL, NEWID(), 0, 10004003, 0, NULL, NULL, NULL, NULL, 0, NULL);
INSERT INTO [dbo].[tasSearchField] ([idfsSearchField], [idfsSearchFieldType], [idfsSearchObject], [idfsReferenceType], [idfsGISReferenceType], [strSearchFieldAlias], [strLookupTable], [intMapDisplayOrder], [intIncidenceDisplayOrder], [blnGeoLocationString], [strCalculatedFieldText], [rowguid], [intRowStatus], [idfsDefaultAggregateFunction], [blnShortAddressString], [strLookupFunction], [strLookupFunctionIdField], [strLookupFunctionNameField], [strLookupAttribute], [blnAllowMissedReferenceValues], [strReservedAttribute]) VALUES (10080837, 10081007, 10082048, 19000117, NULL, 'sflHASS_SessionStatus', 'rftMonitoringSessionStatus', NULL, NULL, NULL, NULL, NEWID(), 0, 10004003, 0, NULL, NULL, NULL, NULL, 0, NULL); --ddl
INSERT INTO [dbo].[tasSearchField] ([idfsSearchField], [idfsSearchFieldType], [idfsSearchObject], [idfsReferenceType], [idfsGISReferenceType], [strSearchFieldAlias], [strLookupTable], [intMapDisplayOrder], [intIncidenceDisplayOrder], [blnGeoLocationString], [strCalculatedFieldText], [rowguid], [intRowStatus], [idfsDefaultAggregateFunction], [blnShortAddressString], [strLookupFunction], [strLookupFunctionIdField], [strLookupFunctionNameField], [strLookupAttribute], [blnAllowMissedReferenceValues], [strReservedAttribute]) VALUES (10080838, 10081007, 10082048, NULL, NULL, 'sflHASS_CampaignID', NULL, NULL, NULL, NULL, NULL, NEWID(), 0, 10004003, 0, NULL, NULL, NULL, NULL, 0, NULL);
INSERT INTO [dbo].[tasSearchField] ([idfsSearchField], [idfsSearchFieldType], [idfsSearchObject], [idfsReferenceType], [idfsGISReferenceType], [strSearchFieldAlias], [strLookupTable], [intMapDisplayOrder], [intIncidenceDisplayOrder], [blnGeoLocationString], [strCalculatedFieldText], [rowguid], [intRowStatus], [idfsDefaultAggregateFunction], [blnShortAddressString], [strLookupFunction], [strLookupFunctionIdField], [strLookupFunctionNameField], [strLookupAttribute], [blnAllowMissedReferenceValues], [strReservedAttribute]) VALUES (10080839, 10081007, 10082048, NULL, NULL, 'sflHASS_CampaignName', NULL, NULL, NULL, NULL, NULL, NEWID(), 0, 10004003, 0, NULL, NULL, NULL, NULL, 0, NULL);
INSERT INTO [dbo].[tasSearchField] ([idfsSearchField], [idfsSearchFieldType], [idfsSearchObject], [idfsReferenceType], [idfsGISReferenceType], [strSearchFieldAlias], [strLookupTable], [intMapDisplayOrder], [intIncidenceDisplayOrder], [blnGeoLocationString], [strCalculatedFieldText], [rowguid], [intRowStatus], [idfsDefaultAggregateFunction], [blnShortAddressString], [strLookupFunction], [strLookupFunctionIdField], [strLookupFunctionNameField], [strLookupAttribute], [blnAllowMissedReferenceValues], [strReservedAttribute]) VALUES (10080840, 10081007, 10082048, 19000116, NULL, 'sflHASS_CampaignType', 'rftCampaignType', NULL, NULL, NULL, NULL, NEWID(), 0, 10004003, 0, NULL, NULL, NULL, 'name', 0, NULL); --ddl
INSERT INTO [dbo].[tasSearchField] ([idfsSearchField], [idfsSearchFieldType], [idfsSearchObject], [idfsReferenceType], [idfsGISReferenceType], [strSearchFieldAlias], [strLookupTable], [intMapDisplayOrder], [intIncidenceDisplayOrder], [blnGeoLocationString], [strCalculatedFieldText], [rowguid], [intRowStatus], [idfsDefaultAggregateFunction], [blnShortAddressString], [strLookupFunction], [strLookupFunctionIdField], [strLookupFunctionNameField], [strLookupAttribute], [blnAllowMissedReferenceValues], [strReservedAttribute]) VALUES (10080841, 10081002, 10082048, NULL, NULL, 'sflHASS_SessionStartDate', NULL, NULL, NULL, NULL, NULL, NEWID(), 0, 10004003, 0, NULL, NULL, NULL, NULL, 0, NULL);
INSERT INTO [dbo].[tasSearchField] ([idfsSearchField], [idfsSearchFieldType], [idfsSearchObject], [idfsReferenceType], [idfsGISReferenceType], [strSearchFieldAlias], [strLookupTable], [intMapDisplayOrder], [intIncidenceDisplayOrder], [blnGeoLocationString], [strCalculatedFieldText], [rowguid], [intRowStatus], [idfsDefaultAggregateFunction], [blnShortAddressString], [strLookupFunction], [strLookupFunctionIdField], [strLookupFunctionNameField], [strLookupAttribute], [blnAllowMissedReferenceValues], [strReservedAttribute]) VALUES (10080842, 10081002, 10082048, NULL, NULL, 'sflHASSession_EndDate', NULL, NULL, NULL, NULL, NULL, NEWID(), 0, 10004003, 0, NULL, NULL, NULL, NULL, 0, NULL);
-- INSERT INTO [dbo].[tasSearchField] ([idfsSearchField], [idfsSearchFieldType], [idfsSearchObject], [idfsReferenceType], [idfsGISReferenceType], [strSearchFieldAlias], [strLookupTable], [intMapDisplayOrder], [intIncidenceDisplayOrder], [blnGeoLocationString], [strCalculatedFieldText], [rowguid], [intRowStatus], [idfsDefaultAggregateFunction], [blnShortAddressString], [strLookupFunction] ,[strLookupFunctionIdField], [strLookupFunctionNameField], [strLookupAttribute], [blnAllowMissedReferenceValues], [strReservedAttribute]) VALUES (10080843, 10081007, 10082048, 19000019, NULL, 'sflHASS_Disease', 'HumanStandardDiagnosis', NULL, NULL, NULL, NULL, NEWID(), 0, 10004003, 0, NULL, NULL, NULL, 'name', 0, NULL); --ddl, this was the original method of disease selection
INSERT INTO [dbo].[tasSearchField] ([idfsSearchField], [idfsSearchFieldType], [idfsSearchObject], [idfsReferenceType], [idfsGISReferenceType], [strSearchFieldAlias], [strLookupTable], [intMapDisplayOrder], [intIncidenceDisplayOrder], [blnGeoLocationString], [strCalculatedFieldText], [rowguid], [intRowStatus], [idfsDefaultAggregateFunction], [blnShortAddressString], [strLookupFunction] ,[strLookupFunctionIdField], [strLookupFunctionNameField], [strLookupAttribute], [blnAllowMissedReferenceValues], [strReservedAttribute]) VALUES (10080843, 10081007, 10082048, NULL, NULL, 'sflHASS_Diseases', NULL, NULL, NULL, NULL, (SELECT strCalculatedFieldText FROM dbo.tasSearchField WHERE idfsSearchField=10080319), NEWID(), 0, 10004003, 0, NULL, NULL, NULL, NULL, 0, NULL);
INSERT INTO [dbo].[tasSearchField] ([idfsSearchField], [idfsSearchFieldType], [idfsSearchObject], [idfsReferenceType], [idfsGISReferenceType], [strSearchFieldAlias], [strLookupTable], [intMapDisplayOrder], [intIncidenceDisplayOrder], [blnGeoLocationString], [strCalculatedFieldText], [rowguid], [intRowStatus], [idfsDefaultAggregateFunction], [blnShortAddressString], [strLookupFunction] ,[strLookupFunctionIdField], [strLookupFunctionNameField], [strLookupAttribute], [blnAllowMissedReferenceValues], [strReservedAttribute]) VALUES (10080844, 10081002, 10082048, NULL, NULL, 'sflHASS_EnteredDate', NULL, NULL, NULL, NULL, NULL, NEWID(), 0, 10004003, 0, NULL, NULL, NULL, NULL, 0, NULL);
INSERT INTO [dbo].[tasSearchField] ([idfsSearchField], [idfsSearchFieldType], [idfsSearchObject], [idfsReferenceType], [idfsGISReferenceType], [strSearchFieldAlias], [strLookupTable], [intMapDisplayOrder], [intIncidenceDisplayOrder], [blnGeoLocationString], [strCalculatedFieldText], [rowguid], [intRowStatus], [idfsDefaultAggregateFunction], [blnShortAddressString], [strLookupFunction] ,[strLookupFunctionIdField], [strLookupFunctionNameField], [strLookupAttribute], [blnAllowMissedReferenceValues], [strReservedAttribute]) VALUES (10080845, 10081007, 10082048, NULL, 19000001, 'sflHASS_LocationCountry', 'Country', NULL, NULL, NULL, NULL, NEWID(), 0, 10004003, 0, NULL, NULL, NULL, 'strCountryExtendedName', 0, NULL); --ddl
INSERT INTO [dbo].[tasSearchField] ([idfsSearchField], [idfsSearchFieldType], [idfsSearchObject], [idfsReferenceType], [idfsGISReferenceType], [strSearchFieldAlias], [strLookupTable], [intMapDisplayOrder], [intIncidenceDisplayOrder], [blnGeoLocationString], [strCalculatedFieldText], [rowguid], [intRowStatus], [idfsDefaultAggregateFunction], [blnShortAddressString], [strLookupFunction] ,[strLookupFunctionIdField], [strLookupFunctionNameField], [strLookupAttribute], [blnAllowMissedReferenceValues], [strReservedAttribute]) VALUES (10080846, 10081007, 10082048, NULL, 19000003, 'sflHASS_Region', 'Region', 1004, 1004, NULL, NULL, NEWID(), 0, 10004003, 0, NULL, NULL, NULL, 'strRegionExtendedName', 1, NULL);
INSERT INTO [dbo].[tasSearchField] ([idfsSearchField], [idfsSearchFieldType], [idfsSearchObject], [idfsReferenceType], [idfsGISReferenceType], [strSearchFieldAlias], [strLookupTable], [intMapDisplayOrder], [intIncidenceDisplayOrder], [blnGeoLocationString], [strCalculatedFieldText], [rowguid], [intRowStatus], [idfsDefaultAggregateFunction], [blnShortAddressString], [strLookupFunction] ,[strLookupFunctionIdField], [strLookupFunctionNameField], [strLookupAttribute], [blnAllowMissedReferenceValues], [strReservedAttribute]) VALUES (10080847, 10081007, 10082048, NULL, 19000002, 'sflHASS_Rayon', 'Rayon', 1003, 1003, NULL, NULL, NEWID(), 0, 10004003, 0, NULL, NULL, NULL, 'strRayonExtendedName', 1, NULL);
INSERT INTO [dbo].[tasSearchField] ([idfsSearchField], [idfsSearchFieldType], [idfsSearchObject], [idfsReferenceType], [idfsGISReferenceType], [strSearchFieldAlias], [strLookupTable], [intMapDisplayOrder], [intIncidenceDisplayOrder], [blnGeoLocationString], [strCalculatedFieldText], [rowguid], [intRowStatus], [idfsDefaultAggregateFunction], [blnShortAddressString], [strLookupFunction] ,[strLookupFunctionIdField], [strLookupFunctionNameField], [strLookupAttribute], [blnAllowMissedReferenceValues], [strReservedAttribute]) VALUES (10080848, 10081007, 10082048, NULL, 19000004, 'sflHASS_Settlement', 'Settlement', 1001, 1001, NULL, NULL, NEWID(), 0, 10004003, 0, NULL, NULL, NULL, 'strSettlementExtendedName', 1, NULL); --ddl
GO

ALTER TABLE dbo.trtBaseReference ENABLE TRIGGER ALL


---- Human Active Surveillance Session - root object -----
-- Just had to set blnPrimary = 1 in order to make object show as root too. Human Active Surveillance Session is also a child object Human Active Surveillance Campaign 
UPDATE [dbo].[tasSearchObject] SET blnPrimary = 1 WHERE idfsSearchObject = 10082048

-- Add search object to search object tables
INSERT INTO  tasSearchObjectToSearchObject (idfsRelatedSearchObject, idfsParentSearchObject, rowguid, strSubQueryJoinCondition, blnUseForSubQuery, SourceSystemNameID) 
VALUES (10082048, 10082048, NEWID(), N'v_{6}.[PKField] = v.[PKField] and v_{6}.[PKField_4582560000000] = v.[PKField_4582560000000] and v_{6}.[PKField_4582560000000] is not null', 1, 10519002)

-- Add field source for search table, fields of root object
INSERT INTO [dbo].[tasFieldSourceForTable] (idfsSearchField,idfUnionSearchTable,idfSearchTable,strFieldText,rowguid) VALUES (10080843, 4582560000000, 4582560000000, N'asms{0}.idfMonitoringSession', NEWID())
INSERT INTO [dbo].[tasFieldSourceForTable] (idfsSearchField,idfUnionSearchTable,idfSearchTable,strFieldText,rowguid) VALUES (10080838, 4582560000000, 4582550000000, N'as_cam{0}.strCampaignID', NEWID())
INSERT INTO [dbo].[tasFieldSourceForTable] (idfsSearchField,idfUnionSearchTable,idfSearchTable,strFieldText,rowguid) VALUES (10080839, 4582560000000, 4582550000000, N'as_cam{0}.strCampaignName', NEWID())
INSERT INTO [dbo].[tasFieldSourceForTable] (idfsSearchField,idfUnionSearchTable,idfSearchTable,strFieldText,rowguid) VALUES (10080840, 4582560000000, 4582550000000, N'as_cam{0}.idfsCampaignType', NEWID())
INSERT INTO [dbo].[tasFieldSourceForTable] (idfsSearchField,idfUnionSearchTable,idfSearchTable,strFieldText,rowguid) VALUES (10080845, 4582560000000, 4582550000000, N'asms{0}.idfsCountry', NEWID())
INSERT INTO [dbo].[tasFieldSourceForTable] (idfsSearchField,idfUnionSearchTable,idfSearchTable,strFieldText,rowguid) VALUES (10080844, 4582560000000, 4582550000000, N'asms{0}.datEnteredDate', NEWID())
INSERT INTO [dbo].[tasFieldSourceForTable] (idfsSearchField,idfUnionSearchTable,idfSearchTable,strFieldText,rowguid) VALUES (10080847, 4582560000000, 4582550000000, N'asms{0}.idfsRayon', NEWID())
INSERT INTO [dbo].[tasFieldSourceForTable] (idfsSearchField,idfUnionSearchTable,idfSearchTable,strFieldText,rowguid) VALUES (10080846, 4582560000000, 4582550000000, N'asms{0}.idfsRegion', NEWID())
INSERT INTO [dbo].[tasFieldSourceForTable] (idfsSearchField,idfUnionSearchTable,idfSearchTable,strFieldText,rowguid) VALUES (10080842, 4582560000000, 4582550000000, N'asms{0}.datEndDate', NEWID())
INSERT INTO [dbo].[tasFieldSourceForTable] (idfsSearchField,idfUnionSearchTable,idfSearchTable,strFieldText,rowguid) VALUES (10081323, 4582560000000, 4582550000000, N'asms{0}.strMonitoringSessionID', NEWID())
INSERT INTO [dbo].[tasFieldSourceForTable] (idfsSearchField,idfUnionSearchTable,idfSearchTable,strFieldText,rowguid) VALUES (10080841, 4582560000000, 4582550000000, N'asms{0}.datStartDate', NEWID())
INSERT INTO [dbo].[tasFieldSourceForTable] (idfsSearchField,idfUnionSearchTable,idfSearchTable,strFieldText,rowguid) VALUES (10080837, 4582560000000, 4582550000000, N'asms{0}.idfsMonitoringSessionStatus', NEWID())
INSERT INTO [dbo].[tasFieldSourceForTable] (idfsSearchField,idfUnionSearchTable,idfSearchTable,strFieldText,rowguid) VALUES (10080848, 4582560000000, 4582550000000, N'asms{0}.idfsSettlement', NEWID())


-- Add 'Human Active Surveillance Session Persons and Samples' - object
ALTER TABLE dbo.trtBaseReference DISABLE TRIGGER ALL
INSERT INTO [dbo].[trtBaseReference] ([idfsBaseReference], [idfsReferenceType], [strBaseReferenceCode], [strDefault], [intHACode], [intOrder], [blnSystem], [intRowStatus], [rowguid], [strMaintenanceFlag], [strReservedAttribute])
VALUES (10082049, 19000082, NULL, 'Human Active Surveillance Session Persons and Samples', 32, 0, 1, 0, NEWID(), NULL, NULL)
GO

INSERT INTO [dbo].[tasSearchObject] ([idfsSearchObject], [idfsFormType], [blnPrimary], [rowguid], [intRowStatus], [blnShowReportType], [strReservedAttribute])
VALUES (10082049, NULL, 0, NEWID(), 0, 0, NULL)
GO

INSERT INTO [dbo].[trtStringNameTranslation] ([idfsBaseReference], [idfsLanguage], [strTextString], [intRowStatus], [rowguid], [strMaintenanceFlag], [strReservedAttribute])
VALUES(10082049, 10049003,N'Human Active Surveillance Session Persons and Samples', 0, NEWID(), NULL, NULL)
INSERT INTO [dbo].[trtStringNameTranslation] ([idfsBaseReference], [idfsLanguage], [strTextString], [intRowStatus], [rowguid], [strMaintenanceFlag], [strReservedAttribute])
VALUES(10082049, 10049004,N'ადამიანის დაავადების აქტიური ზედამხედველობის სესიის პირები and ნიმუშები', 0, NEWID(), NULL, NULL)
INSERT INTO [dbo].[trtStringNameTranslation] ([idfsBaseReference], [idfsLanguage], [strTextString], [intRowStatus], [rowguid], [strMaintenanceFlag], [strReservedAttribute])
VALUES(10082049, 10049001,N'İnsan xəstəlikləri üzrə Fəal Müşahidə Sessiyası Şəxslər və Nümunələr', 0, NEWID(), NULL, NULL)
INSERT INTO [dbo].[trtStringNameTranslation] ([idfsBaseReference], [idfsLanguage], [strTextString], [intRowStatus], [rowguid], [strMaintenanceFlag], [strReservedAttribute])
VALUES(10082049, 10049011,N'دورة الترصد البشري النَشِط للأفراد و العينات', 0, NEWID(), NULL, NULL)
GO
ALTER TABLE dbo.trtBaseReference ENABLE TRIGGER ALL

-- Add relations - 'Human Active Surveillance Session' child of 'Human Active Surveillance Session'
INSERT INTO [dbo].[tasSearchObjectToSearchObject] ([idfsRelatedSearchObject], [idfsParentSearchObject], [rowguid], [strSubQueryJoinCondition], [blnUseForSubQuery], [strReservedAttribute])
VALUES(10082049, 10082048, NEWID(), 'v_{6}.[PKField] = v.[PKField]', 0, NULL)
GO

-- Human Active Surveillance Session Persons and Samples - fields
INSERT INTO [dbo].[trtBaseReference] ([idfsBaseReference], [idfsReferenceType], [strBaseReferenceCode], [strDefault], [intHACode], [intOrder], [blnSystem], [intRowStatus], [rowguid], [strMaintenanceFlag], [strReservedAttribute]) VALUES (10080849, 19000080, 'sflHASS_PersonID', N'HAS Session Persons and Samples – Patient Personal ID', 32, 1, 1, 0, NEWID(), NULL, NULL); 
INSERT INTO [dbo].[trtBaseReference] ([idfsBaseReference], [idfsReferenceType], [strBaseReferenceCode], [strDefault], [intHACode], [intOrder], [blnSystem], [intRowStatus], [rowguid], [strMaintenanceFlag], [strReservedAttribute]) VALUES (10080850, 19000080, 'sflHASS_PersonAddressCountry', N'HAS Session Persons and Samples – Person Address: Country', 32, 2, 1, 0, NEWID(), NULL, NULL);
INSERT INTO [dbo].[trtBaseReference] ([idfsBaseReference], [idfsReferenceType], [strBaseReferenceCode], [strDefault], [intHACode], [intOrder], [blnSystem], [intRowStatus], [rowguid], [strMaintenanceFlag], [strReservedAttribute]) VALUES (10080851, 19000080, 'sflHASS_PersonAddressRegion', N'HAS Session Persons and Samples – Person Address: Region', 32, 3, 1, 0, NEWID(), NULL, NULL);
INSERT INTO [dbo].[trtBaseReference] ([idfsBaseReference], [idfsReferenceType], [strBaseReferenceCode], [strDefault], [intHACode], [intOrder], [blnSystem], [intRowStatus], [rowguid], [strMaintenanceFlag], [strReservedAttribute]) VALUES (10080852, 19000080, 'sflHASS_PersonAddressRayon', N'HAS Session Persons and Samples – Person Address: Rayon', 32, 4, 1, 0, NEWID(), NULL, NULL);
INSERT INTO [dbo].[trtBaseReference] ([idfsBaseReference], [idfsReferenceType], [strBaseReferenceCode], [strDefault], [intHACode], [intOrder], [blnSystem], [intRowStatus], [rowguid], [strMaintenanceFlag], [strReservedAttribute]) VALUES (10080853, 19000080, 'sflHASS_PersonAddressSettlement', N'HAS Session Persons and Samples – Person Address: Settlement', 32, 5, 1, 0, NEWID(), NULL, NULL);
INSERT INTO [dbo].[trtBaseReference] ([idfsBaseReference], [idfsReferenceType], [strBaseReferenceCode], [strDefault], [intHACode], [intOrder], [blnSystem], [intRowStatus], [rowguid], [strMaintenanceFlag], [strReservedAttribute]) VALUES (10080854, 19000080, 'sflLabSampleID', N'HAS Session Persons and Samples – Field Sample ID', 32, 6, 1, 0, NEWID(), NULL, NULL);
INSERT INTO [dbo].[trtBaseReference] ([idfsBaseReference], [idfsReferenceType], [strBaseReferenceCode], [strDefault], [intHACode], [intOrder], [blnSystem], [intRowStatus], [rowguid], [strMaintenanceFlag], [strReservedAttribute]) VALUES (10080855, 19000080, 'sflHASS_SampleType', N'HAS Session Persons and Samples – Sample Type', 32, 7, 1, 0, NEWID(), NULL, NULL);
INSERT INTO [dbo].[trtBaseReference] ([idfsBaseReference], [idfsReferenceType], [strBaseReferenceCode], [strDefault], [intHACode], [intOrder], [blnSystem], [intRowStatus], [rowguid], [strMaintenanceFlag], [strReservedAttribute]) VALUES (10080856, 19000080, 'sflHASS_CollectionDate', N'HAS Session Persons and Samples – Collection Date', 32, 8, 1, 0, NEWID(), NULL, NULL); -- used 10080016 as an example
INSERT INTO [dbo].[trtBaseReference] ([idfsBaseReference], [idfsReferenceType], [strBaseReferenceCode], [strDefault], [intHACode], [intOrder], [blnSystem], [intRowStatus], [rowguid], [strMaintenanceFlag], [strReservedAttribute]) VALUES (10080857, 19000080, 'sflHASS_SentToOrganization', N'HAS Session Persons and Samples – Sent to Organization', 32, 9, 1, 0, NEWID(), NULL, NULL);
INSERT INTO [dbo].[trtBaseReference] ([idfsBaseReference], [idfsReferenceType], [strBaseReferenceCode], [strDefault], [intHACode], [intOrder], [blnSystem], [intRowStatus], [rowguid], [strMaintenanceFlag], [strReservedAttribute]) VALUES (10080858, 19000080, 'sflHASS_AD_SampleType', N'HAS Session Persons and Samples – Aliquot/Derivative Sample Type', 32, 10, 1, 0, NEWID(), NULL, NULL);
INSERT INTO [dbo].[trtBaseReference] ([idfsBaseReference], [idfsReferenceType], [strBaseReferenceCode], [strDefault], [intHACode], [intOrder], [blnSystem], [intRowStatus], [rowguid], [strMaintenanceFlag], [strReservedAttribute]) VALUES (10080859, 19000080, 'sflHASS_AD_LabSampleID', N'HAS Session Persons and Samples – Aliquot/Derivative Lab Sample ID', 32, 11, 1, 0, NEWID(), NULL, NULL);
INSERT INTO [dbo].[trtBaseReference] ([idfsBaseReference], [idfsReferenceType], [strBaseReferenceCode], [strDefault], [intHACode], [intOrder], [blnSystem], [intRowStatus], [rowguid], [strMaintenanceFlag], [strReservedAttribute]) VALUES (10080860, 19000080, 'sflHASS_AD_Status', N'HAS Session Persons and Samples – Aliquot/Derivative Status', 32, 12, 1, 0, NEWID(), NULL, NULL);

INSERT INTO [dbo].[trtStringNameTranslation] ([idfsBaseReference], [idfsLanguage], [strTextString], [intRowStatus], [rowguid], [strMaintenanceFlag], [strReservedAttribute]) VALUES (10080849, 10049003, N'HAS Session Persons and Samples – Patient Personal ID', 0, NEWID(), NULL, NULL);
INSERT INTO [dbo].[trtStringNameTranslation] ([idfsBaseReference], [idfsLanguage], [strTextString], [intRowStatus], [rowguid], [strMaintenanceFlag], [strReservedAttribute]) VALUES (10080849, 10049004, N'ააზ-ის სესიის პირები and ნიმუშები - პირის ID', 0, NEWID(), NULL, NULL);
INSERT INTO [dbo].[trtStringNameTranslation] ([idfsBaseReference], [idfsLanguage], [strTextString], [intRowStatus], [rowguid], [strMaintenanceFlag], [strReservedAttribute]) VALUES (10080849, 10049001, N'İnsan Xəstəlikləri üzrə Fəal Müşahidə Sessiyası Şəxslər və Nümunələr - Şəxsin Q/N-si', 0, NEWID(), NULL, NULL);
INSERT INTO [dbo].[trtStringNameTranslation] ([idfsBaseReference], [idfsLanguage], [strTextString], [intRowStatus], [rowguid], [strMaintenanceFlag], [strReservedAttribute]) VALUES (10080849, 10049011, N'جلسة المراقبة البشرية النشطة للأفراد و العينات - معرّف الفرد ', 0, NEWID(), NULL, NULL);

INSERT INTO [dbo].[trtStringNameTranslation] ([idfsBaseReference], [idfsLanguage], [strTextString], [intRowStatus], [rowguid], [strMaintenanceFlag], [strReservedAttribute]) VALUES (10080850, 10049003, N'HAS Session Persons and Samples – Person Address: Country', 0, NEWID(), NULL, NULL);
INSERT INTO [dbo].[trtStringNameTranslation] ([idfsBaseReference], [idfsLanguage], [strTextString], [intRowStatus], [rowguid], [strMaintenanceFlag], [strReservedAttribute]) VALUES (10080850, 10049004, N'ააზ-ის სესიის პირები and ნიმუშები - პირის მისამართი: ქვეყანა', 0, NEWID(), NULL, NULL);
INSERT INTO [dbo].[trtStringNameTranslation] ([idfsBaseReference], [idfsLanguage], [strTextString], [intRowStatus], [rowguid], [strMaintenanceFlag], [strReservedAttribute]) VALUES (10080850, 10049001, N'İnsan Xəstəlikləri üzrə Fəal Müşahidə Sessiyası Şəxslər və Nümunələr - Şəxsin ünvanı: Ölkə', 0, NEWID(), NULL, NULL);
INSERT INTO [dbo].[trtStringNameTranslation] ([idfsBaseReference], [idfsLanguage], [strTextString], [intRowStatus], [rowguid], [strMaintenanceFlag], [strReservedAttribute]) VALUES (10080850, 10049011, N'جلسة المراقبة البشرية النشطة للأفراد و العينات - عنوان الفرد - البلد ', 0, NEWID(), NULL, NULL);

INSERT INTO [dbo].[trtStringNameTranslation] ([idfsBaseReference], [idfsLanguage], [strTextString], [intRowStatus], [rowguid], [strMaintenanceFlag], [strReservedAttribute]) VALUES (10080851, 10049003, N'HAS Session Persons and Samples – Person Address: Region', 0, NEWID(), NULL, NULL);
INSERT INTO [dbo].[trtStringNameTranslation] ([idfsBaseReference], [idfsLanguage], [strTextString], [intRowStatus], [rowguid], [strMaintenanceFlag], [strReservedAttribute]) VALUES (10080851, 10049004, N'ააზ-ის სესიის პირები and ნიმუშები - პირის მისამართი: რეგიონი', 0, NEWID(), NULL, NULL);
INSERT INTO [dbo].[trtStringNameTranslation] ([idfsBaseReference], [idfsLanguage], [strTextString], [intRowStatus], [rowguid], [strMaintenanceFlag], [strReservedAttribute]) VALUES (10080851, 10049001, N'İnsan Xəstəlikləri üzrə Fəal Müşahidə Sessiyası Şəxslər və Nümunələr - Şəxsin ünvanı: Region', 0, NEWID(), NULL, NULL);
INSERT INTO [dbo].[trtStringNameTranslation] ([idfsBaseReference], [idfsLanguage], [strTextString], [intRowStatus], [rowguid], [strMaintenanceFlag], [strReservedAttribute]) VALUES (10080851, 10049011, N'جلسة المراقبة البشرية النشطة للأفراد و العينات - عنوان الفرد - المنطقة ', 0, NEWID(), NULL, NULL);

INSERT INTO [dbo].[trtStringNameTranslation] ([idfsBaseReference], [idfsLanguage], [strTextString], [intRowStatus], [rowguid], [strMaintenanceFlag], [strReservedAttribute]) VALUES (10080852, 10049003, N'HAS Session Persons and Samples – Person Address: Rayon', 0, NEWID(), NULL, NULL);
INSERT INTO [dbo].[trtStringNameTranslation] ([idfsBaseReference], [idfsLanguage], [strTextString], [intRowStatus], [rowguid], [strMaintenanceFlag], [strReservedAttribute]) VALUES (10080852, 10049004, N'ააზ-ის სესიის პირები and ნიმუშები - პირის მისამართი: რაიონი', 0, NEWID(), NULL, NULL);
INSERT INTO [dbo].[trtStringNameTranslation] ([idfsBaseReference], [idfsLanguage], [strTextString], [intRowStatus], [rowguid], [strMaintenanceFlag], [strReservedAttribute]) VALUES (10080852, 10049001, N'İnsan Xəstəlikləri üzrə Fəal Müşahidə Sessiyası Şəxslər və Nümunələr - Şəxsin ünvanı: Rayon', 0, NEWID(), NULL, NULL);
INSERT INTO [dbo].[trtStringNameTranslation] ([idfsBaseReference], [idfsLanguage], [strTextString], [intRowStatus], [rowguid], [strMaintenanceFlag], [strReservedAttribute]) VALUES (10080852, 10049011, N'جلسة المراقبة البشرية النشطة للأفراد و العينات - عنوان الفرد - رايون ', 0, NEWID(), NULL, NULL);

INSERT INTO [dbo].[trtStringNameTranslation] ([idfsBaseReference], [idfsLanguage], [strTextString], [intRowStatus], [rowguid], [strMaintenanceFlag], [strReservedAttribute]) VALUES (10080853, 10049003, N'HAS Session Persons and Samples – Person Address: Settlement', 0, NEWID(), NULL, NULL);
INSERT INTO [dbo].[trtStringNameTranslation] ([idfsBaseReference], [idfsLanguage], [strTextString], [intRowStatus], [rowguid], [strMaintenanceFlag], [strReservedAttribute]) VALUES (10080853, 10049004, N'ააზ-ის სესიის პირები and ნიმუშები - პირის მისამართი: დასახლება', 0, NEWID(), NULL, NULL);
INSERT INTO [dbo].[trtStringNameTranslation] ([idfsBaseReference], [idfsLanguage], [strTextString], [intRowStatus], [rowguid], [strMaintenanceFlag], [strReservedAttribute]) VALUES (10080853, 10049001, N'İnsan Xəstəlikləri üzrə Fəal Müşahidə Sessiyası Şəxslər və Nümunələr - Şəxsin ünvanı: Yaşayış məntəqəsi', 0, NEWID(), NULL, NULL);
INSERT INTO [dbo].[trtStringNameTranslation] ([idfsBaseReference], [idfsLanguage], [strTextString], [intRowStatus], [rowguid], [strMaintenanceFlag], [strReservedAttribute]) VALUES (10080853, 10049011, N'جلسة المراقبة البشرية النشطة للأفراد و العينات - عنوان الفرد - الاقامة ', 0, NEWID(), NULL, NULL);

INSERT INTO [dbo].[trtStringNameTranslation] ([idfsBaseReference], [idfsLanguage], [strTextString], [intRowStatus], [rowguid], [strMaintenanceFlag], [strReservedAttribute]) VALUES (10080854, 10049003, N'HAS Session Persons and Samples – Field Sample ID', 0, NEWID(), NULL, NULL);
INSERT INTO [dbo].[trtStringNameTranslation] ([idfsBaseReference], [idfsLanguage], [strTextString], [intRowStatus], [rowguid], [strMaintenanceFlag], [strReservedAttribute]) VALUES (10080854, 10049004, N'ააზ-ის სესიის პირები and ნიმუშები - საველე ნიმუშის ID', 0, NEWID(), NULL, NULL);
INSERT INTO [dbo].[trtStringNameTranslation] ([idfsBaseReference], [idfsLanguage], [strTextString], [intRowStatus], [rowguid], [strMaintenanceFlag], [strReservedAttribute]) VALUES (10080854, 10049001, N'İnsan Xəstəlikləri üzrə Fəal Müşahidə Sessiyası Şəxslər və Nümunələr - Nümunənin sahədəki Q/N-si', 0, NEWID(), NULL, NULL);
INSERT INTO [dbo].[trtStringNameTranslation] ([idfsBaseReference], [idfsLanguage], [strTextString], [intRowStatus], [rowguid], [strMaintenanceFlag], [strReservedAttribute]) VALUES (10080854, 10049011, N'جلسة المراقبة البشرية النشطة للأفراد و العينات - عينة لمعرّف الحقل ', 0, NEWID(), NULL, NULL);

INSERT INTO [dbo].[trtStringNameTranslation] ([idfsBaseReference], [idfsLanguage], [strTextString], [intRowStatus], [rowguid], [strMaintenanceFlag], [strReservedAttribute]) VALUES (10080855, 10049003, N'HAS Session Persons and Samples – Sample Type', 0, NEWID(),NULL, NULL);
INSERT INTO [dbo].[trtStringNameTranslation] ([idfsBaseReference], [idfsLanguage], [strTextString], [intRowStatus], [rowguid], [strMaintenanceFlag], [strReservedAttribute]) VALUES (10080855, 10049004, N'ააზ-ის სესიის პირები and ნიმუშები - ნიმუშის ტიპი', 0, NEWID(),NULL, NULL);
INSERT INTO [dbo].[trtStringNameTranslation] ([idfsBaseReference], [idfsLanguage], [strTextString], [intRowStatus], [rowguid], [strMaintenanceFlag], [strReservedAttribute]) VALUES (10080855, 10049001, N'İnsan Xəstəlikləri üzrə Fəal Müşahidə Sessiyası Şəxslər və Nümunələr - Nümunənin növü ', 0, NEWID(),NULL, NULL);
INSERT INTO [dbo].[trtStringNameTranslation] ([idfsBaseReference], [idfsLanguage], [strTextString], [intRowStatus], [rowguid], [strMaintenanceFlag], [strReservedAttribute]) VALUES (10080855, 10049011, N'جلسة المراقبة البشرية النشطة للأفراد و العينات - نوع العينة ', 0, NEWID(),NULL, NULL);

INSERT INTO [dbo].[trtStringNameTranslation] ([idfsBaseReference], [idfsLanguage], [strTextString], [intRowStatus], [rowguid], [strMaintenanceFlag], [strReservedAttribute]) VALUES (10080856, 10049003, N'HAS Session Persons and Samples – Collection Date', 0, NEWID(), NULL, NULL);
INSERT INTO [dbo].[trtStringNameTranslation] ([idfsBaseReference], [idfsLanguage], [strTextString], [intRowStatus], [rowguid], [strMaintenanceFlag], [strReservedAttribute]) VALUES (10080856, 10049004, N'ააზ-ის სესიის პირები and ნიმუშები - აღების თარიღი', 0, NEWID(), NULL, NULL);
INSERT INTO [dbo].[trtStringNameTranslation] ([idfsBaseReference], [idfsLanguage], [strTextString], [intRowStatus], [rowguid], [strMaintenanceFlag], [strReservedAttribute]) VALUES (10080856, 10049001, N'İnsan Xəstəlikləri üzrə Fəal Müşahidə Sessiyası Şəxslər və Nümunələr - Toplama tarixi', 0, NEWID(), NULL, NULL);
INSERT INTO [dbo].[trtStringNameTranslation] ([idfsBaseReference], [idfsLanguage], [strTextString], [intRowStatus], [rowguid], [strMaintenanceFlag], [strReservedAttribute]) VALUES (10080856, 10049011, N'جلسة المراقبة البشرية النشطة للأفراد و العينات - تاريخ الجمع ', 0, NEWID(), NULL, NULL);

INSERT INTO [dbo].[trtStringNameTranslation] ([idfsBaseReference], [idfsLanguage], [strTextString], [intRowStatus], [rowguid], [strMaintenanceFlag], [strReservedAttribute]) VALUES (10080857, 10049003, N'HAS Session Persons and Samples – Sent to Organization', 0, NEWID(), NULL, NULL);
INSERT INTO [dbo].[trtStringNameTranslation] ([idfsBaseReference], [idfsLanguage], [strTextString], [intRowStatus], [rowguid], [strMaintenanceFlag], [strReservedAttribute]) VALUES (10080857, 10049004, N'ააზ-ის სესიის პირები and ნიმუშები - გაგზავნილია ორგანიზაციაში', 0, NEWID(), NULL, NULL);
INSERT INTO [dbo].[trtStringNameTranslation] ([idfsBaseReference], [idfsLanguage], [strTextString], [intRowStatus], [rowguid], [strMaintenanceFlag], [strReservedAttribute]) VALUES (10080857, 10049001, N'İnsan Xəstəlikləri üzrə Fəal Müşahidə Sessiyası Şəxslər və Nümunələr - Hara göndərilib', 0, NEWID(), NULL, NULL);
INSERT INTO [dbo].[trtStringNameTranslation] ([idfsBaseReference], [idfsLanguage], [strTextString], [intRowStatus], [rowguid], [strMaintenanceFlag], [strReservedAttribute]) VALUES (10080857, 10049011, N'جلسة المراقبة البشرية النشطة للأفراد و العينات - اُرسل إلى امنطمة ', 0, NEWID(), NULL, NULL);

INSERT INTO [dbo].[trtStringNameTranslation] ([idfsBaseReference], [idfsLanguage], [strTextString], [intRowStatus], [rowguid], [strMaintenanceFlag], [strReservedAttribute]) VALUES (10080858, 10049003, N'HAS Session Persons and Samples – Aliquot/Derivative Sample Type', 0, NEWID(), NULL, NULL);
INSERT INTO [dbo].[trtStringNameTranslation] ([idfsBaseReference], [idfsLanguage], [strTextString], [intRowStatus], [rowguid], [strMaintenanceFlag], [strReservedAttribute]) VALUES (10080858, 10049001, N'ააზ-ის სესიის პირები and ნიმუშები - ალიკვოტი/დერივატი ნიმუშის ტიპი', 0, NEWID(), NULL, NULL);
INSERT INTO [dbo].[trtStringNameTranslation] ([idfsBaseReference], [idfsLanguage], [strTextString], [intRowStatus], [rowguid], [strMaintenanceFlag], [strReservedAttribute]) VALUES (10080858, 10049004, N'İnsan Xəstəlikləri üzrə Fəal Müşahidə Sessiyası Şəxslər və Nümunələr - Alikvot/Törəmə Nümunə növü ', 0, NEWID(), NULL, NULL);
INSERT INTO [dbo].[trtStringNameTranslation] ([idfsBaseReference], [idfsLanguage], [strTextString], [intRowStatus], [rowguid], [strMaintenanceFlag], [strReservedAttribute]) VALUES (10080858, 10049011, N'جلسة المراقبة البشرية النشطة للأفراد و العينات -  قُسامة / نوع العينة المشتقة ', 0, NEWID(), NULL, NULL);

INSERT INTO [dbo].[trtStringNameTranslation] ([idfsBaseReference], [idfsLanguage], [strTextString], [intRowStatus], [rowguid], [strMaintenanceFlag], [strReservedAttribute]) VALUES (10080859, 10049003, N'HAS Session Persons and Samples – Aliquot/Derivative Lab Sample ID', 0, NEWID(), NULL, NULL);
INSERT INTO [dbo].[trtStringNameTranslation] ([idfsBaseReference], [idfsLanguage], [strTextString], [intRowStatus], [rowguid], [strMaintenanceFlag], [strReservedAttribute]) VALUES (10080859, 10049004, N'ააზ-ის სესიის პირები and ნიმუშები - ალიკვოტი/დერივატი ლაბორატორიული ნიმუშის ID', 0, NEWID(), NULL, NULL);
INSERT INTO [dbo].[trtStringNameTranslation] ([idfsBaseReference], [idfsLanguage], [strTextString], [intRowStatus], [rowguid], [strMaintenanceFlag], [strReservedAttribute]) VALUES (10080859, 10049001, N'İnsan Xəstəlikləri üzrə Fəal Müşahidə Sessiyası Şəxslər və Nümunələr - Alikvot/Törəmə Laborator nümunənin Q/N-si', 0, NEWID(), NULL, NULL);
INSERT INTO [dbo].[trtStringNameTranslation] ([idfsBaseReference], [idfsLanguage], [strTextString], [intRowStatus], [rowguid], [strMaintenanceFlag], [strReservedAttribute]) VALUES (10080859, 10049011, N'جلسة المراقبة البشرية النشطة للأفراد و العينات - قُسامة / معرّف عينات المختبر المشتقة ', 0, NEWID(), NULL, NULL);

INSERT INTO [dbo].[trtStringNameTranslation] ([idfsBaseReference], [idfsLanguage], [strTextString], [intRowStatus], [rowguid], [strMaintenanceFlag], [strReservedAttribute]) VALUES (10080860, 10049003, N'HAS Session Persons and Samples – Aliquot/Derivative Status', 0, NEWID(), NULL, NULL);
INSERT INTO [dbo].[trtStringNameTranslation] ([idfsBaseReference], [idfsLanguage], [strTextString], [intRowStatus], [rowguid], [strMaintenanceFlag], [strReservedAttribute]) VALUES (10080860, 10049004, N'ააზ-ის სესიის პირები and ნიმუშები - ალიკვოტის/დერივატის სტატუსი', 0, NEWID(), NULL, NULL);
INSERT INTO [dbo].[trtStringNameTranslation] ([idfsBaseReference], [idfsLanguage], [strTextString], [intRowStatus], [rowguid], [strMaintenanceFlag], [strReservedAttribute]) VALUES (10080860, 10049001, N'İnsan Xəstəlikləri üzrə Fəal Müşahidə Sessiyası Şəxslər və Nümunələr - Alikvot/Törəmənin Statusu', 0, NEWID(), NULL, NULL);
INSERT INTO [dbo].[trtStringNameTranslation] ([idfsBaseReference], [idfsLanguage], [strTextString], [intRowStatus], [rowguid], [strMaintenanceFlag], [strReservedAttribute]) VALUES (10080860, 10049011, N'جلسة المراقبة البشرية النشطة للأفراد و العينات - قُسامة /  حالة مشتقة ', 0, NEWID(), NULL, NULL);
 
INSERT INTO [dbo].[tasSearchField] ([idfsSearchField], [idfsSearchFieldType], [idfsSearchObject], [idfsReferenceType], [idfsGISReferenceType], [strSearchFieldAlias], [strLookupTable], [intMapDisplayOrder], [intIncidenceDisplayOrder], [blnGeoLocationString], [strCalculatedFieldText], [rowguid], [intRowStatus], [idfsDefaultAggregateFunction], [blnShortAddressString], [strLookupFunction], [strLookupFunctionIdField], [strLookupFunctionNameField], [strLookupAttribute], [blnAllowMissedReferenceValues], [strReservedAttribute]) VALUES (10080849, 10081007, 10082049, NULL, NULL, 'sflHASS_PersonID', NULL, NULL, NULL, NULL, NULL, NEWID(), 0, 10004003, 0, NULL, NULL, NULL, NULL, 0, NULL);
INSERT INTO [dbo].[tasSearchField] ([idfsSearchField], [idfsSearchFieldType], [idfsSearchObject], [idfsReferenceType], [idfsGISReferenceType], [strSearchFieldAlias], [strLookupTable], [intMapDisplayOrder], [intIncidenceDisplayOrder], [blnGeoLocationString], [strCalculatedFieldText], [rowguid], [intRowStatus], [idfsDefaultAggregateFunction], [blnShortAddressString], [strLookupFunction], [strLookupFunctionIdField], [strLookupFunctionNameField], [strLookupAttribute], [blnAllowMissedReferenceValues], [strReservedAttribute]) VALUES (10080850, 10081007, 10082049, NULL, 19000001, 'sflHASS_PersonAddressCountry', 'Country', NULL, NULL, NULL, NULL, NEWID(), 0, 10004003, 0, NULL, NULL, NULL, 'strCountryExtendedName', 0, NULL);
INSERT INTO [dbo].[tasSearchField] ([idfsSearchField], [idfsSearchFieldType], [idfsSearchObject], [idfsReferenceType], [idfsGISReferenceType], [strSearchFieldAlias], [strLookupTable], [intMapDisplayOrder], [intIncidenceDisplayOrder], [blnGeoLocationString], [strCalculatedFieldText], [rowguid], [intRowStatus], [idfsDefaultAggregateFunction], [blnShortAddressString], [strLookupFunction], [strLookupFunctionIdField], [strLookupFunctionNameField], [strLookupAttribute], [blnAllowMissedReferenceValues], [strReservedAttribute]) VALUES (10080851, 10081007, 10082049, NULL, 19000003, 'sflHASS_PersonAddressRegion', 'Region', 1004, 1004, NULL, NULL, NEWID(), 0, 10004003, 0, NULL, NULL, NULL, 'strRegionExtendedName', 1, NULL);
INSERT INTO [dbo].[tasSearchField] ([idfsSearchField], [idfsSearchFieldType], [idfsSearchObject], [idfsReferenceType], [idfsGISReferenceType], [strSearchFieldAlias], [strLookupTable], [intMapDisplayOrder], [intIncidenceDisplayOrder], [blnGeoLocationString], [strCalculatedFieldText], [rowguid], [intRowStatus], [idfsDefaultAggregateFunction], [blnShortAddressString], [strLookupFunction], [strLookupFunctionIdField], [strLookupFunctionNameField], [strLookupAttribute], [blnAllowMissedReferenceValues], [strReservedAttribute]) VALUES (10080852, 10081007, 10082049, 19000115, NULL, 'sflHASS_PersonAddressRayon', 'Rayon', 1003, 1003, NULL, NULL, NEWID(), 0, 10004003, 0, NULL, NULL, NULL, 'strRayonExtendedName', 1, NULL);
INSERT INTO [dbo].[tasSearchField] ([idfsSearchField], [idfsSearchFieldType], [idfsSearchObject], [idfsReferenceType], [idfsGISReferenceType], [strSearchFieldAlias], [strLookupTable], [intMapDisplayOrder], [intIncidenceDisplayOrder], [blnGeoLocationString], [strCalculatedFieldText], [rowguid], [intRowStatus], [idfsDefaultAggregateFunction], [blnShortAddressString], [strLookupFunction], [strLookupFunctionIdField], [strLookupFunctionNameField], [strLookupAttribute], [blnAllowMissedReferenceValues], [strReservedAttribute]) VALUES (10080853, 10081007, 10082049, NULL, NULL, 'sflHASS_PersonAddressSettlement', 'Settlement', 1001, 1001, NULL, NULL, NEWID(), 0, 10004003, 0, NULL, NULL, NULL, 'strSettlementExtendedName', 1, NULL);
INSERT INTO [dbo].[tasSearchField] ([idfsSearchField], [idfsSearchFieldType], [idfsSearchObject], [idfsReferenceType], [idfsGISReferenceType], [strSearchFieldAlias], [strLookupTable], [intMapDisplayOrder], [intIncidenceDisplayOrder], [blnGeoLocationString], [strCalculatedFieldText], [rowguid], [intRowStatus], [idfsDefaultAggregateFunction], [blnShortAddressString], [strLookupFunction], [strLookupFunctionIdField], [strLookupFunctionNameField], [strLookupAttribute], [blnAllowMissedReferenceValues], [strReservedAttribute]) VALUES (10080854, 10081007, 10082049, NULL, NULL, 'sflHASS_FieldSampleID', NULL, NULL, NULL, NULL, NULL, NEWID(), 0, 10004020, 0, NULL, NULL, NULL, NULL, 0, NULL);
INSERT INTO [dbo].[tasSearchField] ([idfsSearchField], [idfsSearchFieldType], [idfsSearchObject], [idfsReferenceType], [idfsGISReferenceType], [strSearchFieldAlias], [strLookupTable], [intMapDisplayOrder], [intIncidenceDisplayOrder], [blnGeoLocationString], [strCalculatedFieldText], [rowguid], [intRowStatus], [idfsDefaultAggregateFunction], [blnShortAddressString], [strLookupFunction], [strLookupFunctionIdField], [strLookupFunctionNameField], [strLookupAttribute], [blnAllowMissedReferenceValues], [strReservedAttribute]) VALUES (10080855, 10081007, 10082049, 19000087, NULL, 'sflHASS_SampleType', 'rftSampleType', NULL, NULL, NULL, NULL, NEWID(), 0, 10004003, 0, NULL, NULL, NULL, 'name', 0, NULL);
INSERT INTO [dbo].[tasSearchField] ([idfsSearchField], [idfsSearchFieldType], [idfsSearchObject], [idfsReferenceType], [idfsGISReferenceType], [strSearchFieldAlias], [strLookupTable], [intMapDisplayOrder], [intIncidenceDisplayOrder], [blnGeoLocationString], [strCalculatedFieldText], [rowguid], [intRowStatus], [idfsDefaultAggregateFunction], [blnShortAddressString], [strLookupFunction] ,[strLookupFunctionIdField], [strLookupFunctionNameField], [strLookupAttribute], [blnAllowMissedReferenceValues], [strReservedAttribute]) VALUES (10080856, 10081002, 10082049, NULL, NULL, 'sflHASS_CollectionDate', NULL, NULL, NULL, NULL, NULL, NEWID(), 0, 10004003, 0, NULL, 0, NULL, NULL, 0, NULL);
INSERT INTO [dbo].[tasSearchField] ([idfsSearchField], [idfsSearchFieldType], [idfsSearchObject], [idfsReferenceType], [idfsGISReferenceType], [strSearchFieldAlias], [strLookupTable], [intMapDisplayOrder], [intIncidenceDisplayOrder], [blnGeoLocationString], [strCalculatedFieldText], [rowguid], [intRowStatus], [idfsDefaultAggregateFunction], [blnShortAddressString], [strLookupFunction] ,[strLookupFunctionIdField], [strLookupFunctionNameField], [strLookupAttribute], [blnAllowMissedReferenceValues], [strReservedAttribute]) VALUES (10080857, 10081007, 10082049, 19000046, NULL, 'sflHASS_SentToOrganization', 'Organization', NULL, NULL, NULL, NULL, NEWID(), 0, 10004003, 0, NULL, NULL, NULL, 'name', 0, NULL);
INSERT INTO [dbo].[tasSearchField] ([idfsSearchField], [idfsSearchFieldType], [idfsSearchObject], [idfsReferenceType], [idfsGISReferenceType], [strSearchFieldAlias], [strLookupTable], [intMapDisplayOrder], [intIncidenceDisplayOrder], [blnGeoLocationString], [strCalculatedFieldText], [rowguid], [intRowStatus], [idfsDefaultAggregateFunction], [blnShortAddressString], [strLookupFunction] ,[strLookupFunctionIdField], [strLookupFunctionNameField], [strLookupAttribute], [blnAllowMissedReferenceValues], [strReservedAttribute]) VALUES (10080858, 10081007, 10082049, 19000087, NULL, 'sflHASS_AD_SampleType', 'rftSampleType', NULL, NULL, NULL, NULL, NEWID(), 0, 10004003, 0, NULL, NULL, NULL, 'name', 0, NULL);
INSERT INTO [dbo].[tasSearchField] ([idfsSearchField], [idfsSearchFieldType], [idfsSearchObject], [idfsReferenceType], [idfsGISReferenceType], [strSearchFieldAlias], [strLookupTable], [intMapDisplayOrder], [intIncidenceDisplayOrder], [blnGeoLocationString], [strCalculatedFieldText], [rowguid], [intRowStatus], [idfsDefaultAggregateFunction], [blnShortAddressString], [strLookupFunction] ,[strLookupFunctionIdField], [strLookupFunctionNameField], [strLookupAttribute], [blnAllowMissedReferenceValues], [strReservedAttribute]) VALUES (10080859, 10081007, 10082049, NULL, NULL, 'sflHASS_AD_LabSampleID', NULL, NULL, NULL, NULL, NULL, NEWID(), 0, 10004020, 0, NULL, NULL, NULL, NULL, 0, NULL); -- Only one value is 10004003 on the other fields are using 10004020
INSERT INTO [dbo].[tasSearchField] ([idfsSearchField], [idfsSearchFieldType], [idfsSearchObject], [idfsReferenceType], [idfsGISReferenceType], [strSearchFieldAlias], [strLookupTable], [intMapDisplayOrder], [intIncidenceDisplayOrder], [blnGeoLocationString], [strCalculatedFieldText], [rowguid], [intRowStatus], [idfsDefaultAggregateFunction], [blnShortAddressString], [strLookupFunction] ,[strLookupFunctionIdField], [strLookupFunctionNameField], [strLookupAttribute], [blnAllowMissedReferenceValues], [strReservedAttribute]) VALUES (10080860, 10081007, 10082049, 19000015, NULL, 'sflHASS_AD_Status', 'rftSampleStatus', NULL, NULL, 0, NULL, NEWID(), 0, 10004003, 0, NULL, NULL, NULL, 'name', 1, NULL); 


-- Add 'Human Active Surveillance Session Tests'
ALTER TABLE dbo.trtBaseReference DISABLE TRIGGER ALL
INSERT INTO [dbo].[trtBaseReference] ([idfsBaseReference], [idfsReferenceType], [strBaseReferenceCode], [strDefault], [intHACode], [intOrder], [blnSystem], [intRowStatus], [rowguid], [strMaintenanceFlag], [strReservedAttribute])
VALUES (10082050, 19000082, NULL, 'Human Active Surveillance Session Tests', 32, 0, NULL, 0, NEWID(), NULL, NULL)
GO

INSERT INTO [dbo].[tasSearchObject] ([idfsSearchObject], [idfsFormType], [blnPrimary], [rowguid], [intRowStatus], [blnShowReportType], [strReservedAttribute])
VALUES (10082050, NULL, 0, NEWID(), 0, 0, NULL)
GO

INSERT INTO [dbo].[trtStringNameTranslation] ([idfsBaseReference], [idfsLanguage], [strTextString], [intRowStatus], [rowguid], [strMaintenanceFlag], [strReservedAttribute])
VALUES(10082050, 10049003,N'Human Active Surveillance Session Tests', 0, NEWID(), NULL, NULL)
INSERT INTO [dbo].[trtStringNameTranslation] ([idfsBaseReference], [idfsLanguage], [strTextString], [intRowStatus], [rowguid], [strMaintenanceFlag], [strReservedAttribute])
VALUES(10082050, 10049004,N'ადამიანის დაავადების აქტიური ზედამხედველობის სესიის ტესტები', 0, NEWID(), NULL, NULL)
INSERT INTO [dbo].[trtStringNameTranslation] ([idfsBaseReference], [idfsLanguage], [strTextString], [intRowStatus], [rowguid], [strMaintenanceFlag], [strReservedAttribute])
VALUES(10082050, 10049001,N'İnsan xəstəlikləri üzrə Fəal Müşahidə Sessiyası Testlər', 0, NEWID(), NULL, NULL)
INSERT INTO [dbo].[trtStringNameTranslation] ([idfsBaseReference], [idfsLanguage], [strTextString], [intRowStatus], [rowguid], [strMaintenanceFlag], [strReservedAttribute])
VALUES(10082050, 10049011,N'إختبارات دورة الترصد البشري النَشِط ', 0, NEWID(), NULL, NULL)

GO
ALTER TABLE dbo.trtBaseReference ENABLE TRIGGER ALL

-- Add relations - 'Human Active Surveillance Session Tests' child of 'Human Active Surveillance Session'
INSERT INTO [dbo].[tasSearchObjectToSearchObject] ([idfsRelatedSearchObject], [idfsParentSearchObject], [rowguid], [strSubQueryJoinCondition], [blnUseForSubQuery], [strReservedAttribute])
VALUES(10082050, 10082048, NEWID(), 'v_{6}.[PKField] = v.[PKField]', 0, NULL)
GO

-- Human Active Surveillance Session Tests - fields
INSERT INTO [dbo].[trtBaseReference] ([idfsBaseReference], [idfsReferenceType], [strBaseReferenceCode], [strDefault], [intHACode], [intOrder], [blnSystem], [intRowStatus], [rowguid], [strMaintenanceFlag], [strReservedAttribute]) VALUES (10080861, 19000080, 'sflHASST_LabSampleID', N'HAS Session Tests – Lab Sample ID', 32, 1, 1, 0, NEWID(), NULL, NULL);
INSERT INTO [dbo].[trtBaseReference] ([idfsBaseReference], [idfsReferenceType], [strBaseReferenceCode], [strDefault], [intHACode], [intOrder], [blnSystem], [intRowStatus], [rowguid], [strMaintenanceFlag], [strReservedAttribute]) VALUES (10080862, 19000080, 'sflLab_SampleID', N'HAS Session Tests – Field Sample ID', 32, 2, 1, 0, NEWID(), NULL, NULL);
INSERT INTO [dbo].[trtBaseReference] ([idfsBaseReference], [idfsReferenceType], [strBaseReferenceCode], [strDefault], [intHACode], [intOrder], [blnSystem], [intRowStatus], [rowguid], [strMaintenanceFlag], [strReservedAttribute]) VALUES (10080863, 19000080, 'sflHASST_SampleType', N'HAS Session Tests – Sample Type', 32, 3, 1, 0, NEWID(), NULL, NULL);
INSERT INTO [dbo].[trtBaseReference] ([idfsBaseReference], [idfsReferenceType], [strBaseReferenceCode], [strDefault], [intHACode], [intOrder], [blnSystem], [intRowStatus], [rowguid], [strMaintenanceFlag], [strReservedAttribute]) VALUES (10080864, 19000080, 'sflHASST_PersonID', N'HAS Session Tests – Person ID', 32, 4, 1, 0, NEWID(), NULL, NULL); 
INSERT INTO [dbo].[trtBaseReference] ([idfsBaseReference], [idfsReferenceType], [strBaseReferenceCode], [strDefault], [intHACode], [intOrder], [blnSystem], [intRowStatus], [rowguid], [strMaintenanceFlag], [strReservedAttribute]) VALUES (10081346, 19000080, 'sflHASST_Diseases', N'HAS Session Tests – Disease', 32, 5, 1, 0, NEWID(), NULL, NULL); -- using 10080843 as an example
INSERT INTO [dbo].[trtBaseReference] ([idfsBaseReference], [idfsReferenceType], [strBaseReferenceCode], [strDefault], [intHACode], [intOrder], [blnSystem], [intRowStatus], [rowguid], [strMaintenanceFlag], [strReservedAttribute]) VALUES (10080865, 19000080, 'sflHASST_TestName', N'HAS Session Tests – Test Name', 32, 6, 1, 0, NEWID(), NULL, NULL);
INSERT INTO [dbo].[trtBaseReference] ([idfsBaseReference], [idfsReferenceType], [strBaseReferenceCode], [strDefault], [intHACode], [intOrder], [blnSystem], [intRowStatus], [rowguid], [strMaintenanceFlag], [strReservedAttribute]) VALUES (10080866, 19000080, 'sflHASST_TestCategory', N'HAS Session Tests – Test Category', 32, 7, 1, 0, NEWID(), NULL, NULL);  -- example 10080510
INSERT INTO [dbo].[trtBaseReference] ([idfsBaseReference], [idfsReferenceType], [strBaseReferenceCode], [strDefault], [intHACode], [intOrder], [blnSystem], [intRowStatus], [rowguid], [strMaintenanceFlag], [strReservedAttribute]) VALUES (10080867, 19000080, 'sflHASST_TestResult', N'HAS Session Tests – Test Result', 32, 8, 1, 0, NEWID(), NULL, NULL);
INSERT INTO [dbo].[trtBaseReference] ([idfsBaseReference], [idfsReferenceType], [strBaseReferenceCode], [strDefault], [intHACode], [intOrder], [blnSystem], [intRowStatus], [rowguid], [strMaintenanceFlag], [strReservedAttribute]) VALUES (10080868, 19000080, 'sflHASST_ResultDate', N'HAS Session Tests – Result Date', 32, 9, 1, 0, NEWID(), NULL, NULL);

INSERT INTO [dbo].[trtStringNameTranslation] ([idfsBaseReference], [idfsLanguage], [strTextString], [intRowStatus], [rowguid], [strMaintenanceFlag], [strReservedAttribute]) VALUES (10080861, 10049003, N'HAS Session Tests – Lab Sample ID', 0, NEWID(), NULL, NULL);
INSERT INTO [dbo].[trtStringNameTranslation] ([idfsBaseReference], [idfsLanguage], [strTextString], [intRowStatus], [rowguid], [strMaintenanceFlag], [strReservedAttribute]) VALUES (10080861, 10049004, N'ააზ-ის სესიის ტესტები - ლაბოტატორიული ნიმუშის ID', 0, NEWID(), NULL, NULL);
INSERT INTO [dbo].[trtStringNameTranslation] ([idfsBaseReference], [idfsLanguage], [strTextString], [intRowStatus], [rowguid], [strMaintenanceFlag], [strReservedAttribute]) VALUES (10080861, 10049001, N'İnsan Xəstəlikləri üzrə Fəal Müşahidə Sessiyası Testlər - Laborator nümunənin Q/N-si', 0, NEWID(), NULL, NULL);
INSERT INTO [dbo].[trtStringNameTranslation] ([idfsBaseReference], [idfsLanguage], [strTextString], [intRowStatus], [rowguid], [strMaintenanceFlag], [strReservedAttribute]) VALUES (10080861, 10049011, N'اختبارات جلسة المراقبة البشرية النشطة - عينة لمعرّف المختبر ', 0, NEWID(), NULL, NULL);

INSERT INTO [dbo].[trtStringNameTranslation] ([idfsBaseReference], [idfsLanguage], [strTextString], [intRowStatus], [rowguid], [strMaintenanceFlag], [strReservedAttribute]) VALUES (10080862, 10049003, N'HAS Session Tests – Field Sample ID', 0, NEWID(), NULL, NULL);
INSERT INTO [dbo].[trtStringNameTranslation] ([idfsBaseReference], [idfsLanguage], [strTextString], [intRowStatus], [rowguid], [strMaintenanceFlag], [strReservedAttribute]) VALUES (10080862, 10049004, N'ააზ-ის სესიის ტესტები - საველე  ნიმუშის ID', 0, NEWID(), NULL, NULL);
INSERT INTO [dbo].[trtStringNameTranslation] ([idfsBaseReference], [idfsLanguage], [strTextString], [intRowStatus], [rowguid], [strMaintenanceFlag], [strReservedAttribute]) VALUES (10080862, 10049001, N'İnsan Xəstəlikləri üzrə Fəal Müşahidə Sessiyası Testlər - Nümunənin sahədəki Q/N-si', 0, NEWID(), NULL, NULL);
INSERT INTO [dbo].[trtStringNameTranslation] ([idfsBaseReference], [idfsLanguage], [strTextString], [intRowStatus], [rowguid], [strMaintenanceFlag], [strReservedAttribute]) VALUES (10080862, 10049011, N'اختبارات جلسة المراقبة البشرية النشطة -  عينة لمعرّف الحقل ', 0, NEWID(), NULL, NULL);

INSERT INTO [dbo].[trtStringNameTranslation] ([idfsBaseReference], [idfsLanguage], [strTextString], [intRowStatus], [rowguid], [strMaintenanceFlag], [strReservedAttribute]) VALUES (10080863, 10049003, N'HAS Session Tests – Sample Type', 0, NEWID(), NULL, NULL);
INSERT INTO [dbo].[trtStringNameTranslation] ([idfsBaseReference], [idfsLanguage], [strTextString], [intRowStatus], [rowguid], [strMaintenanceFlag], [strReservedAttribute]) VALUES (10080863, 10049004, N'ააზ-ის სესიის ტესტები - ნიმუშის ტიპი', 0, NEWID(), NULL, NULL);
INSERT INTO [dbo].[trtStringNameTranslation] ([idfsBaseReference], [idfsLanguage], [strTextString], [intRowStatus], [rowguid], [strMaintenanceFlag], [strReservedAttribute]) VALUES (10080863, 10049001, N'İnsan Xəstəlikləri üzrə Fəal Müşahidə Sessiyası Testlər - Nümunənin növü', 0, NEWID(), NULL, NULL);
INSERT INTO [dbo].[trtStringNameTranslation] ([idfsBaseReference], [idfsLanguage], [strTextString], [intRowStatus], [rowguid], [strMaintenanceFlag], [strReservedAttribute]) VALUES (10080863, 10049011, N'اختبارات جلسة المراقبة البشرية النشطة - نوع العينة ', 0, NEWID(), NULL, NULL);

INSERT INTO [dbo].[trtStringNameTranslation] ([idfsBaseReference], [idfsLanguage], [strTextString], [intRowStatus], [rowguid], [strMaintenanceFlag], [strReservedAttribute]) VALUES (10080864, 10049003, N'HAS Session Tests – Person ID', 0, NEWID(), NULL, NULL);
INSERT INTO [dbo].[trtStringNameTranslation] ([idfsBaseReference], [idfsLanguage], [strTextString], [intRowStatus], [rowguid], [strMaintenanceFlag], [strReservedAttribute]) VALUES (10080864, 10049004, N'ააზ-ის სესიის ტესტები - პირის ID', 0, NEWID(), NULL, NULL);
INSERT INTO [dbo].[trtStringNameTranslation] ([idfsBaseReference], [idfsLanguage], [strTextString], [intRowStatus], [rowguid], [strMaintenanceFlag], [strReservedAttribute]) VALUES (10080864, 10049001, N'İnsan Xəstəlikləri üzrə Fəal Müşahidə Sessiyası Testlər - Şəxsin Q/N-si', 0, NEWID(), NULL, NULL);
INSERT INTO [dbo].[trtStringNameTranslation] ([idfsBaseReference], [idfsLanguage], [strTextString], [intRowStatus], [rowguid], [strMaintenanceFlag], [strReservedAttribute]) VALUES (10080864, 10049011, N'اختبارات جلسة المراقبة البشرية النشطة -  معرّف الفرد ', 0, NEWID(), NULL, NULL);

INSERT INTO [dbo].[trtStringNameTranslation] ([idfsBaseReference], [idfsLanguage], [strTextString], [intRowStatus], [rowguid], [strMaintenanceFlag], [strReservedAttribute]) VALUES (10081346, 10049003, N'HAS Session Tests – Disease', 0, NEWID(), NULL, NULL);
INSERT INTO [dbo].[trtStringNameTranslation] ([idfsBaseReference], [idfsLanguage], [strTextString], [intRowStatus], [rowguid], [strMaintenanceFlag], [strReservedAttribute]) VALUES (10081346, 10049004, N'ააზ-ის სესიის ტესტები - დაავადება', 0, NEWID(), NULL, NULL);
INSERT INTO [dbo].[trtStringNameTranslation] ([idfsBaseReference], [idfsLanguage], [strTextString], [intRowStatus], [rowguid], [strMaintenanceFlag], [strReservedAttribute]) VALUES (10081346, 10049001, N'İnsan Xəstəlikləri üzrə Fəal Müşahidə Sessiyası Testlər -  Xəstəlik', 0, NEWID(), NULL, NULL);
INSERT INTO [dbo].[trtStringNameTranslation] ([idfsBaseReference], [idfsLanguage], [strTextString], [intRowStatus], [rowguid], [strMaintenanceFlag], [strReservedAttribute]) VALUES (10081346, 10049011, N'اختبارات جلسة المراقبة البشرية النشطة -  المرض', 0, NEWID(), NULL, NULL);

INSERT INTO [dbo].[trtStringNameTranslation] ([idfsBaseReference], [idfsLanguage], [strTextString], [intRowStatus], [rowguid], [strMaintenanceFlag], [strReservedAttribute]) VALUES (10080865, 10049003, N'HAS Session Tests – Test Name', 0, NEWID(), NULL, NULL);
INSERT INTO [dbo].[trtStringNameTranslation] ([idfsBaseReference], [idfsLanguage], [strTextString], [intRowStatus], [rowguid], [strMaintenanceFlag], [strReservedAttribute]) VALUES (10080865, 10049004, N'ააზ-ის სესიის ტესტები - ტესტის დასახელება', 0, NEWID(), NULL, NULL);
INSERT INTO [dbo].[trtStringNameTranslation] ([idfsBaseReference], [idfsLanguage], [strTextString], [intRowStatus], [rowguid], [strMaintenanceFlag], [strReservedAttribute]) VALUES (10080865, 10049001, N'İnsan Xəstəlikləri üzrə Fəal Müşahidə Sessiyası Testlər - Testin adı', 0, NEWID(), NULL, NULL);
INSERT INTO [dbo].[trtStringNameTranslation] ([idfsBaseReference], [idfsLanguage], [strTextString], [intRowStatus], [rowguid], [strMaintenanceFlag], [strReservedAttribute]) VALUES (10080865, 10049011, N'اختبارات جلسة المراقبة البشرية النشطة - اسم الاختبار ', 0, NEWID(), NULL, NULL);

INSERT INTO [dbo].[trtStringNameTranslation] ([idfsBaseReference], [idfsLanguage], [strTextString], [intRowStatus], [rowguid], [strMaintenanceFlag], [strReservedAttribute]) VALUES (10080866, 10049003, N'HAS Session Tests – Test Category', 0, NEWID(), NULL, NULL);
INSERT INTO [dbo].[trtStringNameTranslation] ([idfsBaseReference], [idfsLanguage], [strTextString], [intRowStatus], [rowguid], [strMaintenanceFlag], [strReservedAttribute]) VALUES (10080866, 10049004, N'ააზ-ის სესიის ტესტები - ტესტის კატეგორია', 0, NEWID(), NULL, NULL);
INSERT INTO [dbo].[trtStringNameTranslation] ([idfsBaseReference], [idfsLanguage], [strTextString], [intRowStatus], [rowguid], [strMaintenanceFlag], [strReservedAttribute]) VALUES (10080866, 10049001, N'İnsan Xəstəlikləri üzrə Fəal Müşahidə Sessiyası Testlər - Testin kateqoriyası', 0, NEWID(), NULL, NULL);
INSERT INTO [dbo].[trtStringNameTranslation] ([idfsBaseReference], [idfsLanguage], [strTextString], [intRowStatus], [rowguid], [strMaintenanceFlag], [strReservedAttribute]) VALUES (10080866, 10049011, N'اختبارات جلسة المراقبة البشرية النشطة -  فئة الاختبار ', 0, NEWID(), NULL, NULL);

INSERT INTO [dbo].[trtStringNameTranslation] ([idfsBaseReference], [idfsLanguage], [strTextString], [intRowStatus], [rowguid], [strMaintenanceFlag], [strReservedAttribute]) VALUES (10080867, 10049003, N'HAS Session Tests – Test Result', 0, NEWID(), NULL, NULL);
INSERT INTO [dbo].[trtStringNameTranslation] ([idfsBaseReference], [idfsLanguage], [strTextString], [intRowStatus], [rowguid], [strMaintenanceFlag], [strReservedAttribute]) VALUES (10080867, 10049004, N'ააზ-ის სესიის ტესტები - ტესტის შედეგი', 0, NEWID(), NULL, NULL);
INSERT INTO [dbo].[trtStringNameTranslation] ([idfsBaseReference], [idfsLanguage], [strTextString], [intRowStatus], [rowguid], [strMaintenanceFlag], [strReservedAttribute]) VALUES (10080867, 10049001, N'İnsan Xəstəlikləri üzrə Fəal Müşahidə Sessiyası Testlər - Testin nəticəsi', 0, NEWID(), NULL, NULL);
INSERT INTO [dbo].[trtStringNameTranslation] ([idfsBaseReference], [idfsLanguage], [strTextString], [intRowStatus], [rowguid], [strMaintenanceFlag], [strReservedAttribute]) VALUES (10080867, 10049011, N'اختبارات جلسة المراقبة البشرية النشطة -  نتيجة الاختبار ', 0, NEWID(), NULL, NULL);

INSERT INTO [dbo].[trtStringNameTranslation] ([idfsBaseReference], [idfsLanguage], [strTextString], [intRowStatus], [rowguid], [strMaintenanceFlag], [strReservedAttribute]) VALUES (10080868, 10049003, N'HAS Session Tests – Result Date', 0, NEWID(), NULL, NULL);
INSERT INTO [dbo].[trtStringNameTranslation] ([idfsBaseReference], [idfsLanguage], [strTextString], [intRowStatus], [rowguid], [strMaintenanceFlag], [strReservedAttribute]) VALUES (10080868, 10049004, N'ააზ-ის სესიის ტესტები - შედეგის თარიღი', 0, NEWID(), NULL, NULL);
INSERT INTO [dbo].[trtStringNameTranslation] ([idfsBaseReference], [idfsLanguage], [strTextString], [intRowStatus], [rowguid], [strMaintenanceFlag], [strReservedAttribute]) VALUES (10080868, 10049001, N'İnsan Xəstəlikləri üzrə Fəal Müşahidə Sessiyası Testlət - Nəticənin tarixi', 0, NEWID(), NULL, NULL);
INSERT INTO [dbo].[trtStringNameTranslation] ([idfsBaseReference], [idfsLanguage], [strTextString], [intRowStatus], [rowguid], [strMaintenanceFlag], [strReservedAttribute]) VALUES (10080868, 10049011, N'اختبارات جلسة المراقبة البشرية النشطة - تاريخ النتيجة ', 0, NEWID(), NULL, NULL);

INSERT INTO [dbo].[tasSearchField] ([idfsSearchField], [idfsSearchFieldType], [idfsSearchObject], [idfsReferenceType], [idfsGISReferenceType], [strSearchFieldAlias], [strLookupTable], [intMapDisplayOrder], [intIncidenceDisplayOrder], [blnGeoLocationString], [strCalculatedFieldText], [rowguid], [intRowStatus], [idfsDefaultAggregateFunction], [blnShortAddressString], [strLookupFunction] ,[strLookupFunctionIdField], [strLookupFunctionNameField], [strLookupAttribute], [blnAllowMissedReferenceValues], [strReservedAttribute]) VALUES (10080861, 10081007, 10082050, NULL, NULL, 'sflHASST_LabSampleID', NULL, NULL, NULL, NULL, NULL, NEWID(), 0, 10004020, 0, NULL, NULL, NULL, NULL, 0, NULL); -- Only one value is 10004003 on the other fields are using 10004020
INSERT INTO [dbo].[tasSearchField] ([idfsSearchField], [idfsSearchFieldType], [idfsSearchObject], [idfsReferenceType], [idfsGISReferenceType], [strSearchFieldAlias], [strLookupTable], [intMapDisplayOrder], [intIncidenceDisplayOrder], [blnGeoLocationString], [strCalculatedFieldText], [rowguid], [intRowStatus], [idfsDefaultAggregateFunction], [blnShortAddressString], [strLookupFunction], [strLookupFunctionIdField], [strLookupFunctionNameField], [strLookupAttribute], [blnAllowMissedReferenceValues], [strReservedAttribute]) VALUES (10080862, 10081007, 10082050, NULL, NULL, 'sflLab_SampleID', NULL, NULL, NULL, NULL, NULL, NEWID(), 0, 10004020, 0, NULL, NULL, NULL, NULL, 0, NULL);
INSERT INTO [dbo].[tasSearchField] ([idfsSearchField], [idfsSearchFieldType], [idfsSearchObject], [idfsReferenceType], [idfsGISReferenceType], [strSearchFieldAlias], [strLookupTable], [intMapDisplayOrder], [intIncidenceDisplayOrder], [blnGeoLocationString], [strCalculatedFieldText], [rowguid], [intRowStatus], [idfsDefaultAggregateFunction], [blnShortAddressString], [strLookupFunction], [strLookupFunctionIdField], [strLookupFunctionNameField], [strLookupAttribute], [blnAllowMissedReferenceValues], [strReservedAttribute]) VALUES (10080863, 10081007, 10082050, 19000087, NULL, 'sflHASST_SampleType', 'rftSampleType', NULL, NULL, NULL, NULL, NEWID(), 0, 10004003, 0, NULL, NULL, NULL, 'name', 0, NULL);
INSERT INTO [dbo].[tasSearchField] ([idfsSearchField], [idfsSearchFieldType], [idfsSearchObject], [idfsReferenceType], [idfsGISReferenceType], [strSearchFieldAlias], [strLookupTable], [intMapDisplayOrder], [intIncidenceDisplayOrder], [blnGeoLocationString], [strCalculatedFieldText], [rowguid], [intRowStatus], [idfsDefaultAggregateFunction], [blnShortAddressString], [strLookupFunction], [strLookupFunctionIdField], [strLookupFunctionNameField], [strLookupAttribute], [blnAllowMissedReferenceValues], [strReservedAttribute]) VALUES (10080864, 10081007, 10082050, NULL, NULL, 'sflHASST_PersonID', NULL, NULL, NULL, NULL, NULL, NEWID(), 0, 10004003, 0, NULL, NULL, NULL, NULL, 0, NULL);
INSERT INTO [dbo].[tasSearchField] ([idfsSearchField], [idfsSearchFieldType], [idfsSearchObject], [idfsReferenceType], [idfsGISReferenceType], [strSearchFieldAlias], [strLookupTable], [intMapDisplayOrder], [intIncidenceDisplayOrder], [blnGeoLocationString], [strCalculatedFieldText], [rowguid], [intRowStatus], [idfsDefaultAggregateFunction], [blnShortAddressString], [strLookupFunction], [strLookupFunctionIdField], [strLookupFunctionNameField], [strLookupAttribute], [blnAllowMissedReferenceValues], [strReservedAttribute]) VALUES (10081346, 10081007, 10082050, 19000019, NULL, 'sflHASST_Disease', 'HumanStandardDiagnosis', NULL, NULL, NULL, NULL, NEWID(), 0, 10004003, 0, NULL, NULL, NULL, 'name', 1, NULL);
INSERT INTO [dbo].[tasSearchField] ([idfsSearchField], [idfsSearchFieldType], [idfsSearchObject], [idfsReferenceType], [idfsGISReferenceType], [strSearchFieldAlias], [strLookupTable], [intMapDisplayOrder], [intIncidenceDisplayOrder], [blnGeoLocationString], [strCalculatedFieldText], [rowguid], [intRowStatus], [idfsDefaultAggregateFunction], [blnShortAddressString], [strLookupFunction], [strLookupFunctionIdField], [strLookupFunctionNameField], [strLookupAttribute], [blnAllowMissedReferenceValues], [strReservedAttribute]) VALUES (10080865, 10081007, 10082050, 19000097, NULL, 'sflHASST_TestName', 'rftTestName', NULL, NULL, NULL, NULL, NEWID(), 0, 10004003, 0, NULL, NULL, NULL, 'name', 1, NULL); -- used 10080132 as example
INSERT INTO [dbo].[tasSearchField] ([idfsSearchField], [idfsSearchFieldType], [idfsSearchObject], [idfsReferenceType], [idfsGISReferenceType], [strSearchFieldAlias], [strLookupTable], [intMapDisplayOrder], [intIncidenceDisplayOrder], [blnGeoLocationString], [strCalculatedFieldText], [rowguid], [intRowStatus], [idfsDefaultAggregateFunction], [blnShortAddressString], [strLookupFunction], [strLookupFunctionIdField], [strLookupFunctionNameField], [strLookupAttribute], [blnAllowMissedReferenceValues], [strReservedAttribute]) VALUES (10080866, 10081007, 10082050, 19000095, NULL, 'sflHASST_TestCategory', 'rftTestCategory', NULL, NULL, NULL, NULL, NEWID(), 0, 10004003, 0, NULL, NULL, NULL, 'name', 1, NULL); -- used 10080510 as example
INSERT INTO [dbo].[tasSearchField] ([idfsSearchField], [idfsSearchFieldType], [idfsSearchObject], [idfsReferenceType], [idfsGISReferenceType], [strSearchFieldAlias], [strLookupTable], [intMapDisplayOrder], [intIncidenceDisplayOrder], [blnGeoLocationString], [strCalculatedFieldText], [rowguid], [intRowStatus], [idfsDefaultAggregateFunction], [blnShortAddressString], [strLookupFunction], [strLookupFunctionIdField], [strLookupFunctionNameField], [strLookupAttribute], [blnAllowMissedReferenceValues], [strReservedAttribute]) VALUES (10080867, 10081007, 10082050, 19000096, NULL, 'sflHASST_TestResult', 'TestResult', NULL, NULL, NULL, NULL, NEWID(), 0, 10004003, 0, NULL, NULL, NULL, 'name', 1, NULL); -- used 10080134 as example
INSERT INTO [dbo].[tasSearchField] ([idfsSearchField], [idfsSearchFieldType], [idfsSearchObject], [idfsReferenceType], [idfsGISReferenceType], [strSearchFieldAlias], [strLookupTable], [intMapDisplayOrder], [intIncidenceDisplayOrder], [blnGeoLocationString], [strCalculatedFieldText], [rowguid], [intRowStatus], [idfsDefaultAggregateFunction], [blnShortAddressString], [strLookupFunction], [strLookupFunctionIdField], [strLookupFunctionNameField], [strLookupAttribute], [blnAllowMissedReferenceValues], [strReservedAttribute]) VALUES (10080868, 10081002, 10082050, null, NULL, 'sflHASST_ResultDate', null, NULL, NULL, NULL, NULL, NEWID(), 0, 10004003, 0, NULL, NULL, NULL, null, 1, NULL); -- used 10080280 as example

-- Add 'Human Active Surveillance Session Actions' - object
ALTER TABLE dbo.trtBaseReference DISABLE TRIGGER ALL
INSERT INTO [dbo].[trtBaseReference] ([idfsBaseReference], [idfsReferenceType], [strBaseReferenceCode], [strDefault], [intHACode], [intOrder], [blnSystem], [intRowStatus], [rowguid], [strMaintenanceFlag], [strReservedAttribute])
VALUES (10082051, 19000082, NULL, 'Human Active Surveillance Session Actions', 32, 0, 1, 0, NEWID(), NULL, NULL)
GO

INSERT INTO [dbo].[tasSearchObject] ([idfsSearchObject], [idfsFormType], [blnPrimary], [rowguid], [intRowStatus], [blnShowReportType], [strReservedAttribute])
VALUES (10082051, NULL, 0, NEWID(), 0, 0, NULL)
GO

INSERT INTO [dbo].[trtStringNameTranslation] ([idfsBaseReference], [idfsLanguage], [strTextString], [intRowStatus], [rowguid], [strMaintenanceFlag], [strReservedAttribute])
VALUES(10082051, 10049003,N'Human Active Surveillance Session Actions', 0, NEWID(), NULL, NULL)
INSERT INTO [dbo].[trtStringNameTranslation] ([idfsBaseReference], [idfsLanguage], [strTextString], [intRowStatus], [rowguid], [strMaintenanceFlag], [strReservedAttribute])
VALUES(10082051, 10049004,N'ადამიანის დაავადების აქტიური ზედამხედველობის სესიის ქმედებები', 0, NEWID(), NULL, NULL)
INSERT INTO [dbo].[trtStringNameTranslation] ([idfsBaseReference], [idfsLanguage], [strTextString], [intRowStatus], [rowguid], [strMaintenanceFlag], [strReservedAttribute])
VALUES(10082051, 10049001,N'İnsan xəstəlikləri üzrə Fəal Müşahidə Sessiyası Tədbirlər', 0, NEWID(), NULL, NULL)
INSERT INTO [dbo].[trtStringNameTranslation] ([idfsBaseReference], [idfsLanguage], [strTextString], [intRowStatus], [rowguid], [strMaintenanceFlag], [strReservedAttribute])
VALUES(10082051, 10049011,N'إجراءات دورة الترصد البشري النَشِط ', 0, NEWID(), NULL, NULL)
GO
ALTER TABLE dbo.trtBaseReference ENABLE TRIGGER ALL

-- Add relations - 'Human Active Surveillance Session Actions' child of 'Human Active Surveillance Session'
INSERT INTO [dbo].[tasSearchObjectToSearchObject] ([idfsRelatedSearchObject], [idfsParentSearchObject], [rowguid], [strSubQueryJoinCondition], [blnUseForSubQuery], [strReservedAttribute])
VALUES(10082051, 10082048, NEWID(), 'v_{6}.[PKField] = v.[PKField]', 0, NULL)
GO

-- Human Active Surveillance Session Actions - fields
INSERT INTO [dbo].[trtBaseReference] ([idfsBaseReference], [idfsReferenceType], [strBaseReferenceCode], [strDefault], [intHACode], [intOrder], [blnSystem], [intRowStatus], [rowguid], [strMaintenanceFlag], [strReservedAttribute]) VALUES (10080869, 19000080, 'sflHASSA_ActionEntry', N'HAS Session Actions – Action entries for this session', 32, 1, 1, 0, NEWID(), NULL, NULL); -- need to check this field type with Anatoly ????
INSERT INTO [dbo].[trtBaseReference] ([idfsBaseReference], [idfsReferenceType], [strBaseReferenceCode], [strDefault], [intHACode], [intOrder], [blnSystem], [intRowStatus], [rowguid], [strMaintenanceFlag], [strReservedAttribute]) VALUES (10080870, 19000080, 'sflHASSA_ActionRequired', N'HAS Session Actions – Action Required', 32, 2, 1, 0, NEWID(), NULL, NULL); -- using 10080556 as an example, Yes No value
INSERT INTO [dbo].[trtBaseReference] ([idfsBaseReference], [idfsReferenceType], [strBaseReferenceCode], [strDefault], [intHACode], [intOrder], [blnSystem], [intRowStatus], [rowguid], [strMaintenanceFlag], [strReservedAttribute]) VALUES (10080871, 19000080, 'sflHASSA_ActionDate', N'HAS Session Actions – Date of Action', 32, 3, 1, 0, NEWID(), NULL, NULL);
INSERT INTO [dbo].[trtBaseReference] ([idfsBaseReference], [idfsReferenceType], [strBaseReferenceCode], [strDefault], [intHACode], [intOrder], [blnSystem], [intRowStatus], [rowguid], [strMaintenanceFlag], [strReservedAttribute]) VALUES (10080872, 19000080, 'sflHASSA_EnteredBy', N'HAS Session Actions – Entered by', 32, 4, 1, 0, NEWID(), NULL, NULL); -- using 10080677 as an example
INSERT INTO [dbo].[trtBaseReference] ([idfsBaseReference], [idfsReferenceType], [strBaseReferenceCode], [strDefault], [intHACode], [intOrder], [blnSystem], [intRowStatus], [rowguid], [strMaintenanceFlag], [strReservedAttribute]) VALUES (10080873, 19000080, 'sflHASSA_Comment', N'HAS Session Actions – Comment', 32, 5, 1, 0, NEWID(), NULL, NULL); -- using 10080120 as an example
INSERT INTO [dbo].[trtBaseReference] ([idfsBaseReference], [idfsReferenceType], [strBaseReferenceCode], [strDefault], [intHACode], [intOrder], [blnSystem], [intRowStatus], [rowguid], [strMaintenanceFlag], [strReservedAttribute]) VALUES (10080874, 19000080, 'sflHASSA_Status', N'HAS Session Actions – Status', 32, 6, 1, 0, NEWID(), NULL, NULL); -- using 10080837 as an example

INSERT INTO [dbo].[trtStringNameTranslation] ([idfsBaseReference], [idfsLanguage], [strTextString], [intRowStatus], [rowguid], [strMaintenanceFlag], [strReservedAttribute]) VALUES (10080869, 10049003, N'HAS Session Actions – Action entries for this session', 0, NEWID(), NULL, NULL);
INSERT INTO [dbo].[trtStringNameTranslation] ([idfsBaseReference], [idfsLanguage], [strTextString], [intRowStatus], [rowguid], [strMaintenanceFlag], [strReservedAttribute]) VALUES (10080869, 10049004, N'ააზ-ის სესიის ქმედებები - ამ სესიის ქმედების შეყვანა', 0, NEWID(), NULL, NULL);
INSERT INTO [dbo].[trtStringNameTranslation] ([idfsBaseReference], [idfsLanguage], [strTextString], [intRowStatus], [rowguid], [strMaintenanceFlag], [strReservedAttribute]) VALUES (10080869, 10049001, N'İnsan Xəstəlikləri üzrə Fəal Müşahidə Sessiyası Tədbirlər - Bu sessiya üçün görülməli tədbirlər', 0, NEWID(), NULL, NULL);
INSERT INTO [dbo].[trtStringNameTranslation] ([idfsBaseReference], [idfsLanguage], [strTextString], [intRowStatus], [rowguid], [strMaintenanceFlag], [strReservedAttribute]) VALUES (10080869, 10049011, N'إجراءات جلسة المراقبة البشرية النشطة - التدابير الواجب اتخاذها لهذه الجلسة ', 0, NEWID(), NULL, NULL);

INSERT INTO [dbo].[trtStringNameTranslation] ([idfsBaseReference], [idfsLanguage], [strTextString], [intRowStatus], [rowguid], [strMaintenanceFlag], [strReservedAttribute]) VALUES (10080870, 10049003, N'HAS Session Actions – Action Required', 0, NEWID(), NULL, NULL);
INSERT INTO [dbo].[trtStringNameTranslation] ([idfsBaseReference], [idfsLanguage], [strTextString], [intRowStatus], [rowguid], [strMaintenanceFlag], [strReservedAttribute]) VALUES (10080870, 10049004, N'ააზ-ის სესიის ქმედებები  - ქმედება სავალდებულოა', 0, NEWID(), NULL, NULL);
INSERT INTO [dbo].[trtStringNameTranslation] ([idfsBaseReference], [idfsLanguage], [strTextString], [intRowStatus], [rowguid], [strMaintenanceFlag], [strReservedAttribute]) VALUES (10080870, 10049001, N'İnsan Xəstəlikləri üzrə Fəal Müşahidə Sessiyası Tədbirlər - Tələb olunan tədbirlər', 0, NEWID(), NULL, NULL);
INSERT INTO [dbo].[trtStringNameTranslation] ([idfsBaseReference], [idfsLanguage], [strTextString], [intRowStatus], [rowguid], [strMaintenanceFlag], [strReservedAttribute]) VALUES (10080870, 10049011, N'إجراءات جلسة المراقبة البشرية النشطة - التدابير  المطلوبة ', 0, NEWID(), NULL, NULL);

INSERT INTO [dbo].[trtStringNameTranslation] ([idfsBaseReference], [idfsLanguage], [strTextString], [intRowStatus], [rowguid], [strMaintenanceFlag], [strReservedAttribute]) VALUES (10080871, 10049003, N'HAS Session Actions – Date of Action', 0, NEWID(), NULL, NULL);
INSERT INTO [dbo].[trtStringNameTranslation] ([idfsBaseReference], [idfsLanguage], [strTextString], [intRowStatus], [rowguid], [strMaintenanceFlag], [strReservedAttribute]) VALUES (10080871, 10049004, N'ააზ-ის სესიის ქმედებები - ქმედების თარიღი', 0, NEWID(), NULL, NULL);
INSERT INTO [dbo].[trtStringNameTranslation] ([idfsBaseReference], [idfsLanguage], [strTextString], [intRowStatus], [rowguid], [strMaintenanceFlag], [strReservedAttribute]) VALUES (10080871, 10049001, N'İnsan Xəstəlikləri üzrə Fəal Müşahidə Sessiyası Tədbirlər - Tədbirlərin keçirilmə tarixi', 0, NEWID(), NULL, NULL);
INSERT INTO [dbo].[trtStringNameTranslation] ([idfsBaseReference], [idfsLanguage], [strTextString], [intRowStatus], [rowguid], [strMaintenanceFlag], [strReservedAttribute]) VALUES (10080871, 10049011, N'إجراءات جلسة المراقبة البشرية النشطة - تاريخ الاجراءات ', 0, NEWID(), NULL, NULL);

INSERT INTO [dbo].[trtStringNameTranslation] ([idfsBaseReference], [idfsLanguage], [strTextString], [intRowStatus], [rowguid], [strMaintenanceFlag], [strReservedAttribute]) VALUES (10080872, 10049003, N'HAS Session Actions – Entered by', 0, NEWID(), NULL, NULL);
INSERT INTO [dbo].[trtStringNameTranslation] ([idfsBaseReference], [idfsLanguage], [strTextString], [intRowStatus], [rowguid], [strMaintenanceFlag], [strReservedAttribute]) VALUES (10080872, 10049004, N'ააზ-ის სესიის ქმედებები - ვის მიერ არის შეყვანილი', 0, NEWID(), NULL, NULL);
INSERT INTO [dbo].[trtStringNameTranslation] ([idfsBaseReference], [idfsLanguage], [strTextString], [intRowStatus], [rowguid], [strMaintenanceFlag], [strReservedAttribute]) VALUES (10080872, 10049001, N'İnsan Xəstəlikləri üzrə Fəal Müşahidə Sessiyası Tədbirlər - Daxil edən', 0, NEWID(), NULL, NULL);
INSERT INTO [dbo].[trtStringNameTranslation] ([idfsBaseReference], [idfsLanguage], [strTextString], [intRowStatus], [rowguid], [strMaintenanceFlag], [strReservedAttribute]) VALUES (10080872, 10049011, N'إجراءات جلسة المراقبة البشرية النشطة -  تم ادخله من ', 0, NEWID(), NULL, NULL);

INSERT INTO [dbo].[trtStringNameTranslation] ([idfsBaseReference], [idfsLanguage], [strTextString], [intRowStatus], [rowguid], [strMaintenanceFlag], [strReservedAttribute]) VALUES (10080873, 10049003, N'HAS Session Actions – Comment', 0, NEWID(), NULL, NULL);
INSERT INTO [dbo].[trtStringNameTranslation] ([idfsBaseReference], [idfsLanguage], [strTextString], [intRowStatus], [rowguid], [strMaintenanceFlag], [strReservedAttribute]) VALUES (10080873, 10049004, N'ააზ-ის სესიის ქმედებები - კომენტარი', 0, NEWID(), NULL, NULL);
INSERT INTO [dbo].[trtStringNameTranslation] ([idfsBaseReference], [idfsLanguage], [strTextString], [intRowStatus], [rowguid], [strMaintenanceFlag], [strReservedAttribute]) VALUES (10080873, 10049001, N'İnsan Xəstəlikləri üzrə Fəal Müşahidə Sessiyası Tədbirlər - Qeyd', 0, NEWID(), NULL, NULL);
INSERT INTO [dbo].[trtStringNameTranslation] ([idfsBaseReference], [idfsLanguage], [strTextString], [intRowStatus], [rowguid], [strMaintenanceFlag], [strReservedAttribute]) VALUES (10080873, 10049011, N'إجراءات جلسة المراقبة البشرية النشطة - تعليق ', 0, NEWID(), NULL, NULL);

INSERT INTO [dbo].[trtStringNameTranslation] ([idfsBaseReference], [idfsLanguage], [strTextString], [intRowStatus], [rowguid], [strMaintenanceFlag], [strReservedAttribute]) VALUES (10080874, 10049003, N'HAS Session Actions – Status', 0, NEWID(), NULL, NULL);
INSERT INTO [dbo].[trtStringNameTranslation] ([idfsBaseReference], [idfsLanguage], [strTextString], [intRowStatus], [rowguid], [strMaintenanceFlag], [strReservedAttribute]) VALUES (10080874, 10049004, N'ააზ-ის სესიის ქმედებები - სტატუსი', 0, NEWID(), NULL, NULL);
INSERT INTO [dbo].[trtStringNameTranslation] ([idfsBaseReference], [idfsLanguage], [strTextString], [intRowStatus], [rowguid], [strMaintenanceFlag], [strReservedAttribute]) VALUES (10080874, 10049001, N'İnsan Xəstəlikləri üzrə Fəal Müşahidə Sessiyası Tədbirlər - Statusu', 0, NEWID(), NULL, NULL);
INSERT INTO [dbo].[trtStringNameTranslation] ([idfsBaseReference], [idfsLanguage], [strTextString], [intRowStatus], [rowguid], [strMaintenanceFlag], [strReservedAttribute]) VALUES (10080874, 10049011, N'إجراءات جلسة المراقبة البشرية النشطة - الحالة ', 0, NEWID(), NULL, NULL);

INSERT INTO [dbo].[tasSearchField] ([idfsSearchField], [idfsSearchFieldType], [idfsSearchObject], [idfsReferenceType], [idfsGISReferenceType], [strSearchFieldAlias], [strLookupTable], [intMapDisplayOrder], [intIncidenceDisplayOrder], [blnGeoLocationString], [strCalculatedFieldText], [rowguid], [intRowStatus], [idfsDefaultAggregateFunction], [blnShortAddressString], [strLookupFunction], [strLookupFunctionIdField], [strLookupFunctionNameField], [strLookupAttribute], [blnAllowMissedReferenceValues], [strReservedAttribute]) VALUES (10080869, 19000076, 10082051, NULL, NULL, 'sflHASSA_ActionEntry', NULL, NULL, NULL, NULL, NULL, NEWID(), 0, 10004003, 0, NULL, NULL, NULL, NULL, 0, NULL); -- spoke with Anatoly, field should be a ddl with values "Quarantine, Vaccination" example 19000127 but idfsReferenceType is not 19000080 it is 19000076
INSERT INTO [dbo].[tasSearchField] ([idfsSearchField], [idfsSearchFieldType], [idfsSearchObject], [idfsReferenceType], [idfsGISReferenceType], [strSearchFieldAlias], [strLookupTable], [intMapDisplayOrder], [intIncidenceDisplayOrder], [blnGeoLocationString], [strCalculatedFieldText], [rowguid], [intRowStatus], [idfsDefaultAggregateFunction], [blnShortAddressString], [strLookupFunction], [strLookupFunctionIdField], [strLookupFunctionNameField], [strLookupAttribute], [blnAllowMissedReferenceValues], [strReservedAttribute]) VALUES (10080870, 10081007, 10082051, 19000127, NULL, 'sflHASSA_ActionRequired', 'rftMonitoringSessionActionType', NULL, NULL, 0, NULL, NEWID(), 0, 10004003, 0, NULL, NULL, NULL, 'name', 0, NULL); 
INSERT INTO [dbo].[tasSearchField] ([idfsSearchField], [idfsSearchFieldType], [idfsSearchObject], [idfsReferenceType], [idfsGISReferenceType], [strSearchFieldAlias], [strLookupTable], [intMapDisplayOrder], [intIncidenceDisplayOrder], [blnGeoLocationString], [strCalculatedFieldText], [rowguid], [intRowStatus], [idfsDefaultAggregateFunction], [blnShortAddressString], [strLookupFunction], [strLookupFunctionIdField], [strLookupFunctionNameField], [strLookupAttribute], [blnAllowMissedReferenceValues], [strReservedAttribute]) VALUES (10080871, 10081002, 10082051, NULL, NULL, 'sflHASSA_ActionDate', NULL, NULL, NULL, NULL, NULL, NEWID(), 0, 10004003, 0, NULL, NULL, NULL, NULL, 0, NULL);
INSERT INTO [dbo].[tasSearchField] ([idfsSearchField], [idfsSearchFieldType], [idfsSearchObject], [idfsReferenceType], [idfsGISReferenceType], [strSearchFieldAlias], [strLookupTable], [intMapDisplayOrder], [intIncidenceDisplayOrder], [blnGeoLocationString], [strCalculatedFieldText], [rowguid], [intRowStatus], [idfsDefaultAggregateFunction], [blnShortAddressString], [strLookupFunction], [strLookupFunctionIdField], [strLookupFunctionNameField], [strLookupAttribute], [blnAllowMissedReferenceValues], [strReservedAttribute]) VALUES (10080872, 10081007, 10082051, NULL, NULL, 'sflHASSA_EnteredBy', NULL, NULL, NULL, NULL, NULL, NEWID(), 0, 10004003, 0, NULL, NULL, NULL, NULL, 0, NULL);
INSERT INTO [dbo].[tasSearchField] ([idfsSearchField], [idfsSearchFieldType], [idfsSearchObject], [idfsReferenceType], [idfsGISReferenceType], [strSearchFieldAlias], [strLookupTable], [intMapDisplayOrder], [intIncidenceDisplayOrder], [blnGeoLocationString], [strCalculatedFieldText], [rowguid], [intRowStatus], [idfsDefaultAggregateFunction], [blnShortAddressString], [strLookupFunction], [strLookupFunctionIdField], [strLookupFunctionNameField], [strLookupAttribute], [blnAllowMissedReferenceValues], [strReservedAttribute]) VALUES (10080873, 10081007, 10082051, NULL, NULL, 'sflHASSA_Comment', NULL, NULL, NULL, NULL, NULL, NEWID(), 0, 10004003, 0, NULL, NULL, NULL, NULL, 0, NULL);
INSERT INTO [dbo].[tasSearchField] ([idfsSearchField], [idfsSearchFieldType], [idfsSearchObject], [idfsReferenceType], [idfsGISReferenceType], [strSearchFieldAlias], [strLookupTable], [intMapDisplayOrder], [intIncidenceDisplayOrder], [blnGeoLocationString], [strCalculatedFieldText], [rowguid], [intRowStatus], [idfsDefaultAggregateFunction], [blnShortAddressString], [strLookupFunction], [strLookupFunctionIdField], [strLookupFunctionNameField], [strLookupAttribute], [blnAllowMissedReferenceValues], [strReservedAttribute]) VALUES (10080874, 10081007, 10082051, 19000117, NULL, 'sflHASSA_SessionStatus', 'rftMonitoringSessionStatus', NULL, NULL, NULL, NULL, NEWID(), 0, 10004003, 0, NULL, NULL, NULL, NULL, 0, NULL);

-- Add 'Human Active Surveillance Session Disease Reports' - object
ALTER TABLE dbo.trtBaseReference DISABLE TRIGGER ALL
INSERT INTO [dbo].[trtBaseReference] ([idfsBaseReference], [idfsReferenceType], [strBaseReferenceCode], [strDefault], [intHACode], [intOrder], [blnSystem], [intRowStatus], [rowguid], [strMaintenanceFlag], [strReservedAttribute])
VALUES (10082052, 19000082, NULL, 'Human Active Surveillance Session Disease Reports', 32, 0, 1, 0, NEWID(), NULL, NULL)
GO

INSERT INTO [dbo].[tasSearchObject] ([idfsSearchObject], [idfsFormType], [blnPrimary], [rowguid], [intRowStatus], [blnShowReportType], [strReservedAttribute])
VALUES (10082052, NULL, 0, NEWID(), 0, 0, NULL)
GO

INSERT INTO [dbo].[trtStringNameTranslation] ([idfsBaseReference], [idfsLanguage], [strTextString], [intRowStatus], [rowguid], [strMaintenanceFlag], [strReservedAttribute])
VALUES(10082052, 10049003,N'Human Active Surveillance Session Disease Reports', 0, NEWID(), NULL, NULL)
INSERT INTO [dbo].[trtStringNameTranslation] ([idfsBaseReference], [idfsLanguage], [strTextString], [intRowStatus], [rowguid], [strMaintenanceFlag], [strReservedAttribute])
VALUES(10082052, 10049004,N'ადამიანის დაავადების აქტიური ზედამხედველობის სესიის დაავადების ანგარიშები', 0, NEWID(), NULL, NULL)
INSERT INTO [dbo].[trtStringNameTranslation] ([idfsBaseReference], [idfsLanguage], [strTextString], [intRowStatus], [rowguid], [strMaintenanceFlag], [strReservedAttribute])
VALUES(10082052, 10049001,N'İnsan xəstəlikləri üzrə Fəal Müşahidə Sessiyası Xəstəlik üzrə hesabatlar', 0, NEWID(), NULL, NULL)
INSERT INTO [dbo].[trtStringNameTranslation] ([idfsBaseReference], [idfsLanguage], [strTextString], [intRowStatus], [rowguid], [strMaintenanceFlag], [strReservedAttribute])
VALUES(10082052, 10049011,N'التقارير المرضية لدورة الترصد البشري النَشِط ', 0, NEWID(), NULL, NULL)
GO
ALTER TABLE dbo.trtBaseReference ENABLE TRIGGER ALL

-- Add relations - 'Human Active Surveillance Session Disease Reports' child of 'Human Active Surveillance Session'
INSERT INTO [dbo].[tasSearchObjectToSearchObject] ([idfsRelatedSearchObject], [idfsParentSearchObject], [rowguid], [strSubQueryJoinCondition], [blnUseForSubQuery], [strReservedAttribute])
VALUES(10082052, 10082048, NEWID(), 'v_{6}.[PKField] = v.[PKField]', 0, NULL)
GO

-- Human Active Surveillance Session Disease Reports - fields
INSERT INTO [dbo].[trtBaseReference] ([idfsBaseReference], [idfsReferenceType], [strBaseReferenceCode], [strDefault], [intHACode], [intOrder], [blnSystem], [intRowStatus], [rowguid], [strMaintenanceFlag], [strReservedAttribute]) VALUES (10080875, 19000080, 'sflHASSDR_CaseID', N'HAS Session Disease Reports – Report ID', 32, 1, 1, 0, NEWID(), NULL, NULL); -- using 10080030 as an example
INSERT INTO [dbo].[trtBaseReference] ([idfsBaseReference], [idfsReferenceType], [strBaseReferenceCode], [strDefault], [intHACode], [intOrder], [blnSystem], [intRowStatus], [rowguid], [strMaintenanceFlag], [strReservedAttribute]) VALUES (10080876, 19000080, 'sflHASSDR_CaseClassification', N'HAS Session Disease Reports – Case Classification', 32, 2, 1, 0, NEWID(), NULL, NULL); -- using 10080469 as an example
INSERT INTO [dbo].[trtBaseReference] ([idfsBaseReference], [idfsReferenceType], [strBaseReferenceCode], [strDefault], [intHACode], [intOrder], [blnSystem], [intRowStatus], [rowguid], [strMaintenanceFlag], [strReservedAttribute]) VALUES (10080877, 19000080, 'sflHASSDR_ReportStatus', N'HAS Session Disease Reports – Report Status', 32, 3, 1, 0, NEWID(), NULL, NULL); -- using 10080223 as an example
INSERT INTO [dbo].[trtBaseReference] ([idfsBaseReference], [idfsReferenceType], [strBaseReferenceCode], [strDefault], [intHACode], [intOrder], [blnSystem], [intRowStatus], [rowguid], [strMaintenanceFlag], [strReservedAttribute]) VALUES (10080878, 19000080, 'sflHASSDR_Disease', N'HAS Session Disease Reports – Disease', 32, 4, 1, 0, NEWID(), NULL, NULL); -- using 10080292 as an example
INSERT INTO [dbo].[trtBaseReference] ([idfsBaseReference], [idfsReferenceType], [strBaseReferenceCode], [strDefault], [intHACode], [intOrder], [blnSystem], [intRowStatus], [rowguid], [strMaintenanceFlag], [strReservedAttribute]) VALUES (10080879, 19000080, 'sflHASSDR_Region', N'HAS Session Disease Reports – Region', 32, 5, 1, 0, NEWID(), NULL, NULL); -- using 10080846 as an example
INSERT INTO [dbo].[trtBaseReference] ([idfsBaseReference], [idfsReferenceType], [strBaseReferenceCode], [strDefault], [intHACode], [intOrder], [blnSystem], [intRowStatus], [rowguid], [strMaintenanceFlag], [strReservedAttribute]) VALUES (10080880, 19000080, 'sflHASSDR_Rayon', N'HAS Session Disease Reports – Rayon', 32, 6, 1, 0, NEWID(), NULL, NULL); -- using 10080847 as an example
INSERT INTO [dbo].[trtBaseReference] ([idfsBaseReference], [idfsReferenceType], [strBaseReferenceCode], [strDefault], [intHACode], [intOrder], [blnSystem], [intRowStatus], [rowguid], [strMaintenanceFlag], [strReservedAttribute]) VALUES (10080881, 19000080, 'sflHASS_Settlement', 'HAS Session Disease Reports – Settlement', 32, 7, 1, 0, NEWID(), NULL, NULL); -- using 10080848 as an example

INSERT INTO [dbo].[trtStringNameTranslation] ([idfsBaseReference], [idfsLanguage], [strTextString], [intRowStatus], [rowguid], [strMaintenanceFlag], [strReservedAttribute]) VALUES (10080875, 10049003, N'HAS Session Disease Reports – Report ID', 0, NEWID(), NULL, NULL);
INSERT INTO [dbo].[trtStringNameTranslation] ([idfsBaseReference], [idfsLanguage], [strTextString], [intRowStatus], [rowguid], [strMaintenanceFlag], [strReservedAttribute]) VALUES (10080875, 10049004, N'ააზ-ის სესიის დაავადების ანგარიშები - ანგარიშის ID', 0, NEWID(), NULL, NULL);
INSERT INTO [dbo].[trtStringNameTranslation] ([idfsBaseReference], [idfsLanguage], [strTextString], [intRowStatus], [rowguid], [strMaintenanceFlag], [strReservedAttribute]) VALUES (10080875, 10049001, N'İnsan Xəstəlikləri üzrə Fəal Müşahidə Sessiyası Xəstəlik Hesabatları - Hesabatın Q/N-si', 0, NEWID(), NULL, NULL);
INSERT INTO [dbo].[trtStringNameTranslation] ([idfsBaseReference], [idfsLanguage], [strTextString], [intRowStatus], [rowguid], [strMaintenanceFlag], [strReservedAttribute]) VALUES (10080875, 10049011, N'جلسة المراقبة النشطة لتقارير الأمراض البشرية- معرّف التقرير ', 0, NEWID(), NULL, NULL);

INSERT INTO [dbo].[trtStringNameTranslation] ([idfsBaseReference], [idfsLanguage], [strTextString], [intRowStatus], [rowguid], [strMaintenanceFlag], [strReservedAttribute]) VALUES (10080876, 10049003, N'HAS Session Disease Reports – Case Classification', 0, NEWID(), NULL, NULL);
INSERT INTO [dbo].[trtStringNameTranslation] ([idfsBaseReference], [idfsLanguage], [strTextString], [intRowStatus], [rowguid], [strMaintenanceFlag], [strReservedAttribute]) VALUES (10080876, 10049004, N'ააზ-ის სესიის დაავადების ანგარიშები - შემთხვევის კლასიფიკაცია', 0, NEWID(), NULL, NULL);
INSERT INTO [dbo].[trtStringNameTranslation] ([idfsBaseReference], [idfsLanguage], [strTextString], [intRowStatus], [rowguid], [strMaintenanceFlag], [strReservedAttribute]) VALUES (10080876, 10049001, N'İnsan Xəstəlikləri üzrə Fəal Müşahidə Sessiyası Xəstəlik Hesabatları - Hadisənin təsnifatı', 0, NEWID(), NULL, NULL);
INSERT INTO [dbo].[trtStringNameTranslation] ([idfsBaseReference], [idfsLanguage], [strTextString], [intRowStatus], [rowguid], [strMaintenanceFlag], [strReservedAttribute]) VALUES (10080876, 10049011, N'جلسة المراقبة النشطة لتقارير الأمراض البشرية- تصنيف الحالة ', 0, NEWID(), NULL, NULL);

INSERT INTO [dbo].[trtStringNameTranslation] ([idfsBaseReference], [idfsLanguage], [strTextString], [intRowStatus], [rowguid], [strMaintenanceFlag], [strReservedAttribute]) VALUES (10080877, 10049003, N'HAS Session Disease Reports – Report Status', 0, NEWID(), NULL, NULL);
INSERT INTO [dbo].[trtStringNameTranslation] ([idfsBaseReference], [idfsLanguage], [strTextString], [intRowStatus], [rowguid], [strMaintenanceFlag], [strReservedAttribute]) VALUES (10080877, 10049004, N'ააზ-ის სესიის დაავადების ანგარიშები - ანგარიში სტატუსი', 0, NEWID(), NULL, NULL);
INSERT INTO [dbo].[trtStringNameTranslation] ([idfsBaseReference], [idfsLanguage], [strTextString], [intRowStatus], [rowguid], [strMaintenanceFlag], [strReservedAttribute]) VALUES (10080877, 10049001, N'İnsan Xəstəlikləri üzrə Fəal Müşahidə Sessiyası Xəstəlik Hesabatları - Hesabatın statusu', 0, NEWID(), NULL, NULL);
INSERT INTO [dbo].[trtStringNameTranslation] ([idfsBaseReference], [idfsLanguage], [strTextString], [intRowStatus], [rowguid], [strMaintenanceFlag], [strReservedAttribute]) VALUES (10080877, 10049011, N'جلسة المراقبة النشطة لتقارير الأمراض البشرية- نوع التقرير ', 0, NEWID(), NULL, NULL);

INSERT INTO [dbo].[trtStringNameTranslation] ([idfsBaseReference], [idfsLanguage], [strTextString], [intRowStatus], [rowguid], [strMaintenanceFlag], [strReservedAttribute]) VALUES (10080878, 10049003, N'HAS Session Disease Reports – Disease', 0, NEWID(), NULL, NULL);
INSERT INTO [dbo].[trtStringNameTranslation] ([idfsBaseReference], [idfsLanguage], [strTextString], [intRowStatus], [rowguid], [strMaintenanceFlag], [strReservedAttribute]) VALUES (10080878, 10049004, N'ააზ-ის სესიის დაავადების ანგარიშები - დაავადება', 0, NEWID(), NULL, NULL);
INSERT INTO [dbo].[trtStringNameTranslation] ([idfsBaseReference], [idfsLanguage], [strTextString], [intRowStatus], [rowguid], [strMaintenanceFlag], [strReservedAttribute]) VALUES (10080878, 10049001, N'İnsan Xəstəlikləri üzrə Fəal Müşahidə Sessiyası Xəstəlik Hesabatları - Xəstəlik', 0, NEWID(), NULL, NULL);
INSERT INTO [dbo].[trtStringNameTranslation] ([idfsBaseReference], [idfsLanguage], [strTextString], [intRowStatus], [rowguid], [strMaintenanceFlag], [strReservedAttribute]) VALUES (10080878, 10049011, N'جلسة المراقبة النشطة لتقارير الأمراض البشرية- المرض ', 0, NEWID(), NULL, NULL);

INSERT INTO [dbo].[trtStringNameTranslation] ([idfsBaseReference], [idfsLanguage], [strTextString], [intRowStatus], [rowguid], [strMaintenanceFlag], [strReservedAttribute]) VALUES (10080879, 10049003, N'HAS Session Disease Reports – Region', 0, NEWID(), NULL, NULL);
INSERT INTO [dbo].[trtStringNameTranslation] ([idfsBaseReference], [idfsLanguage], [strTextString], [intRowStatus], [rowguid], [strMaintenanceFlag], [strReservedAttribute]) VALUES (10080879, 10049004, N'ააზ-ის სესიის დაავადების ანგარიშები - რეგიონი', 0, NEWID(), NULL, NULL);
INSERT INTO [dbo].[trtStringNameTranslation] ([idfsBaseReference], [idfsLanguage], [strTextString], [intRowStatus], [rowguid], [strMaintenanceFlag], [strReservedAttribute]) VALUES (10080879, 10049001, N'İnsan Xəstəlikləri üzrə Fəal Müşahidə Sessiyası Xəstəlik Hesabatları - Region', 0, NEWID(), NULL, NULL);
INSERT INTO [dbo].[trtStringNameTranslation] ([idfsBaseReference], [idfsLanguage], [strTextString], [intRowStatus], [rowguid], [strMaintenanceFlag], [strReservedAttribute]) VALUES (10080879, 10049011, N'جلسة المراقبة النشطة لتقارير الأمراض البشرية- المطقة ', 0, NEWID(), NULL, NULL);

INSERT INTO [dbo].[trtStringNameTranslation] ([idfsBaseReference], [idfsLanguage], [strTextString], [intRowStatus], [rowguid], [strMaintenanceFlag], [strReservedAttribute]) VALUES (10080880, 10049003, N'HAS Session Disease Reports – Rayon', 0, NEWID(), NULL, NULL);
INSERT INTO [dbo].[trtStringNameTranslation] ([idfsBaseReference], [idfsLanguage], [strTextString], [intRowStatus], [rowguid], [strMaintenanceFlag], [strReservedAttribute]) VALUES (10080880, 10049004, N'ააზ-ის სესიის დაავადების ანგარიშები - რაიონი', 0, NEWID(), NULL, NULL);
INSERT INTO [dbo].[trtStringNameTranslation] ([idfsBaseReference], [idfsLanguage], [strTextString], [intRowStatus], [rowguid], [strMaintenanceFlag], [strReservedAttribute]) VALUES (10080880, 10049001, N'İnsan Xəstəlikləri üzrə Fəal Müşahidə Sessiyası Xəstəlik Hesabatları - Rayon', 0, NEWID(), NULL, NULL);
INSERT INTO [dbo].[trtStringNameTranslation] ([idfsBaseReference], [idfsLanguage], [strTextString], [intRowStatus], [rowguid], [strMaintenanceFlag], [strReservedAttribute]) VALUES (10080880, 10049011, N'جلسة المراقبة النشطة لتقارير الأمراض البشرية- رايون ', 0, NEWID(), NULL, NULL);

INSERT INTO [dbo].[trtStringNameTranslation] ([idfsBaseReference], [idfsLanguage], [strTextString], [intRowStatus], [rowguid], [strMaintenanceFlag], [strReservedAttribute]) VALUES (10080881, 10049003, N'HAS Session Disease Reports – Settlement', 0, NEWID(), NULL, NULL);
INSERT INTO [dbo].[trtStringNameTranslation] ([idfsBaseReference], [idfsLanguage], [strTextString], [intRowStatus], [rowguid], [strMaintenanceFlag], [strReservedAttribute]) VALUES (10080881, 10049004, N'ააზ-ის სესიის დაავადების ანგარიშები - დასახლება', 0, NEWID(), NULL, NULL);
INSERT INTO [dbo].[trtStringNameTranslation] ([idfsBaseReference], [idfsLanguage], [strTextString], [intRowStatus], [rowguid], [strMaintenanceFlag], [strReservedAttribute]) VALUES (10080881, 10049001, N'İnsan Xəstəlikləri üzrə Fəal Müşahidə Sessiyası Xəstəlik Hesabatları - Yaşayış məntəqəsi ', 0, NEWID(), NULL, NULL);
INSERT INTO [dbo].[trtStringNameTranslation] ([idfsBaseReference], [idfsLanguage], [strTextString], [intRowStatus], [rowguid], [strMaintenanceFlag], [strReservedAttribute]) VALUES (10080881, 10049011, N'جلسة المراقبة النشطة لتقارير الأمراض البشرية-  الاقامة ', 0, NEWID(), NULL, NULL);

INSERT INTO [dbo].[tasSearchField] ([idfsSearchField], [idfsSearchFieldType], [idfsSearchObject], [idfsReferenceType], [idfsGISReferenceType], [strSearchFieldAlias], [strLookupTable], [intMapDisplayOrder], [intIncidenceDisplayOrder], [blnGeoLocationString], [strCalculatedFieldText], [rowguid], [intRowStatus], [idfsDefaultAggregateFunction], [blnShortAddressString], [strLookupFunction], [strLookupFunctionIdField], [strLookupFunctionNameField], [strLookupAttribute], [blnAllowMissedReferenceValues], [strReservedAttribute]) VALUES (10080875, 10081007, 10082052, NULL, NULL, 'sflHC_CaseID', NULL, NULL, NULL, NULL, NULL, NEWID(), 0, 10004020, 0, NULL, NULL, NULL, NULL, 0, NULL);
INSERT INTO [dbo].[tasSearchField] ([idfsSearchField], [idfsSearchFieldType], [idfsSearchObject], [idfsReferenceType], [idfsGISReferenceType], [strSearchFieldAlias], [strLookupTable], [intMapDisplayOrder], [intIncidenceDisplayOrder], [blnGeoLocationString], [strCalculatedFieldText], [rowguid], [intRowStatus], [idfsDefaultAggregateFunction], [blnShortAddressString], [strLookupFunction], [strLookupFunctionIdField], [strLookupFunctionNameField], [strLookupAttribute], [blnAllowMissedReferenceValues], [strReservedAttribute]) VALUES (10080876, 10081007, 10082052, 19000011, NULL, 'sflZD_CaseClassification', 'rftCaseClassification', NULL, NULL, NULL, NULL, NEWID(), 0, 10004003, 0, NULL, NULL, NULL, 'name', 1, NULL);
INSERT INTO [dbo].[tasSearchField] ([idfsSearchField], [idfsSearchFieldType], [idfsSearchObject], [idfsReferenceType], [idfsGISReferenceType], [strSearchFieldAlias], [strLookupTable], [intMapDisplayOrder], [intIncidenceDisplayOrder], [blnGeoLocationString], [strCalculatedFieldText], [rowguid], [intRowStatus], [idfsDefaultAggregateFunction], [blnShortAddressString], [strLookupFunction], [strLookupFunctionIdField], [strLookupFunctionNameField], [strLookupAttribute], [blnAllowMissedReferenceValues], [strReservedAttribute]) VALUES (10080877, 10081007, 10082052, 19000111, NULL, 'sflHC_CaseProgressStatus', 'rftCaseProgressStatus', NULL, NULL, NULL, NULL, NEWID(), 0, 10004003, 0, NULL, NULL, NULL, 'name', 1, NULL);
INSERT INTO [dbo].[tasSearchField] ([idfsSearchField], [idfsSearchFieldType], [idfsSearchObject], [idfsReferenceType], [idfsGISReferenceType], [strSearchFieldAlias], [strLookupTable], [intMapDisplayOrder], [intIncidenceDisplayOrder], [blnGeoLocationString], [strCalculatedFieldText], [rowguid], [intRowStatus], [idfsDefaultAggregateFunction], [blnShortAddressString], [strLookupFunction], [strLookupFunctionIdField], [strLookupFunctionNameField], [strLookupAttribute], [blnAllowMissedReferenceValues], [strReservedAttribute]) VALUES (10080878, 10081007, 10082052, 19000019, NULL, 'sflHASSDR_Disease', 'HumanStandardDiagnosis', NULL, NULL, NULL, NULL, NEWID(), 0, 10004003, 0, NULL, NULL, NULL, 'name', 1, NULL);
INSERT INTO [dbo].[tasSearchField] ([idfsSearchField], [idfsSearchFieldType], [idfsSearchObject], [idfsReferenceType], [idfsGISReferenceType], [strSearchFieldAlias], [strLookupTable], [intMapDisplayOrder], [intIncidenceDisplayOrder], [blnGeoLocationString], [strCalculatedFieldText], [rowguid], [intRowStatus], [idfsDefaultAggregateFunction], [blnShortAddressString], [strLookupFunction], [strLookupFunctionIdField], [strLookupFunctionNameField], [strLookupAttribute], [blnAllowMissedReferenceValues], [strReservedAttribute]) VALUES (10080879, 10081007, 10082052, NULL, 19000003, 'sflHASSDR_Region', 'Region', 1004, 1004, NULL, NULL, NEWID(), 0, 10004003, 0, NULL, NULL, NULL, 'strRegionExtendedName', 1, NULL);
INSERT INTO [dbo].[tasSearchField] ([idfsSearchField], [idfsSearchFieldType], [idfsSearchObject], [idfsReferenceType], [idfsGISReferenceType], [strSearchFieldAlias], [strLookupTable], [intMapDisplayOrder], [intIncidenceDisplayOrder], [blnGeoLocationString], [strCalculatedFieldText], [rowguid], [intRowStatus], [idfsDefaultAggregateFunction], [blnShortAddressString], [strLookupFunction], [strLookupFunctionIdField], [strLookupFunctionNameField], [strLookupAttribute], [blnAllowMissedReferenceValues], [strReservedAttribute]) VALUES (10080880, 10081007, 10082052, NULL, 19000002, 'sflHASSDR_Rayon', 'Rayon', 1003, 1003, NULL, NULL, NEWID(), 0, 10004003, 0, NULL, NULL, NULL, 'strRayonExtendedName', 1, NULL);
INSERT INTO [dbo].[tasSearchField] ([idfsSearchField], [idfsSearchFieldType], [idfsSearchObject], [idfsReferenceType], [idfsGISReferenceType], [strSearchFieldAlias], [strLookupTable], [intMapDisplayOrder], [intIncidenceDisplayOrder], [blnGeoLocationString], [strCalculatedFieldText], [rowguid], [intRowStatus], [idfsDefaultAggregateFunction], [blnShortAddressString], [strLookupFunction], [strLookupFunctionIdField], [strLookupFunctionNameField], [strLookupAttribute], [blnAllowMissedReferenceValues], [strReservedAttribute]) VALUES (10080881, 10081007, 10082052, NULL, 19000004, 'sflHASSDR_Settlement', 'Settlement', 1001, 1001, NULL, NULL, NEWID(), 0, 10004003, 0, NULL, NULL, NULL, 'strSettlementExtendedName', 1, NULL);
GO

---- Outbreak Session (10082053) -----
-- New root search object 
ALTER TABLE dbo.trtBaseReference DISABLE TRIGGER ALL
INSERT INTO [dbo].[trtBaseReference] ([idfsBaseReference], [idfsReferenceType], [strBaseReferenceCode], [strDefault], [intHACode], [intOrder], [blnSystem], [intRowStatus], [rowguid], [strMaintenanceFlag], [strReservedAttribute])
VALUES (10082053, 19000082, NULL, 'Outbreak Session', 32, 0, 1, 0, NEWID(),NULL, NULL)
GO

INSERT INTO [dbo].[tasSearchObject] ([idfsSearchObject], [idfsFormType], [blnPrimary], [rowguid], [intRowStatus], [blnShowReportType], [strReservedAttribute])
VALUES (10082053, NULL, 1, NEWID(), 0, 0, NULL)
GO

INSERT INTO [dbo].[trtStringNameTranslation] ([idfsBaseReference], [idfsLanguage], [strTextString], [intRowStatus], [rowguid], [strMaintenanceFlag], [strReservedAttribute])
VALUES(10082053,10049003,'Outbreak Session',0,NEWID(),NULL,NULL)
INSERT INTO [dbo].[trtStringNameTranslation] ([idfsBaseReference], [idfsLanguage], [strTextString], [intRowStatus], [rowguid], [strMaintenanceFlag], [strReservedAttribute])
VALUES(10082053,10049004,N'აფეთქების სესია',0,NEWID(),NULL,NULL)
INSERT INTO [dbo].[trtStringNameTranslation] ([idfsBaseReference], [idfsLanguage], [strTextString], [intRowStatus], [rowguid], [strMaintenanceFlag], [strReservedAttribute])
VALUES(10082053,10049001,N'Alovlanma sessiyası',0,NEWID(),NULL,NULL)
INSERT INTO [dbo].[trtStringNameTranslation] ([idfsBaseReference], [idfsLanguage], [strTextString], [intRowStatus], [rowguid], [strMaintenanceFlag], [strReservedAttribute])
VALUES(10082053,10049011,N'دورة التفشي',0,NEWID(),NULL,NULL)
GO
ALTER TABLE dbo.trtBaseReference ENABLE TRIGGER ALL

-- Outbreak Session - fields
INSERT INTO [dbo].[trtBaseReference] ([idfsBaseReference], [idfsReferenceType], [strBaseReferenceCode], [strDefault], [intHACode], [intOrder], [blnSystem], [intRowStatus], [rowguid], [strMaintenanceFlag], [strReservedAttribute]) VALUES (10080882, 19000080, 'sflOBS_OutbreakID', N'Outbreak Session – Outbreak ID', 32, 1, NULL, 0, NEWID(), NULL, NULL); -- using 10080110 as an example
INSERT INTO [dbo].[trtBaseReference] ([idfsBaseReference], [idfsReferenceType], [strBaseReferenceCode], [strDefault], [intHACode], [intOrder], [blnSystem], [intRowStatus], [rowguid], [strMaintenanceFlag], [strReservedAttribute]) VALUES (10080883, 19000080, 'sflOBS_Status', N'Outbreak Session – Outbreak Status', 32, 2, NULL, 0, NEWID(), NULL, NULL); -- using 10080109 as an example
INSERT INTO [dbo].[trtBaseReference] ([idfsBaseReference], [idfsReferenceType], [strBaseReferenceCode], [strDefault], [intHACode], [intOrder], [blnSystem], [intRowStatus], [rowguid], [strMaintenanceFlag], [strReservedAttribute]) VALUES (10080884, 19000080, 'sflOBS_StartDate', N'Outbreak Session – Outbreak Start Date', 32, 3, NULL, 0, NEWID(), NULL, NULL); -- using 10080116 as an example
INSERT INTO [dbo].[trtBaseReference] ([idfsBaseReference], [idfsReferenceType], [strBaseReferenceCode], [strDefault], [intHACode], [intOrder], [blnSystem], [intRowStatus], [rowguid], [strMaintenanceFlag], [strReservedAttribute]) VALUES (10080885, 19000080, 'sflOBS_EndDate', N'Outbreak Session – Outbreak End Date', 32, 4, NULL, 0, NEWID(), NULL, NULL); -- using 10080108 as an example
INSERT INTO [dbo].[trtBaseReference] ([idfsBaseReference], [idfsReferenceType], [strBaseReferenceCode], [strDefault], [intHACode], [intOrder], [blnSystem], [intRowStatus], [rowguid], [strMaintenanceFlag], [strReservedAttribute]) VALUES (10080886, 19000080, 'rftOutbreakType', N'Outbreak Session – Outbreak Type', 32, 5, NULL, 0, NEWID(), NULL, NULL); -- using 19000513 as an example, created spOutbreakTypeSelectLookup and modified code in EIDSS_LookupCacheHelper.vb and FilterControlBase.cs values Human, Veterinary and Zoonotic
INSERT INTO [dbo].[trtBaseReference] ([idfsBaseReference], [idfsReferenceType], [strBaseReferenceCode], [strDefault], [intHACode], [intOrder], [blnSystem], [intRowStatus], [rowguid], [strMaintenanceFlag], [strReservedAttribute]) VALUES (10080887, 19000080, 'sflOBS_Diagnosis', N'Outbreak Session – Disease', 32, 6, NULL, 0, NEWID(), NULL, NULL); -- using 10080051 as an example (you may also look at 10080843 this is for Diseases)
INSERT INTO [dbo].[trtBaseReference] ([idfsBaseReference], [idfsReferenceType], [strBaseReferenceCode], [strDefault], [intHACode], [intOrder], [blnSystem], [intRowStatus], [rowguid], [strMaintenanceFlag], [strReservedAttribute]) VALUES (10080888, 19000080, 'sflOBS_SpeciesAffected', N'Outbreak Session – Species Affected', 32, 7, NULL, 0, NEWID(), NULL, NULL); -- using 10080130 as an example
INSERT INTO [dbo].[trtBaseReference] ([idfsBaseReference], [idfsReferenceType], [strBaseReferenceCode], [strDefault], [intHACode], [intOrder], [blnSystem], [intRowStatus], [rowguid], [strMaintenanceFlag], [strReservedAttribute]) VALUES (10080889, 19000080, 'sflOBS_Region', N'Outbreak Session – Region', 32, 8, 1, 0, NEWID(), NULL, NULL); -- using 10080846 as an example
INSERT INTO [dbo].[trtBaseReference] ([idfsBaseReference], [idfsReferenceType], [strBaseReferenceCode], [strDefault], [intHACode], [intOrder], [blnSystem], [intRowStatus], [rowguid], [strMaintenanceFlag], [strReservedAttribute]) VALUES (10080890, 19000080, 'sflOBS_Rayon', N'Outbreak Session – Rayon', 32, 9, 1, 0, NEWID(), NULL, NULL); -- using 10080847 as an example
INSERT INTO [dbo].[trtBaseReference] ([idfsBaseReference], [idfsReferenceType], [strBaseReferenceCode], [strDefault], [intHACode], [intOrder], [blnSystem], [intRowStatus], [rowguid], [strMaintenanceFlag], [strReservedAttribute]) VALUES (10080891, 19000080, 'sflOBS_Settlement', 'Outbreak Session – Settlement', 32, 10, 1, 0, NEWID(), NULL, NULL); -- using 10080848 as an example

INSERT INTO [dbo].[trtStringNameTranslation] ([idfsBaseReference], [idfsLanguage], [strTextString], [intRowStatus], [rowguid], [strMaintenanceFlag], [strReservedAttribute]) VALUES (10080882, 10049003, N'Outbreak Session – Outbreak ID', 0, NEWID(), NULL, NULL);
INSERT INTO [dbo].[trtStringNameTranslation] ([idfsBaseReference], [idfsLanguage], [strTextString], [intRowStatus], [rowguid], [strMaintenanceFlag], [strReservedAttribute]) VALUES (10080882, 10049004, N'აფეთქების სესია - აფეთქების ID', 0, NEWID(), NULL, NULL);
INSERT INTO [dbo].[trtStringNameTranslation] ([idfsBaseReference], [idfsLanguage], [strTextString], [intRowStatus], [rowguid], [strMaintenanceFlag], [strReservedAttribute]) VALUES (10080882, 10049001, N'Alovlanma Sessiyası - Alovlanmanın Q/N-si', 0, NEWID(), NULL, NULL);
INSERT INTO [dbo].[trtStringNameTranslation] ([idfsBaseReference], [idfsLanguage], [strTextString], [intRowStatus], [rowguid], [strMaintenanceFlag], [strReservedAttribute]) VALUES (10080882, 10049011, N'جلسة التفشي - معرّف التفشي ', 0, NEWID(), NULL, NULL);

INSERT INTO [dbo].[trtStringNameTranslation] ([idfsBaseReference], [idfsLanguage], [strTextString], [intRowStatus], [rowguid], [strMaintenanceFlag], [strReservedAttribute]) VALUES (10080883, 10049003, N'Outbreak Session – Outbreak Status', 0, NEWID(), NULL, NULL);
INSERT INTO [dbo].[trtStringNameTranslation] ([idfsBaseReference], [idfsLanguage], [strTextString], [intRowStatus], [rowguid], [strMaintenanceFlag], [strReservedAttribute]) VALUES (10080883, 10049004, N'აფეთქების სესია - აფეთქების სტატუსი', 0, NEWID(), NULL, NULL);
INSERT INTO [dbo].[trtStringNameTranslation] ([idfsBaseReference], [idfsLanguage], [strTextString], [intRowStatus], [rowguid], [strMaintenanceFlag], [strReservedAttribute]) VALUES (10080883, 10049001, N'Alovlanma Sessiyası - Alovlanmanın statusu', 0, NEWID(), NULL, NULL);
INSERT INTO [dbo].[trtStringNameTranslation] ([idfsBaseReference], [idfsLanguage], [strTextString], [intRowStatus], [rowguid], [strMaintenanceFlag], [strReservedAttribute]) VALUES (10080883, 10049011, N'جلسة التفشي - حالة التفشي ', 0, NEWID(), NULL, NULL);

INSERT INTO [dbo].[trtStringNameTranslation] ([idfsBaseReference], [idfsLanguage], [strTextString], [intRowStatus], [rowguid], [strMaintenanceFlag], [strReservedAttribute]) VALUES (10080884, 10049003, N'Outbreak Session – Outbreak Start Date', 0, NEWID(), NULL, NULL);
INSERT INTO [dbo].[trtStringNameTranslation] ([idfsBaseReference], [idfsLanguage], [strTextString], [intRowStatus], [rowguid], [strMaintenanceFlag], [strReservedAttribute]) VALUES (10080884, 10049004, N'აფეთქების სესია - აფეთქების დაწყების თარიღი', 0, NEWID(), NULL, NULL);
INSERT INTO [dbo].[trtStringNameTranslation] ([idfsBaseReference], [idfsLanguage], [strTextString], [intRowStatus], [rowguid], [strMaintenanceFlag], [strReservedAttribute]) VALUES (10080884, 10049001, N'Alovlanma Sessiyası - Alovlanmanın başlanma tarixi', 0, NEWID(), NULL, NULL);
INSERT INTO [dbo].[trtStringNameTranslation] ([idfsBaseReference], [idfsLanguage], [strTextString], [intRowStatus], [rowguid], [strMaintenanceFlag], [strReservedAttribute]) VALUES (10080884, 10049011, N'جلسة التفشي - تاريخ بدء التفشي ', 0, NEWID(), NULL, NULL);

INSERT INTO [dbo].[trtStringNameTranslation] ([idfsBaseReference], [idfsLanguage], [strTextString], [intRowStatus], [rowguid], [strMaintenanceFlag], [strReservedAttribute]) VALUES (10080885, 10049003, N'Outbreak Session – Outbreak End Date', 0, NEWID(), NULL, NULL);
INSERT INTO [dbo].[trtStringNameTranslation] ([idfsBaseReference], [idfsLanguage], [strTextString], [intRowStatus], [rowguid], [strMaintenanceFlag], [strReservedAttribute]) VALUES (10080885, 10049004, N'აფეთქების სესია - აფეთქების დასრულების თარიღი', 0, NEWID(), NULL, NULL);
INSERT INTO [dbo].[trtStringNameTranslation] ([idfsBaseReference], [idfsLanguage], [strTextString], [intRowStatus], [rowguid], [strMaintenanceFlag], [strReservedAttribute]) VALUES (10080885, 10049001, N'Alovlanma Sessiyası - Alovlanmanın bitmə tarixi', 0, NEWID(), NULL, NULL);
INSERT INTO [dbo].[trtStringNameTranslation] ([idfsBaseReference], [idfsLanguage], [strTextString], [intRowStatus], [rowguid], [strMaintenanceFlag], [strReservedAttribute]) VALUES (10080885, 10049011, N'جلسة التفشي - تاريخ انتهاء التفشي', 0, NEWID(), NULL, NULL);

INSERT INTO [dbo].[trtStringNameTranslation] ([idfsBaseReference], [idfsLanguage], [strTextString], [intRowStatus], [rowguid], [strMaintenanceFlag], [strReservedAttribute]) VALUES (10080886, 10049003, N'Outbreak Session – Outbreak Type', 0, NEWID(), NULL, NULL);
INSERT INTO [dbo].[trtStringNameTranslation] ([idfsBaseReference], [idfsLanguage], [strTextString], [intRowStatus], [rowguid], [strMaintenanceFlag], [strReservedAttribute]) VALUES (10080886, 10049004, N'აფეთქების სესია - აფეთქების ტიპი', 0, NEWID(), NULL, NULL);
INSERT INTO [dbo].[trtStringNameTranslation] ([idfsBaseReference], [idfsLanguage], [strTextString], [intRowStatus], [rowguid], [strMaintenanceFlag], [strReservedAttribute]) VALUES (10080886, 10049001, N'Alovlanma Sessiyası - Alovlanmanın növü', 0, NEWID(), NULL, NULL);
INSERT INTO [dbo].[trtStringNameTranslation] ([idfsBaseReference], [idfsLanguage], [strTextString], [intRowStatus], [rowguid], [strMaintenanceFlag], [strReservedAttribute]) VALUES (10080886, 10049011, N'جلسة التفشي - نوع التفشي ', 0, NEWID(), NULL, NULL);

INSERT INTO [dbo].[trtStringNameTranslation] ([idfsBaseReference], [idfsLanguage], [strTextString], [intRowStatus], [rowguid], [strMaintenanceFlag], [strReservedAttribute]) VALUES (10080887, 10049003, N'Outbreak Session – Disease', 0, NEWID(), NULL, NULL);
INSERT INTO [dbo].[trtStringNameTranslation] ([idfsBaseReference], [idfsLanguage], [strTextString], [intRowStatus], [rowguid], [strMaintenanceFlag], [strReservedAttribute]) VALUES (10080887, 10049004, N'აფეთქების სესია - დაავადება', 0, NEWID(), NULL, NULL);
INSERT INTO [dbo].[trtStringNameTranslation] ([idfsBaseReference], [idfsLanguage], [strTextString], [intRowStatus], [rowguid], [strMaintenanceFlag], [strReservedAttribute]) VALUES (10080887, 10049001, N'Alovlanma Sessiyası - Xəstəlik', 0, NEWID(), NULL, NULL);
INSERT INTO [dbo].[trtStringNameTranslation] ([idfsBaseReference], [idfsLanguage], [strTextString], [intRowStatus], [rowguid], [strMaintenanceFlag], [strReservedAttribute]) VALUES (10080887, 10049011, N'جلسة التفشي - المرض', 0, NEWID(), NULL, NULL);

INSERT INTO [dbo].[trtStringNameTranslation] ([idfsBaseReference], [idfsLanguage], [strTextString], [intRowStatus], [rowguid], [strMaintenanceFlag], [strReservedAttribute]) VALUES (10080888, 10049003, N'Outbreak Session – Species Affected', 0, NEWID(), NULL, NULL);
INSERT INTO [dbo].[trtStringNameTranslation] ([idfsBaseReference], [idfsLanguage], [strTextString], [intRowStatus], [rowguid], [strMaintenanceFlag], [strReservedAttribute]) VALUES (10080888, 10049004, N'აფეთქების სესია - დაავადებული სახეობები', 0, NEWID(), NULL, NULL);
INSERT INTO [dbo].[trtStringNameTranslation] ([idfsBaseReference], [idfsLanguage], [strTextString], [intRowStatus], [rowguid], [strMaintenanceFlag], [strReservedAttribute]) VALUES (10080888, 10049001, N'Alovlanma Sessiyası - Yoluxmuş heyvan növləri', 0, NEWID(), NULL, NULL);
INSERT INTO [dbo].[trtStringNameTranslation] ([idfsBaseReference], [idfsLanguage], [strTextString], [intRowStatus], [rowguid], [strMaintenanceFlag], [strReservedAttribute]) VALUES (10080888, 10049011, N'جلسة التفشي - الانواع المتأثرة ', 0, NEWID(), NULL, NULL);

INSERT INTO [dbo].[trtStringNameTranslation] ([idfsBaseReference], [idfsLanguage], [strTextString], [intRowStatus], [rowguid], [strMaintenanceFlag], [strReservedAttribute]) VALUES (10080889, 10049003, N'Outbreak Session – Region', 0, NEWID(), NULL, NULL);
INSERT INTO [dbo].[trtStringNameTranslation] ([idfsBaseReference], [idfsLanguage], [strTextString], [intRowStatus], [rowguid], [strMaintenanceFlag], [strReservedAttribute]) VALUES (10080889, 10049004, N'აფეთქების სესია - რეგიონი', 0, NEWID(), NULL, NULL);
INSERT INTO [dbo].[trtStringNameTranslation] ([idfsBaseReference], [idfsLanguage], [strTextString], [intRowStatus], [rowguid], [strMaintenanceFlag], [strReservedAttribute]) VALUES (10080889, 10049001, N'Alovlanma Sessiyası - Region', 0, NEWID(), NULL, NULL);
INSERT INTO [dbo].[trtStringNameTranslation] ([idfsBaseReference], [idfsLanguage], [strTextString], [intRowStatus], [rowguid], [strMaintenanceFlag], [strReservedAttribute]) VALUES (10080889, 10049011, N'جلسة التفشي - المنطقة ', 0, NEWID(), NULL, NULL);

INSERT INTO [dbo].[trtStringNameTranslation] ([idfsBaseReference], [idfsLanguage], [strTextString], [intRowStatus], [rowguid], [strMaintenanceFlag], [strReservedAttribute]) VALUES (10080890, 10049003, N'Outbreak Session – Rayon', 0, NEWID(), NULL, NULL);
INSERT INTO [dbo].[trtStringNameTranslation] ([idfsBaseReference], [idfsLanguage], [strTextString], [intRowStatus], [rowguid], [strMaintenanceFlag], [strReservedAttribute]) VALUES (10080890, 10049004, N'აფეთქების სესია - რაიონი', 0, NEWID(), NULL, NULL);
INSERT INTO [dbo].[trtStringNameTranslation] ([idfsBaseReference], [idfsLanguage], [strTextString], [intRowStatus], [rowguid], [strMaintenanceFlag], [strReservedAttribute]) VALUES (10080890, 10049001, N'Alovlanma Sessiyası - Rayon', 0, NEWID(), NULL, NULL);
INSERT INTO [dbo].[trtStringNameTranslation] ([idfsBaseReference], [idfsLanguage], [strTextString], [intRowStatus], [rowguid], [strMaintenanceFlag], [strReservedAttribute]) VALUES (10080890, 10049011, N'جلسة التفشي - رايون ', 0, NEWID(), NULL, NULL);

INSERT INTO [dbo].[trtStringNameTranslation] ([idfsBaseReference], [idfsLanguage], [strTextString], [intRowStatus], [rowguid], [strMaintenanceFlag], [strReservedAttribute]) VALUES (10080891, 10049003, N'Outbreak Session – Settlement', 0, NEWID(), NULL, NULL);
INSERT INTO [dbo].[trtStringNameTranslation] ([idfsBaseReference], [idfsLanguage], [strTextString], [intRowStatus], [rowguid], [strMaintenanceFlag], [strReservedAttribute]) VALUES (10080891, 10049004, N'აფეთქების სესია - დასახლება', 0, NEWID(), NULL, NULL);
INSERT INTO [dbo].[trtStringNameTranslation] ([idfsBaseReference], [idfsLanguage], [strTextString], [intRowStatus], [rowguid], [strMaintenanceFlag], [strReservedAttribute]) VALUES (10080891, 10049001, N'Alovlanma Sessiyası - Yaşayış məntəqəsi', 0, NEWID(), NULL, NULL);
INSERT INTO [dbo].[trtStringNameTranslation] ([idfsBaseReference], [idfsLanguage], [strTextString], [intRowStatus], [rowguid], [strMaintenanceFlag], [strReservedAttribute]) VALUES (10080891, 10049011, N'جلسة التفشي - الاقامة ', 0, NEWID(), NULL, NULL);

INSERT INTO [dbo].[tasSearchField] ([idfsSearchField], [idfsSearchFieldType], [idfsSearchObject], [idfsReferenceType], [idfsGISReferenceType], [strSearchFieldAlias], [strLookupTable], [intMapDisplayOrder], [intIncidenceDisplayOrder], [blnGeoLocationString], [strCalculatedFieldText], [rowguid], [intRowStatus], [idfsDefaultAggregateFunction], [blnShortAddressString], [strLookupFunction], [strLookupFunctionIdField], [strLookupFunctionNameField], [strLookupAttribute], [blnAllowMissedReferenceValues], [strReservedAttribute]) VALUES (10080882, 10081007, 10082053, NULL, NULL, 'sflOutbreak_ID', NULL, NULL, NULL, NULL, NULL, NEWID(), 0, 10004020, 0, NULL, NULL, NULL, NULL, 0, NULL);
INSERT INTO [dbo].[tasSearchField] ([idfsSearchField], [idfsSearchFieldType], [idfsSearchObject], [idfsReferenceType], [idfsGISReferenceType], [strSearchFieldAlias], [strLookupTable], [intMapDisplayOrder], [intIncidenceDisplayOrder], [blnGeoLocationString], [strCalculatedFieldText], [rowguid], [intRowStatus], [idfsDefaultAggregateFunction], [blnShortAddressString], [strLookupFunction], [strLookupFunctionIdField], [strLookupFunctionNameField], [strLookupAttribute], [blnAllowMissedReferenceValues], [strReservedAttribute]) VALUES (10080883, 10081007, 10082053, 19000063, NULL, 'sflOS_Status', 'rftOutbreakStatus', NULL, NULL, NULL, NULL, NEWID(), 0, 10004003, 0, NULL, NULL, NULL, 'name', 1, NULL);
INSERT INTO [dbo].[tasSearchField] ([idfsSearchField], [idfsSearchFieldType], [idfsSearchObject], [idfsReferenceType], [idfsGISReferenceType], [strSearchFieldAlias], [strLookupTable], [intMapDisplayOrder], [intIncidenceDisplayOrder], [blnGeoLocationString], [strCalculatedFieldText], [rowguid], [intRowStatus], [idfsDefaultAggregateFunction], [blnShortAddressString], [strLookupFunction], [strLookupFunctionIdField], [strLookupFunctionNameField], [strLookupAttribute], [blnAllowMissedReferenceValues], [strReservedAttribute]) VALUES (10080884, 10081002, 10082053, NULL, NULL, 'sflOS_StartDate', NULL, NULL, NULL, NULL, NULL, NEWID(), 0, 10004003, 0, NULL, NULL, NULL, NULL, 0, NULL);
INSERT INTO [dbo].[tasSearchField] ([idfsSearchField], [idfsSearchFieldType], [idfsSearchObject], [idfsReferenceType], [idfsGISReferenceType], [strSearchFieldAlias], [strLookupTable], [intMapDisplayOrder], [intIncidenceDisplayOrder], [blnGeoLocationString], [strCalculatedFieldText], [rowguid], [intRowStatus], [idfsDefaultAggregateFunction], [blnShortAddressString], [strLookupFunction], [strLookupFunctionIdField], [strLookupFunctionNameField], [strLookupAttribute], [blnAllowMissedReferenceValues], [strReservedAttribute]) VALUES (10080885, 10081002, 10082053, NULL, NULL, 'sflOS_EndDate', NULL, NULL, NULL, NULL, NULL, NEWID(), 0, 10004003, 0, NULL, NULL, NULL, NULL, 0, NULL);
INSERT INTO [dbo].[tasSearchField] ([idfsSearchField], [idfsSearchFieldType], [idfsSearchObject], [idfsReferenceType], [idfsGISReferenceType], [strSearchFieldAlias], [strLookupTable], [intMapDisplayOrder], [intIncidenceDisplayOrder], [blnGeoLocationString], [strCalculatedFieldText], [rowguid], [intRowStatus], [idfsDefaultAggregateFunction], [blnShortAddressString], [strLookupFunction], [strLookupFunctionIdField], [strLookupFunctionNameField], [strLookupAttribute], [blnAllowMissedReferenceValues], [strReservedAttribute]) VALUES (10080886, 10081007, 10082053, 19000513, NULL, 'sflOS_Type', 'OutbreakType', NULL, NULL, NULL, NULL, NEWID(), 0, 10004003, 0, NULL, NULL, NULL, 'name', 1, NULL); -- newly created object type, see spOutbreakTypeSelectLookup
INSERT INTO [dbo].[tasSearchField] ([idfsSearchField], [idfsSearchFieldType], [idfsSearchObject], [idfsReferenceType], [idfsGISReferenceType], [strSearchFieldAlias], [strLookupTable], [intMapDisplayOrder], [intIncidenceDisplayOrder], [blnGeoLocationString], [strCalculatedFieldText], [rowguid], [intRowStatus], [idfsDefaultAggregateFunction], [blnShortAddressString], [strLookupFunction] ,[strLookupFunctionIdField], [strLookupFunctionNameField], [strLookupAttribute], [blnAllowMissedReferenceValues], [strReservedAttribute]) VALUES (10080887, 10081007, 10082053, 19000019, NULL, 'sflOS_Diagnosis', 'HumanStandardDiagnosis', NULL, NULL, NULL, NULL, NEWID(), 0, 10004003, 0, NULL, NULL, NULL, 'name', 1, NULL);
INSERT INTO [dbo].[tasSearchField] ([idfsSearchField], [idfsSearchFieldType], [idfsSearchObject], [idfsReferenceType], [idfsGISReferenceType], [strSearchFieldAlias], [strLookupTable], [intMapDisplayOrder], [intIncidenceDisplayOrder], [blnGeoLocationString], [strCalculatedFieldText], [rowguid], [intRowStatus], [idfsDefaultAggregateFunction], [blnShortAddressString], [strLookupFunction] ,[strLookupFunctionIdField], [strLookupFunctionNameField], [strLookupAttribute], [blnAllowMissedReferenceValues], [strReservedAttribute]) VALUES (10080888, 10081007, 10082053, 19000514, NULL, 'sflOS_SpeciesAffected', 'SpeciesAffected', NULL, NULL, NULL, NULL, NEWID(), 0, 10004003, 0, NULL, NULL, NULL, 'name', 1, NULL);
INSERT INTO [dbo].[tasSearchField] ([idfsSearchField], [idfsSearchFieldType], [idfsSearchObject], [idfsReferenceType], [idfsGISReferenceType], [strSearchFieldAlias], [strLookupTable], [intMapDisplayOrder], [intIncidenceDisplayOrder], [blnGeoLocationString], [strCalculatedFieldText], [rowguid], [intRowStatus], [idfsDefaultAggregateFunction], [blnShortAddressString], [strLookupFunction], [strLookupFunctionIdField], [strLookupFunctionNameField], [strLookupAttribute], [blnAllowMissedReferenceValues], [strReservedAttribute]) VALUES (10080889, 10081007, 10082053, NULL, 19000003, 'sflOS_Region', 'Region', 1004, 1004, NULL, NULL, NEWID(), 0, 10004003, 0, NULL, NULL, NULL, 'strRegionExtendedName', 1, NULL);
INSERT INTO [dbo].[tasSearchField] ([idfsSearchField], [idfsSearchFieldType], [idfsSearchObject], [idfsReferenceType], [idfsGISReferenceType], [strSearchFieldAlias], [strLookupTable], [intMapDisplayOrder], [intIncidenceDisplayOrder], [blnGeoLocationString], [strCalculatedFieldText], [rowguid], [intRowStatus], [idfsDefaultAggregateFunction], [blnShortAddressString], [strLookupFunction], [strLookupFunctionIdField], [strLookupFunctionNameField], [strLookupAttribute], [blnAllowMissedReferenceValues], [strReservedAttribute]) VALUES (10080890, 10081007, 10082053, NULL, 19000002, 'sflOS_Rayon', 'Rayon', 1003, 1003, NULL, NULL, NEWID(), 0, 10004003, 0, NULL, NULL, NULL, 'strRayonExtendedName', 1, NULL);
INSERT INTO [dbo].[tasSearchField] ([idfsSearchField], [idfsSearchFieldType], [idfsSearchObject], [idfsReferenceType], [idfsGISReferenceType], [strSearchFieldAlias], [strLookupTable], [intMapDisplayOrder], [intIncidenceDisplayOrder], [blnGeoLocationString], [strCalculatedFieldText], [rowguid], [intRowStatus], [idfsDefaultAggregateFunction], [blnShortAddressString], [strLookupFunction], [strLookupFunctionIdField], [strLookupFunctionNameField], [strLookupAttribute], [blnAllowMissedReferenceValues], [strReservedAttribute]) VALUES (10080891, 10081007, 10082053, NULL, 19000004, 'sflOS_Settlement', 'Settlement', 1001, 1001, NULL, NULL, NEWID(), 0, 10004003, 0, NULL, NULL, NULL, 'strSettlementExtendedName', 1, NULL);
GO

-- Create stored procedure spOutbreakTypeSelectLookup for OutbreakType
--##REMARKS Author: Edgard Torres
--##REMARKS Create date: 02/08/2022

--##RETURNS Don't use 

/*
--Example of a call of procedure:

exec spOutbreakTypeSelectLookup 'en'

*/ 
 
CREATE OR ALTER PROCEDURE [dbo].[spOutbreakTypeSelectLookup]
	@LangID			as varchar(36)
AS
BEGIN
	select distinct
		r.idfsReference, 
		r.[name],
		r.intOrder  
		from		fnReferenceRepair(@LangID, 19000513) r
		where		r.idfsReference in
					(	
						10513001,	-- Human
						10513002,	-- Veterinary
						10513003	-- Zoonotic
					)
		order by	r.intOrder, r.[name], r.idfsReference

END
GO

-- Create stored procedure spSpeciesAffectedSelectLookup for Outbreak Session – Species Affected
--##REMARKS Author: Edgard Torres
--##REMARKS Create date: 6/14/2022

--##RETURNS Don't use 

/*
--Example of a call of procedure:

exec spSpeciesAffectedSelectLookup 'en'

*/ 
 
CREATE PROCEDURE [dbo].[spSpeciesAffectedSelectLookup]
	@LangID			as varchar(36)
AS
BEGIN
	select distinct
		r.idfsReference, 
		r.[name],
		r.intOrder  
		from		fnReferenceRepair(@LangID, 19000514) r
		where		r.idfsReference in
					(	
						10514001,	-- Human
						10514002,	-- Avian
						10514003,	-- Livestock
						10514004	-- Vector
					)
		order by	r.intOrder, r.[name], r.idfsReference

END


-- Add 'Outbreak Session Cases' - object
ALTER TABLE dbo.trtBaseReference DISABLE TRIGGER ALL
INSERT INTO [dbo].[trtBaseReference] ([idfsBaseReference], [idfsReferenceType], [strBaseReferenceCode], [strDefault], [intHACode], [intOrder], [blnSystem], [intRowStatus], [rowguid], [strMaintenanceFlag], [strReservedAttribute])
VALUES (10082054, 19000082, NULL, 'Outbreak Session Cases', 32, 0, 1, 0, NEWID(), NULL, NULL)
GO

INSERT INTO [dbo].[tasSearchObject] ([idfsSearchObject], [idfsFormType], [blnPrimary], [rowguid], [intRowStatus], [blnShowReportType], [strReservedAttribute])
VALUES (10082054, NULL, 0, NEWID(), 0, 0, NULL)
GO

INSERT INTO [dbo].[trtStringNameTranslation] ([idfsBaseReference], [idfsLanguage], [strTextString], [intRowStatus], [rowguid], [strMaintenanceFlag], [strReservedAttribute])
VALUES(10082054, 10049003,N'Outbreak Session Cases', 0, NEWID(), NULL, NULL)
INSERT INTO [dbo].[trtStringNameTranslation] ([idfsBaseReference], [idfsLanguage], [strTextString], [intRowStatus], [rowguid], [strMaintenanceFlag], [strReservedAttribute])
VALUES(10082054, 10049004,N'აფეთქების სესიის შემთხვევები - აფეთქების შემთხვევის ID', 0, NEWID(), NULL, NULL)
INSERT INTO [dbo].[trtStringNameTranslation] ([idfsBaseReference], [idfsLanguage], [strTextString], [intRowStatus], [rowguid], [strMaintenanceFlag], [strReservedAttribute])
VALUES(10082054, 10049001,N'Alovlanma Sessiyası Hadisələr - Alovlanma hadisəsinin Q/N-si', 0, NEWID(), NULL, NULL)
INSERT INTO [dbo].[trtStringNameTranslation] ([idfsBaseReference], [idfsLanguage], [strTextString], [intRowStatus], [rowguid], [strMaintenanceFlag], [strReservedAttribute])
VALUES(10082054, 10049011,N'جلسة حالات التفشي - معرّف حالة التفشي ', 0, NEWID(), NULL, NULL)
GO
ALTER TABLE dbo.trtBaseReference ENABLE TRIGGER ALL

-- Add relations - 'Outbreak Session Cases' child of 'Outbreak Session', used idfsParentSearchObject 10082016 as an example
INSERT INTO [dbo].[tasSearchObjectToSearchObject] ([idfsRelatedSearchObject], [idfsParentSearchObject], [rowguid], [strSubQueryJoinCondition], [blnUseForSubQuery], [strReservedAttribute])
VALUES(10082054, 10082053, NEWID(), 'v_{6}.[PKField] = v.[PKField] and v_{6}.[PKField_4582900000000] = v.[PKField_4582900000000] and v_{6}.[PKField_4582670000000] is not null', 0, NULL)
GO

-- Outbreak Session Case - fields
INSERT INTO [dbo].[trtBaseReference] ([idfsBaseReference], [idfsReferenceType], [strBaseReferenceCode], [strDefault], [intHACode], [intOrder], [blnSystem], [intRowStatus], [rowguid], [strMaintenanceFlag], [strReservedAttribute]) VALUES (10080892, 19000080, 'sflOSC_OutbreakCaseID', N'Outbreak Session Cases – Outbreak Case ID', 226, 1, 1, 0, NEWID(), NULL, NULL); -- using 10080110 as an example
INSERT INTO [dbo].[trtBaseReference] ([idfsBaseReference], [idfsReferenceType], [strBaseReferenceCode], [strDefault], [intHACode], [intOrder], [blnSystem], [intRowStatus], [rowguid], [strMaintenanceFlag], [strReservedAttribute]) VALUES (10080893, 19000080, 'sflOSC_EnteredDate', N'Outbreak Session Cases – Date Entered', 226, 2, 1, 0, NEWID(), NULL, NULL); -- using 10080844 as an example
INSERT INTO [dbo].[trtBaseReference] ([idfsBaseReference], [idfsReferenceType], [strBaseReferenceCode], [strDefault], [intHACode], [intOrder], [blnSystem], [intRowStatus], [rowguid], [strMaintenanceFlag], [strReservedAttribute]) VALUES (10080894, 19000080, 'sflOSC_Type', N'Outbreak Session Cases – Case Type', 226, 3, NULL, 0, NEWID(), NULL, NULL); -- using 10080886 as an example (values Human, Veterinary and Zoonotic)
INSERT INTO [dbo].[trtBaseReference] ([idfsBaseReference], [idfsReferenceType], [strBaseReferenceCode], [strDefault], [intHACode], [intOrder], [blnSystem], [intRowStatus], [rowguid], [strMaintenanceFlag], [strReservedAttribute]) VALUES (10080895, 19000080, 'sflOBS_Status', N'Outbreak Session Cases – Case Status', 32, 4, NULL, 0, NEWID(), NULL, NULL); -- using 10080109 as an example
INSERT INTO [dbo].[trtBaseReference] ([idfsBaseReference], [idfsReferenceType], [strBaseReferenceCode], [strDefault], [intHACode], [intOrder], [blnSystem], [intRowStatus], [rowguid], [strMaintenanceFlag], [strReservedAttribute]) VALUES (10080896, 19000080, 'sflOBS_DateOfSymptomsOnset', N'Outbreak Session Cases – Date of Symptoms Onset', 256, 5, 1, 0, NEWID(), NULL, NULL); -- using 10080642 as an example
INSERT INTO [dbo].[trtBaseReference] ([idfsBaseReference], [idfsReferenceType], [strBaseReferenceCode], [strDefault], [intHACode], [intOrder], [blnSystem], [intRowStatus], [rowguid], [strMaintenanceFlag], [strReservedAttribute]) VALUES (10080897, 19000080, 'sflOBS_StartDateOfSymptomsOnset', N'Outbreak Session Cases – Start of Signs', 226, 6, null, 0, NEWID(), NULL, NULL); -- using 10080241 as an example
INSERT INTO [dbo].[trtBaseReference] ([idfsBaseReference], [idfsReferenceType], [strBaseReferenceCode], [strDefault], [intHACode], [intOrder], [blnSystem], [intRowStatus], [rowguid], [strMaintenanceFlag], [strReservedAttribute]) VALUES (10080898, 19000080, 'sflOBS_CaseClassification', N'Outbreak Session Cases – Case Classification', 226, 7, 1, 0, NEWID(), NULL, NULL); -- using 10080469 as an example
INSERT INTO [dbo].[trtBaseReference] ([idfsBaseReference], [idfsReferenceType], [strBaseReferenceCode], [strDefault], [intHACode], [intOrder], [blnSystem], [intRowStatus], [rowguid], [strMaintenanceFlag], [strReservedAttribute]) VALUES (10080899, 19000080, 'sflOBS_Region', N'Outbreak Session Cases – Region', 32, 8, 1, 0, NEWID(), NULL, NULL); -- using 10080846 as an example
INSERT INTO [dbo].[trtBaseReference] ([idfsBaseReference], [idfsReferenceType], [strBaseReferenceCode], [strDefault], [intHACode], [intOrder], [blnSystem], [intRowStatus], [rowguid], [strMaintenanceFlag], [strReservedAttribute]) VALUES (10080900, 19000080, 'sflOBS_Rayon', 'Outbreak Session Cases – Rayon', 32, 9, 1, 0, NEWID(), NULL, NULL); -- using 10080847 as an example
INSERT INTO [dbo].[trtBaseReference] ([idfsBaseReference], [idfsReferenceType], [strBaseReferenceCode], [strDefault], [intHACode], [intOrder], [blnSystem], [intRowStatus], [rowguid], [strMaintenanceFlag], [strReservedAttribute]) VALUES (10080901, 19000080, 'sflOBS_Settlement', 'Outbreak Session Cases – Settlement', 32, 10, 1, 0, NEWID(), NULL, NULL); -- using 10080848 as an example
INSERT INTO [dbo].[trtBaseReference] ([idfsBaseReference], [idfsReferenceType], [strBaseReferenceCode], [strDefault], [intHACode], [intOrder], [blnSystem], [intRowStatus], [rowguid], [strMaintenanceFlag], [strReservedAttribute]) VALUES (10080902, 19000080, 'sflOBS_CaseMonitoringQuestions', 'Outbreak Session Cases – Case Monitoring questions (Flexible forms)', 32, 11, 1, 0, NEWID(), NULL, NULL); -- using xxx as an example, TODO: we have to display templates for this field maybe use a dropdown above Fields List, text field for now

INSERT INTO [dbo].[trtStringNameTranslation] ([idfsBaseReference], [idfsLanguage], [strTextString], [intRowStatus], [rowguid], [strMaintenanceFlag], [strReservedAttribute]) VALUES (10080892, 10049003, N'Outbreak Session Cases – Outbreak Case ID', 0, NEWID(), NULL, NULL);
INSERT INTO [dbo].[trtStringNameTranslation] ([idfsBaseReference], [idfsLanguage], [strTextString], [intRowStatus], [rowguid], [strMaintenanceFlag], [strReservedAttribute]) VALUES (10080892, 10049004, N'აფეთქების სესიის შემთხვევები - აფეთქების შემთხვევის ID', 0, NEWID(), NULL, NULL);
INSERT INTO [dbo].[trtStringNameTranslation] ([idfsBaseReference], [idfsLanguage], [strTextString], [intRowStatus], [rowguid], [strMaintenanceFlag], [strReservedAttribute]) VALUES (10080892, 10049001, N'Alovlanma Sessiyası Hadisələr - Alovlanma hadisəsinin Q/N-si', 0, NEWID(), NULL, NULL);
INSERT INTO [dbo].[trtStringNameTranslation] ([idfsBaseReference], [idfsLanguage], [strTextString], [intRowStatus], [rowguid], [strMaintenanceFlag], [strReservedAttribute]) VALUES (10080892, 10049011, N'جلسة حالات التفشي - معرّف حالة التفشي ', 0, NEWID(), NULL, NULL);

INSERT INTO [dbo].[trtStringNameTranslation] ([idfsBaseReference], [idfsLanguage], [strTextString], [intRowStatus], [rowguid], [strMaintenanceFlag], [strReservedAttribute]) VALUES (10080893, 10049003, N'Outbreak Session Cases – Date Entered', 0, NEWID(), NULL, NULL);
INSERT INTO [dbo].[trtStringNameTranslation] ([idfsBaseReference], [idfsLanguage], [strTextString], [intRowStatus], [rowguid], [strMaintenanceFlag], [strReservedAttribute]) VALUES (10080893, 10049004, N'აფეთქების სესიის შემთხვევები - შეყვანის თარიღი', 0, NEWID(), NULL, NULL);
INSERT INTO [dbo].[trtStringNameTranslation] ([idfsBaseReference], [idfsLanguage], [strTextString], [intRowStatus], [rowguid], [strMaintenanceFlag], [strReservedAttribute]) VALUES (10080893, 10049001, N'Alovlanma Sessiyası Hadisələr - Daxil edilmə tarixi', 0, NEWID(), NULL, NULL);
INSERT INTO [dbo].[trtStringNameTranslation] ([idfsBaseReference], [idfsLanguage], [strTextString], [intRowStatus], [rowguid], [strMaintenanceFlag], [strReservedAttribute]) VALUES (10080893, 10049011, N'جلسة حالات التفشي - تاريخ الدخول ', 0, NEWID(), NULL, NULL);

INSERT INTO [dbo].[trtStringNameTranslation] ([idfsBaseReference], [idfsLanguage], [strTextString], [intRowStatus], [rowguid], [strMaintenanceFlag], [strReservedAttribute]) VALUES (10080894, 10049003, N'Outbreak Session Cases – Case Type', 0, NEWID(), NULL, NULL);
INSERT INTO [dbo].[trtStringNameTranslation] ([idfsBaseReference], [idfsLanguage], [strTextString], [intRowStatus], [rowguid], [strMaintenanceFlag], [strReservedAttribute]) VALUES (10080894, 10049004, N'აფეთქების სესიის შემთხვევები - შემთხვევის ტიპი', 0, NEWID(), NULL, NULL);
INSERT INTO [dbo].[trtStringNameTranslation] ([idfsBaseReference], [idfsLanguage], [strTextString], [intRowStatus], [rowguid], [strMaintenanceFlag], [strReservedAttribute]) VALUES (10080894, 10049001, N'Alovlanma Sessiyası Hadisələr - Hadisənin növü', 0, NEWID(), NULL, NULL);
INSERT INTO [dbo].[trtStringNameTranslation] ([idfsBaseReference], [idfsLanguage], [strTextString], [intRowStatus], [rowguid], [strMaintenanceFlag], [strReservedAttribute]) VALUES (10080894, 10049011, N'جلسة حالات التفشي - نوع الحالة ', 0, NEWID(), NULL, NULL);

INSERT INTO [dbo].[trtStringNameTranslation] ([idfsBaseReference], [idfsLanguage], [strTextString], [intRowStatus], [rowguid], [strMaintenanceFlag], [strReservedAttribute]) VALUES (10080895, 10049003, N'Outbreak Session Cases – Case Status', 0, NEWID(), NULL, NULL);
INSERT INTO [dbo].[trtStringNameTranslation] ([idfsBaseReference], [idfsLanguage], [strTextString], [intRowStatus], [rowguid], [strMaintenanceFlag], [strReservedAttribute]) VALUES (10080895, 10049004, N'აფეთქების სესიის შემთხვევები - შემთხვევის სტატუსი', 0, NEWID(), NULL, NULL);
INSERT INTO [dbo].[trtStringNameTranslation] ([idfsBaseReference], [idfsLanguage], [strTextString], [intRowStatus], [rowguid], [strMaintenanceFlag], [strReservedAttribute]) VALUES (10080895, 10049001, N'Alovlanma Sessiyası Hadisələr- Hadisənin statusu', 0, NEWID(), NULL, NULL);
INSERT INTO [dbo].[trtStringNameTranslation] ([idfsBaseReference], [idfsLanguage], [strTextString], [intRowStatus], [rowguid], [strMaintenanceFlag], [strReservedAttribute]) VALUES (10080895, 10049011, N'جلسة حالات التفشي - وضع الحالة ', 0, NEWID(), NULL, NULL);

INSERT INTO [dbo].[trtStringNameTranslation] ([idfsBaseReference], [idfsLanguage], [strTextString], [intRowStatus], [rowguid], [strMaintenanceFlag], [strReservedAttribute]) VALUES (10080896, 10049003, N'Outbreak Session Cases – Date of Symptoms Onset', 0, NEWID(), NULL, NULL);
INSERT INTO [dbo].[trtStringNameTranslation] ([idfsBaseReference], [idfsLanguage], [strTextString], [intRowStatus], [rowguid], [strMaintenanceFlag], [strReservedAttribute]) VALUES (10080896, 10049004, N'აფეთქების სესიის შემთხვევები -  სიმპტომების გამოვლენის თარიღი', 0, NEWID(), NULL, NULL);
INSERT INTO [dbo].[trtStringNameTranslation] ([idfsBaseReference], [idfsLanguage], [strTextString], [intRowStatus], [rowguid], [strMaintenanceFlag], [strReservedAttribute]) VALUES (10080896, 10049001, N'Alovlanma Sessiyası Hadisələr - Simptomların başlanma tarixi', 0, NEWID(), NULL, NULL);
INSERT INTO [dbo].[trtStringNameTranslation] ([idfsBaseReference], [idfsLanguage], [strTextString], [intRowStatus], [rowguid], [strMaintenanceFlag], [strReservedAttribute]) VALUES (10080896, 10049011, N'جلسة حالات التفشي - تاريخ بدء ظهور الأعراض ', 0, NEWID(), NULL, NULL);

INSERT INTO [dbo].[trtStringNameTranslation] ([idfsBaseReference], [idfsLanguage], [strTextString], [intRowStatus], [rowguid], [strMaintenanceFlag], [strReservedAttribute]) VALUES (10080897, 10049003, N'Outbreak Session Cases – Start of Signs', 0, NEWID(), NULL, NULL);
INSERT INTO [dbo].[trtStringNameTranslation] ([idfsBaseReference], [idfsLanguage], [strTextString], [intRowStatus], [rowguid], [strMaintenanceFlag], [strReservedAttribute]) VALUES (10080897, 10049004, N'აფეთქების სესიის შემთხვევები - სიმპტომების დაწყება', 0, NEWID(), NULL, NULL);
INSERT INTO [dbo].[trtStringNameTranslation] ([idfsBaseReference], [idfsLanguage], [strTextString], [intRowStatus], [rowguid], [strMaintenanceFlag], [strReservedAttribute]) VALUES (10080897, 10049001, N'Alovlanma Sessiyası Hadisələr - Xəstəlik əlamətlərinin başlanma tarixi', 0, NEWID(), NULL, NULL);
INSERT INTO [dbo].[trtStringNameTranslation] ([idfsBaseReference], [idfsLanguage], [strTextString], [intRowStatus], [rowguid], [strMaintenanceFlag], [strReservedAttribute]) VALUES (10080897, 10049011, N'جلسة حالات التفشي - بدء ظهور العلامات ', 0, NEWID(), NULL, NULL);

INSERT INTO [dbo].[trtStringNameTranslation] ([idfsBaseReference], [idfsLanguage], [strTextString], [intRowStatus], [rowguid], [strMaintenanceFlag], [strReservedAttribute]) VALUES (10080898, 10049003, N'Outbreak Session Cases – Case Classification', 0, NEWID(), NULL, NULL);
INSERT INTO [dbo].[trtStringNameTranslation] ([idfsBaseReference], [idfsLanguage], [strTextString], [intRowStatus], [rowguid], [strMaintenanceFlag], [strReservedAttribute]) VALUES (10080898, 10049004, N'აფეთქების სესიის შემთხვევები - შემთხვევის კლასიფიკაცია', 0, NEWID(), NULL, NULL);
INSERT INTO [dbo].[trtStringNameTranslation] ([idfsBaseReference], [idfsLanguage], [strTextString], [intRowStatus], [rowguid], [strMaintenanceFlag], [strReservedAttribute]) VALUES (10080898, 10049001, N'Alovlanma Sessiyası Hadisələr - Hadisənin təsnifatı', 0, NEWID(), NULL, NULL);
INSERT INTO [dbo].[trtStringNameTranslation] ([idfsBaseReference], [idfsLanguage], [strTextString], [intRowStatus], [rowguid], [strMaintenanceFlag], [strReservedAttribute]) VALUES (10080898, 10049011, N'جلسة حالات التفشي - تصنبف الحالة ', 0, NEWID(), NULL, NULL);

INSERT INTO [dbo].[trtStringNameTranslation] ([idfsBaseReference], [idfsLanguage], [strTextString], [intRowStatus], [rowguid], [strMaintenanceFlag], [strReservedAttribute]) VALUES (10080899, 10049003, N'Outbreak Session Cases – Region', 0, NEWID(), NULL, NULL);
INSERT INTO [dbo].[trtStringNameTranslation] ([idfsBaseReference], [idfsLanguage], [strTextString], [intRowStatus], [rowguid], [strMaintenanceFlag], [strReservedAttribute]) VALUES (10080899, 10049004, N'აფეთქების სესიის შემთხვევები - რეგიონი', 0, NEWID(), NULL, NULL);
INSERT INTO [dbo].[trtStringNameTranslation] ([idfsBaseReference], [idfsLanguage], [strTextString], [intRowStatus], [rowguid], [strMaintenanceFlag], [strReservedAttribute]) VALUES (10080899, 10049001, N'Alovlanma Sessiyası Hadisələr - Region', 0, NEWID(), NULL, NULL);
INSERT INTO [dbo].[trtStringNameTranslation] ([idfsBaseReference], [idfsLanguage], [strTextString], [intRowStatus], [rowguid], [strMaintenanceFlag], [strReservedAttribute]) VALUES (10080899, 10049011, N'جلسة حالات التفشي - المنطقة ', 0, NEWID(), NULL, NULL);

INSERT INTO [dbo].[trtStringNameTranslation] ([idfsBaseReference], [idfsLanguage], [strTextString], [intRowStatus], [rowguid], [strMaintenanceFlag], [strReservedAttribute]) VALUES (10080900, 10049003, N'Outbreak Session Cases – Rayon', 0, NEWID(), NULL, NULL);
INSERT INTO [dbo].[trtStringNameTranslation] ([idfsBaseReference], [idfsLanguage], [strTextString], [intRowStatus], [rowguid], [strMaintenanceFlag], [strReservedAttribute]) VALUES (10080900, 10049004, N'აფეთქების სესიის შემთხვევები - რაიონი', 0, NEWID(), NULL, NULL);
INSERT INTO [dbo].[trtStringNameTranslation] ([idfsBaseReference], [idfsLanguage], [strTextString], [intRowStatus], [rowguid], [strMaintenanceFlag], [strReservedAttribute]) VALUES (10080900, 10049001, N'Alovlanma Sessiyası Hadisələr - Rayon', 0, NEWID(), NULL, NULL);
INSERT INTO [dbo].[trtStringNameTranslation] ([idfsBaseReference], [idfsLanguage], [strTextString], [intRowStatus], [rowguid], [strMaintenanceFlag], [strReservedAttribute]) VALUES (10080900, 10049011, N'جلسة حالات التفشي - رايون ', 0, NEWID(), NULL, NULL);

INSERT INTO [dbo].[trtStringNameTranslation] ([idfsBaseReference], [idfsLanguage], [strTextString], [intRowStatus], [rowguid], [strMaintenanceFlag], [strReservedAttribute]) VALUES (10080901, 10049003, N'Outbreak Session Cases – Settlement', 0, NEWID(), NULL, NULL);
INSERT INTO [dbo].[trtStringNameTranslation] ([idfsBaseReference], [idfsLanguage], [strTextString], [intRowStatus], [rowguid], [strMaintenanceFlag], [strReservedAttribute]) VALUES (10080901, 10049004, N'აფეთქების სესიის შემთხვევები - დასახლება', 0, NEWID(), NULL, NULL);
INSERT INTO [dbo].[trtStringNameTranslation] ([idfsBaseReference], [idfsLanguage], [strTextString], [intRowStatus], [rowguid], [strMaintenanceFlag], [strReservedAttribute]) VALUES (10080901, 10049001, N'Alovlanma Sessiyası Hadisələr - Yaşayış məntəqəsi', 0, NEWID(), NULL, NULL);
INSERT INTO [dbo].[trtStringNameTranslation] ([idfsBaseReference], [idfsLanguage], [strTextString], [intRowStatus], [rowguid], [strMaintenanceFlag], [strReservedAttribute]) VALUES (10080901, 10049011, N'جلسة حالات التفشي - الاقامة ', 0, NEWID(), NULL, NULL);

INSERT INTO [dbo].[trtStringNameTranslation] ([idfsBaseReference], [idfsLanguage], [strTextString], [intRowStatus], [rowguid], [strMaintenanceFlag], [strReservedAttribute]) VALUES (10080902, 10049003, N'Outbreak Session Cases – Case Monitoring questions (Flexible forms)', 0, NEWID(), NULL, NULL);
INSERT INTO [dbo].[trtStringNameTranslation] ([idfsBaseReference], [idfsLanguage], [strTextString], [intRowStatus], [rowguid], [strMaintenanceFlag], [strReservedAttribute]) VALUES (10080902, 10049004, N'აფეთქების სესიის შემთხვევები - შემთხვევის მონიტორინგთან დაკავშირებული შეკითხვები (მოქნილი ფორმები)', 0, NEWID(), NULL, NULL);
INSERT INTO [dbo].[trtStringNameTranslation] ([idfsBaseReference], [idfsLanguage], [strTextString], [intRowStatus], [rowguid], [strMaintenanceFlag], [strReservedAttribute]) VALUES (10080902, 10049001, N'Alovlanma Sessiyası Hadisələr - Hadisənin monitorinqi üzrə suallar (Əlavə edilən formalar)', 0, NEWID(), NULL, NULL);
INSERT INTO [dbo].[trtStringNameTranslation] ([idfsBaseReference], [idfsLanguage], [strTextString], [intRowStatus], [rowguid], [strMaintenanceFlag], [strReservedAttribute]) VALUES (10080902, 10049011, N'جلسة حالات التفشي - أسئلة مراقبة الحالة ( نماذج مرنة )', 0, NEWID(), NULL, NULL);

INSERT INTO [dbo].[tasSearchField] ([idfsSearchField], [idfsSearchFieldType], [idfsSearchObject], [idfsReferenceType], [idfsGISReferenceType], [strSearchFieldAlias], [strLookupTable], [intMapDisplayOrder], [intIncidenceDisplayOrder], [blnGeoLocationString], [strCalculatedFieldText], [rowguid], [intRowStatus], [idfsDefaultAggregateFunction], [blnShortAddressString], [strLookupFunction], [strLookupFunctionIdField], [strLookupFunctionNameField], [strLookupAttribute], [blnAllowMissedReferenceValues], [strReservedAttribute]) VALUES (10080892, 10081007, 10082054, NULL, NULL, 'sflOutbreak_ID', NULL, NULL, NULL, NULL, NULL, NEWID(), 0, 10004020, 0, NULL, NULL, NULL, NULL, 0, NULL);
INSERT INTO [dbo].[tasSearchField] ([idfsSearchField], [idfsSearchFieldType], [idfsSearchObject], [idfsReferenceType], [idfsGISReferenceType], [strSearchFieldAlias], [strLookupTable], [intMapDisplayOrder], [intIncidenceDisplayOrder], [blnGeoLocationString], [strCalculatedFieldText], [rowguid], [intRowStatus], [idfsDefaultAggregateFunction], [blnShortAddressString], [strLookupFunction] ,[strLookupFunctionIdField], [strLookupFunctionNameField], [strLookupAttribute], [blnAllowMissedReferenceValues], [strReservedAttribute]) VALUES (10080893, 10081002, 10082054, NULL, NULL, 'sflOSC_EnteredDate', NULL, NULL, NULL, NULL, NULL, NEWID(), 0, 10004003, 0, NULL, NULL, NULL, NULL, 0, NULL);
INSERT INTO [dbo].[tasSearchField] ([idfsSearchField], [idfsSearchFieldType], [idfsSearchObject], [idfsReferenceType], [idfsGISReferenceType], [strSearchFieldAlias], [strLookupTable], [intMapDisplayOrder], [intIncidenceDisplayOrder], [blnGeoLocationString], [strCalculatedFieldText], [rowguid], [intRowStatus], [idfsDefaultAggregateFunction], [blnShortAddressString], [strLookupFunction], [strLookupFunctionIdField], [strLookupFunctionNameField], [strLookupAttribute], [blnAllowMissedReferenceValues], [strReservedAttribute]) VALUES (10080894, 10081007, 10082054, 19000513, NULL, 'sflOS_Type', 'OutbreakType', NULL, NULL, NULL, NULL, NEWID(), 0, 10004003, 0, NULL, NULL, NULL, 'name', 1, NULL); -- newly created object type, see spOutbreakTypeSelectLookup
INSERT INTO [dbo].[tasSearchField] ([idfsSearchField], [idfsSearchFieldType], [idfsSearchObject], [idfsReferenceType], [idfsGISReferenceType], [strSearchFieldAlias], [strLookupTable], [intMapDisplayOrder], [intIncidenceDisplayOrder], [blnGeoLocationString], [strCalculatedFieldText], [rowguid], [intRowStatus], [idfsDefaultAggregateFunction], [blnShortAddressString], [strLookupFunction], [strLookupFunctionIdField], [strLookupFunctionNameField], [strLookupAttribute], [blnAllowMissedReferenceValues], [strReservedAttribute]) VALUES (10080895, 10081007, 10082054, 19000063, NULL, 'sflOS_Status', 'rftOutbreakStatus', NULL, NULL, NULL, NULL, NEWID(), 0, 10004003, 0, NULL, NULL, NULL, 'name', 1, NULL);
INSERT INTO [dbo].[tasSearchField] ([idfsSearchField], [idfsSearchFieldType], [idfsSearchObject], [idfsReferenceType], [idfsGISReferenceType], [strSearchFieldAlias], [strLookupTable], [intMapDisplayOrder], [intIncidenceDisplayOrder], [blnGeoLocationString], [strCalculatedFieldText], [rowguid], [intRowStatus], [idfsDefaultAggregateFunction], [blnShortAddressString], [strLookupFunction], [strLookupFunctionIdField], [strLookupFunctionNameField], [strLookupAttribute], [blnAllowMissedReferenceValues], [strReservedAttribute]) VALUES (10080896, 10081002, 10082054, NULL, NULL, 'sflOBS_DateOfSymptomsOnset', NULL, NULL, NULL, NULL, NULL, NEWID(), 0, 10004003, 0, NULL, NULL, NULL, NULL, 1, NULL);
INSERT INTO [dbo].[tasSearchField] ([idfsSearchField], [idfsSearchFieldType], [idfsSearchObject], [idfsReferenceType], [idfsGISReferenceType], [strSearchFieldAlias], [strLookupTable], [intMapDisplayOrder], [intIncidenceDisplayOrder], [blnGeoLocationString], [strCalculatedFieldText], [rowguid], [intRowStatus], [idfsDefaultAggregateFunction], [blnShortAddressString], [strLookupFunction], [strLookupFunctionIdField], [strLookupFunctionNameField], [strLookupAttribute], [blnAllowMissedReferenceValues], [strReservedAttribute]) VALUES (10080897, 10081002, 10082054, NULL, NULL, 'sflOBS_StartDateOfSymptomsOnset', NULL, NULL, NULL, NULL, NULL, NEWID(), 0, 10004003, 0, NULL, NULL, NULL, NULL, 1, NULL);
INSERT INTO [dbo].[tasSearchField] ([idfsSearchField], [idfsSearchFieldType], [idfsSearchObject], [idfsReferenceType], [idfsGISReferenceType], [strSearchFieldAlias], [strLookupTable], [intMapDisplayOrder], [intIncidenceDisplayOrder], [blnGeoLocationString], [strCalculatedFieldText], [rowguid], [intRowStatus], [idfsDefaultAggregateFunction], [blnShortAddressString], [strLookupFunction], [strLookupFunctionIdField], [strLookupFunctionNameField], [strLookupAttribute], [blnAllowMissedReferenceValues], [strReservedAttribute]) VALUES (10080898, 10081007, 10082054, 19000011, NULL, 'sflOBS_CaseClassification', 'rftCaseClassification', NULL, NULL, NULL, NULL, NEWID(), 0, 10004003, 0, NULL, NULL, NULL, 'name', 1, NULL);
INSERT INTO [dbo].[tasSearchField] ([idfsSearchField], [idfsSearchFieldType], [idfsSearchObject], [idfsReferenceType], [idfsGISReferenceType], [strSearchFieldAlias], [strLookupTable], [intMapDisplayOrder], [intIncidenceDisplayOrder], [blnGeoLocationString], [strCalculatedFieldText], [rowguid], [intRowStatus], [idfsDefaultAggregateFunction], [blnShortAddressString], [strLookupFunction], [strLookupFunctionIdField], [strLookupFunctionNameField], [strLookupAttribute], [blnAllowMissedReferenceValues], [strReservedAttribute]) VALUES (10080899, 10081007, 10082054, NULL, 19000003, 'sflOBS_Region', 'Region', 1004, 1004, NULL, NULL, NEWID(), 0, 10004003, 0, NULL, NULL, NULL, 'strRegionExtendedName', 1, NULL);
INSERT INTO [dbo].[tasSearchField] ([idfsSearchField], [idfsSearchFieldType], [idfsSearchObject], [idfsReferenceType], [idfsGISReferenceType], [strSearchFieldAlias], [strLookupTable], [intMapDisplayOrder], [intIncidenceDisplayOrder], [blnGeoLocationString], [strCalculatedFieldText], [rowguid], [intRowStatus], [idfsDefaultAggregateFunction], [blnShortAddressString], [strLookupFunction], [strLookupFunctionIdField], [strLookupFunctionNameField], [strLookupAttribute], [blnAllowMissedReferenceValues], [strReservedAttribute]) VALUES (10080900, 10081007, 10082054, NULL, 19000002, 'sflOBS_Rayon', 'Rayon', 1003, 1003, NULL, NULL, NEWID(), 0, 10004003, 0, NULL, NULL, NULL, 'strRayonExtendedName', 1, NULL);
INSERT INTO [dbo].[tasSearchField] ([idfsSearchField], [idfsSearchFieldType], [idfsSearchObject], [idfsReferenceType], [idfsGISReferenceType], [strSearchFieldAlias], [strLookupTable], [intMapDisplayOrder], [intIncidenceDisplayOrder], [blnGeoLocationString], [strCalculatedFieldText], [rowguid], [intRowStatus], [idfsDefaultAggregateFunction], [blnShortAddressString], [strLookupFunction], [strLookupFunctionIdField], [strLookupFunctionNameField], [strLookupAttribute], [blnAllowMissedReferenceValues], [strReservedAttribute]) VALUES (10080901, 10081007, 10082054, NULL, 19000004, 'sflOBS_Settlement', 'Settlement', 1001, 1001, NULL, NULL, NEWID(), 0, 10004003, 0, NULL, NULL, NULL, 'strSettlementExtendedName', 1, NULL);
INSERT INTO [dbo].[tasSearchField] ([idfsSearchField], [idfsSearchFieldType], [idfsSearchObject], [idfsReferenceType], [idfsGISReferenceType], [strSearchFieldAlias], [strLookupTable], [intMapDisplayOrder], [intIncidenceDisplayOrder], [blnGeoLocationString], [strCalculatedFieldText], [rowguid], [intRowStatus], [idfsDefaultAggregateFunction], [blnShortAddressString], [strLookupFunction], [strLookupFunctionIdField], [strLookupFunctionNameField], [strLookupAttribute], [blnAllowMissedReferenceValues], [strReservedAttribute]) VALUES (10080902, 10081007, 10082054, NULL, NULL, 'sflOBS_CaseMonitoringQuestions', NULL, NULL, NULL, NULL, NULL, NEWID(), 0, 10004003, 0, NULL, NULL, NULL, NULL, 1, NULL); -- TODO: we have to display templates for this field maybe use a dropdown above Fields List, text field for now
GO


-- Add 'Outbreak Session Contacts' - object
ALTER TABLE dbo.trtBaseReference DISABLE TRIGGER ALL
INSERT INTO [dbo].[trtBaseReference] ([idfsBaseReference], [idfsReferenceType], [strBaseReferenceCode], [strDefault], [intHACode], [intOrder], [blnSystem], [intRowStatus], [rowguid], [strMaintenanceFlag], [strReservedAttribute])
VALUES (10082055, 19000082, NULL, 'Outbreak Session Contacts', 32, 0, 1, 0, NEWID(), NULL, NULL)
GO

INSERT INTO [dbo].[tasSearchObject] ([idfsSearchObject], [idfsFormType], [blnPrimary], [rowguid], [intRowStatus], [blnShowReportType], [strReservedAttribute])
VALUES (10082055, NULL, 0, NEWID(), 0, 0, NULL)
GO

INSERT INTO [dbo].[trtStringNameTranslation] ([idfsBaseReference], [idfsLanguage], [strTextString], [intRowStatus], [rowguid], [strMaintenanceFlag], [strReservedAttribute])
VALUES(10082055, 10049003,N'Outbreak Session Contacts', 0, NEWID(), NULL, NULL)
INSERT INTO [dbo].[trtStringNameTranslation] ([idfsBaseReference], [idfsLanguage], [strTextString], [intRowStatus], [rowguid], [strMaintenanceFlag], [strReservedAttribute])
VALUES(10082055, 10049004,N'აფეთქების სესიის კონტაქტები', 0, NEWID(), NULL, NULL)
INSERT INTO [dbo].[trtStringNameTranslation] ([idfsBaseReference], [idfsLanguage], [strTextString], [intRowStatus], [rowguid], [strMaintenanceFlag], [strReservedAttribute])
VALUES(10082055, 10049001,N'Alovlanma sessiyası Təmaslar', 0, NEWID(), NULL, NULL)
INSERT INTO [dbo].[trtStringNameTranslation] ([idfsBaseReference], [idfsLanguage], [strTextString], [intRowStatus], [rowguid], [strMaintenanceFlag], [strReservedAttribute])
VALUES(10082055, 10049011,N'دورة عن الإتصالات في حال التفشي', 0, NEWID(), NULL, NULL)
GO
ALTER TABLE dbo.trtBaseReference ENABLE TRIGGER ALL

-- Add relations - 'Outbreak Session Contacts' child of 'Outbreak Session', used idfsParentSearchObject 10082016 as an example
INSERT INTO [dbo].[tasSearchObjectToSearchObject] ([idfsRelatedSearchObject], [idfsParentSearchObject], [rowguid], [strSubQueryJoinCondition], [blnUseForSubQuery], [strReservedAttribute])
VALUES(10082055, 10082053, NEWID(), 'v_{6}.[PKField] = v.[PKField] and v_{6}.[PKField_4582900000000] = v.[PKField_4582900000000] and v_{6}.[PKField_4582670000000] is not null', 0, NULL)
GO

-- Outbreak Session Contacts - fields, testing here values of strBaseReferenceCode from existing records
INSERT INTO [dbo].[trtBaseReference] ([idfsBaseReference], [idfsReferenceType], [strBaseReferenceCode], [strDefault], [intHACode], [intOrder], [blnSystem], [intRowStatus], [rowguid], [strMaintenanceFlag], [strReservedAttribute]) VALUES (10080903, 19000080, 'sflOSCo_PersonID', N'Outbreak Session Contacts – Person ID', 32, 1, NULL, 0, NEWID(), NULL, NULL);  -- using 10080864 as an example
INSERT INTO [dbo].[trtBaseReference] ([idfsBaseReference], [idfsReferenceType], [strBaseReferenceCode], [strDefault], [intHACode], [intOrder], [blnSystem], [intRowStatus], [rowguid], [strMaintenanceFlag], [strReservedAttribute]) VALUES (10080904, 19000080, 'sflVCFarmID', N'Outbreak Session Contacts – Farm ID', 226, 2, 1, 0, NEWID(), NULL, NULL);  -- using 10080155 as an example
INSERT INTO [dbo].[trtBaseReference] ([idfsBaseReference], [idfsReferenceType], [strBaseReferenceCode], [strDefault], [intHACode], [intOrder], [blnSystem], [intRowStatus], [rowguid], [strMaintenanceFlag], [strReservedAttribute]) VALUES (10080905, 19000080, 'sflHCSex', N'Outbreak Session Contacts – Gender', 226, 3, NULL, 0, NEWID(), NULL, NULL);  -- using 10080088 as an example
INSERT INTO [dbo].[trtBaseReference] ([idfsBaseReference], [idfsReferenceType], [strBaseReferenceCode], [strDefault], [intHACode], [intOrder], [blnSystem], [intRowStatus], [rowguid], [strMaintenanceFlag], [strReservedAttribute]) VALUES (10080906, 19000080, 'sflHCCdatBegin', N'Outbreak Session Contacts – Date of Last Contact', 226, 4, NULL, 0, NEWID(), NULL, NULL);  -- using 10080034 as an example
INSERT INTO [dbo].[trtBaseReference] ([idfsBaseReference], [idfsReferenceType], [strBaseReferenceCode], [strDefault], [intHACode], [intOrder], [blnSystem], [intRowStatus], [rowguid], [strMaintenanceFlag], [strReservedAttribute]) VALUES (10080907, 19000080, 'sflOBRegion', N'Outbreak Session Contacts – Region', 98, 5, 1, 0, NEWID(), NULL, NULL); -- using 10080113 as an example
INSERT INTO [dbo].[trtBaseReference] ([idfsBaseReference], [idfsReferenceType], [strBaseReferenceCode], [strDefault], [intHACode], [intOrder], [blnSystem], [intRowStatus], [rowguid], [strMaintenanceFlag], [strReservedAttribute]) VALUES (10080908, 19000080, 'sflOBRayon', 'Outbreak Session Contacts – Rayon', 98, 6, 1, 0, NEWID(), NULL, NULL); -- using 10080111 as an example
INSERT INTO [dbo].[trtBaseReference] ([idfsBaseReference], [idfsReferenceType], [strBaseReferenceCode], [strDefault], [intHACode], [intOrder], [blnSystem], [intRowStatus], [rowguid], [strMaintenanceFlag], [strReservedAttribute]) VALUES (10080909, 19000080, 'sflOBS_Settlement', 'Outbreak Session Contacts – Settlement', 32, 7, 1, 0, NEWID(), NULL, NULL); -- using 10080848 as an example
INSERT INTO [dbo].[trtBaseReference] ([idfsBaseReference], [idfsReferenceType], [strBaseReferenceCode], [strDefault], [intHACode], [intOrder], [blnSystem], [intRowStatus], [rowguid], [strMaintenanceFlag], [strReservedAttribute]) VALUES (10080910, 19000080, 'sflOBS_CaseMonitoringQuestions', 'Outbreak Session Contacts – Contact Monitoring questions (Flexible forms)', 32, 8, 1, 0, NEWID(), NULL, NULL); -- using xxx as an example, TODO: we have to display templates for this field maybe use a dropdown above Fields List, text field for now

INSERT INTO [dbo].[trtStringNameTranslation] ([idfsBaseReference], [idfsLanguage], [strTextString], [intRowStatus], [rowguid], [strMaintenanceFlag], [strReservedAttribute]) VALUES (10080903, 10049003, N'Outbreak Session Contacts – Person ID', 0, NEWID(), NULL, NULL);
INSERT INTO [dbo].[trtStringNameTranslation] ([idfsBaseReference], [idfsLanguage], [strTextString], [intRowStatus], [rowguid], [strMaintenanceFlag], [strReservedAttribute]) VALUES (10080903, 10049004, N'აფეთქების სესიის კონტაქტები - პირის ID', 0, NEWID(), NULL, NULL);
INSERT INTO [dbo].[trtStringNameTranslation] ([idfsBaseReference], [idfsLanguage], [strTextString], [intRowStatus], [rowguid], [strMaintenanceFlag], [strReservedAttribute]) VALUES (10080903, 10049001, N'Alovlanma Sessiyası Təmaslar - Şəxsin Q/N-si', 0, NEWID(), NULL, NULL);
INSERT INTO [dbo].[trtStringNameTranslation] ([idfsBaseReference], [idfsLanguage], [strTextString], [intRowStatus], [rowguid], [strMaintenanceFlag], [strReservedAttribute]) VALUES (10080903, 10049011, N'جلسة جهات اتصال حالات التفشي - معرّف الفرد ', 0, NEWID(), NULL, NULL);

INSERT INTO [dbo].[trtStringNameTranslation] ([idfsBaseReference], [idfsLanguage], [strTextString], [intRowStatus], [rowguid], [strMaintenanceFlag], [strReservedAttribute]) VALUES (10080904, 10049003, N'Outbreak Session Contacts – Farm ID', 0, NEWID(), NULL, NULL);
INSERT INTO [dbo].[trtStringNameTranslation] ([idfsBaseReference], [idfsLanguage], [strTextString], [intRowStatus], [rowguid], [strMaintenanceFlag], [strReservedAttribute]) VALUES (10080904, 10049004, N'აფეთქების სესიის კონტაქტები - ფერმის  ID', 0, NEWID(), NULL, NULL);
INSERT INTO [dbo].[trtStringNameTranslation] ([idfsBaseReference], [idfsLanguage], [strTextString], [intRowStatus], [rowguid], [strMaintenanceFlag], [strReservedAttribute]) VALUES (10080904, 10049001, N'Alovlanma Sessiyası Təmaslar - Fermanın Q/N-si', 0, NEWID(), NULL, NULL);
INSERT INTO [dbo].[trtStringNameTranslation] ([idfsBaseReference], [idfsLanguage], [strTextString], [intRowStatus], [rowguid], [strMaintenanceFlag], [strReservedAttribute]) VALUES (10080904, 10049011, N'جلسة جهات اتصال حالات التفشي -معرّف المزرعة ', 0, NEWID(), NULL, NULL);

INSERT INTO [dbo].[trtStringNameTranslation] ([idfsBaseReference], [idfsLanguage], [strTextString], [intRowStatus], [rowguid], [strMaintenanceFlag], [strReservedAttribute]) VALUES (10080905, 10049003, N'Outbreak Session Contacts – Gender', 0, NEWID(), NULL, NULL);
INSERT INTO [dbo].[trtStringNameTranslation] ([idfsBaseReference], [idfsLanguage], [strTextString], [intRowStatus], [rowguid], [strMaintenanceFlag], [strReservedAttribute]) VALUES (10080905, 10049004, N'აფეთქების სესიის კონტაქტები - სქესი', 0, NEWID(), NULL, NULL);
INSERT INTO [dbo].[trtStringNameTranslation] ([idfsBaseReference], [idfsLanguage], [strTextString], [intRowStatus], [rowguid], [strMaintenanceFlag], [strReservedAttribute]) VALUES (10080905, 10049001, N'Alovlanma Sessiyası Təmaslar - Cinsi', 0, NEWID(), NULL, NULL);
INSERT INTO [dbo].[trtStringNameTranslation] ([idfsBaseReference], [idfsLanguage], [strTextString], [intRowStatus], [rowguid], [strMaintenanceFlag], [strReservedAttribute]) VALUES (10080905, 10049011, N'جلسة جهات اتصال حالات التفشي - الجنس', 0, NEWID(), NULL, NULL);

INSERT INTO [dbo].[trtStringNameTranslation] ([idfsBaseReference], [idfsLanguage], [strTextString], [intRowStatus], [rowguid], [strMaintenanceFlag], [strReservedAttribute]) VALUES (10080906, 10049003, N'Outbreak Session Contacts – Date of Last Contact', 0, NEWID(), NULL, NULL);
INSERT INTO [dbo].[trtStringNameTranslation] ([idfsBaseReference], [idfsLanguage], [strTextString], [intRowStatus], [rowguid], [strMaintenanceFlag], [strReservedAttribute]) VALUES (10080906, 10049004, N'აფეთქების სესიის კონტაქტები - ბოლო კონტაქტის თარიღი', 0, NEWID(), NULL, NULL);
INSERT INTO [dbo].[trtStringNameTranslation] ([idfsBaseReference], [idfsLanguage], [strTextString], [intRowStatus], [rowguid], [strMaintenanceFlag], [strReservedAttribute]) VALUES (10080906, 10049001, N'Alovlanma Sessiyası Təmaslar - Son təmas tarixi', 0, NEWID(), NULL, NULL);
INSERT INTO [dbo].[trtStringNameTranslation] ([idfsBaseReference], [idfsLanguage], [strTextString], [intRowStatus], [rowguid], [strMaintenanceFlag], [strReservedAttribute]) VALUES (10080906, 10049011, N'جلسة جهات اتصال حالات التفشي - تاريخ آخر اتصال ', 0, NEWID(), NULL, NULL);

INSERT INTO [dbo].[trtStringNameTranslation] ([idfsBaseReference], [idfsLanguage], [strTextString], [intRowStatus], [rowguid], [strMaintenanceFlag], [strReservedAttribute]) VALUES (10080907, 10049003, N'Outbreak Session Contacts – Region', 0, NEWID(), NULL, NULL);
INSERT INTO [dbo].[trtStringNameTranslation] ([idfsBaseReference], [idfsLanguage], [strTextString], [intRowStatus], [rowguid], [strMaintenanceFlag], [strReservedAttribute]) VALUES (10080907, 10049004, N'აფეთქების სესიის კონტაქტები - რეგიონი', 0, NEWID(), NULL, NULL);
INSERT INTO [dbo].[trtStringNameTranslation] ([idfsBaseReference], [idfsLanguage], [strTextString], [intRowStatus], [rowguid], [strMaintenanceFlag], [strReservedAttribute]) VALUES (10080907, 10049001, N'Alovlanma Sessiyası Təmaslar - Region', 0, NEWID(), NULL, NULL);
INSERT INTO [dbo].[trtStringNameTranslation] ([idfsBaseReference], [idfsLanguage], [strTextString], [intRowStatus], [rowguid], [strMaintenanceFlag], [strReservedAttribute]) VALUES (10080907, 10049011, N'جلسة جهات اتصال حالات التفشي - المنطقة ', 0, NEWID(), NULL, NULL);

INSERT INTO [dbo].[trtStringNameTranslation] ([idfsBaseReference], [idfsLanguage], [strTextString], [intRowStatus], [rowguid], [strMaintenanceFlag], [strReservedAttribute]) VALUES (10080908, 10049003, N'Outbreak Session Contacts – Rayon', 0, NEWID(), NULL, NULL);
INSERT INTO [dbo].[trtStringNameTranslation] ([idfsBaseReference], [idfsLanguage], [strTextString], [intRowStatus], [rowguid], [strMaintenanceFlag], [strReservedAttribute]) VALUES (10080908, 10049004, N'აფეთქების სესიის კონტაქტები - რაიონი', 0, NEWID(), NULL, NULL);
INSERT INTO [dbo].[trtStringNameTranslation] ([idfsBaseReference], [idfsLanguage], [strTextString], [intRowStatus], [rowguid], [strMaintenanceFlag], [strReservedAttribute]) VALUES (10080908, 10049001, N'Alovlanma Sessiyası Təmaslar - Rayon', 0, NEWID(), NULL, NULL);
INSERT INTO [dbo].[trtStringNameTranslation] ([idfsBaseReference], [idfsLanguage], [strTextString], [intRowStatus], [rowguid], [strMaintenanceFlag], [strReservedAttribute]) VALUES (10080908, 10049011, N'جلسة جهات اتصال حالات التفشي - رايون ', 0, NEWID(), NULL, NULL);

INSERT INTO [dbo].[trtStringNameTranslation] ([idfsBaseReference], [idfsLanguage], [strTextString], [intRowStatus], [rowguid], [strMaintenanceFlag], [strReservedAttribute]) VALUES (10080909, 10049003, N'Outbreak Session Contacts – Settlement', 0, NEWID(), NULL, NULL);
INSERT INTO [dbo].[trtStringNameTranslation] ([idfsBaseReference], [idfsLanguage], [strTextString], [intRowStatus], [rowguid], [strMaintenanceFlag], [strReservedAttribute]) VALUES (10080909, 10049004, N'აფეთქების სესიის კონტაქტები - დასახლება', 0, NEWID(), NULL, NULL);
INSERT INTO [dbo].[trtStringNameTranslation] ([idfsBaseReference], [idfsLanguage], [strTextString], [intRowStatus], [rowguid], [strMaintenanceFlag], [strReservedAttribute]) VALUES (10080909, 10049001, N'Alovlanma Sessiyası Təmaslar - Yaşayış məntəqəsi', 0, NEWID(), NULL, NULL);
INSERT INTO [dbo].[trtStringNameTranslation] ([idfsBaseReference], [idfsLanguage], [strTextString], [intRowStatus], [rowguid], [strMaintenanceFlag], [strReservedAttribute]) VALUES (10080909, 10049011, N'جلسة جهات اتصال حالات التفشي - الاقامة ', 0, NEWID(), NULL, NULL);

INSERT INTO [dbo].[trtStringNameTranslation] ([idfsBaseReference], [idfsLanguage], [strTextString], [intRowStatus], [rowguid], [strMaintenanceFlag], [strReservedAttribute]) VALUES (10080910, 10049003, N'Outbreak Session Contacts – Contact Monitoring questions (Flexible forms)', 0, NEWID(), NULL, NULL);
INSERT INTO [dbo].[trtStringNameTranslation] ([idfsBaseReference], [idfsLanguage], [strTextString], [intRowStatus], [rowguid], [strMaintenanceFlag], [strReservedAttribute]) VALUES (10080910, 10049004, N'აფეთქების სესიის კონტაქტები - კონტაქტის მონიტორინგთან დაკავშირებული შეკითხვები (მოქნილი ფორმები)', 0, NEWID(), NULL, NULL);
INSERT INTO [dbo].[trtStringNameTranslation] ([idfsBaseReference], [idfsLanguage], [strTextString], [intRowStatus], [rowguid], [strMaintenanceFlag], [strReservedAttribute]) VALUES (10080910, 10049001, N'Alovlanma Sessiyası Təmaslar - Təmasda olan şəxslərin monitorinqi üzrə suallar (Əlavə edilən formalar)', 0, NEWID(), NULL, NULL);
INSERT INTO [dbo].[trtStringNameTranslation] ([idfsBaseReference], [idfsLanguage], [strTextString], [intRowStatus], [rowguid], [strMaintenanceFlag], [strReservedAttribute]) VALUES (10080910, 10049011, N'جلسة جهات اتصال حالات التفشي - أسئلة مراقبة جهات الاتصال ( نماذج مرنة )', 0, NEWID(), NULL, NULL);

INSERT INTO [dbo].[tasSearchField] ([idfsSearchField], [idfsSearchFieldType], [idfsSearchObject], [idfsReferenceType], [idfsGISReferenceType], [strSearchFieldAlias], [strLookupTable], [intMapDisplayOrder], [intIncidenceDisplayOrder], [blnGeoLocationString], [strCalculatedFieldText], [rowguid], [intRowStatus], [idfsDefaultAggregateFunction], [blnShortAddressString], [strLookupFunction], [strLookupFunctionIdField], [strLookupFunctionNameField], [strLookupAttribute], [blnAllowMissedReferenceValues], [strReservedAttribute]) VALUES (10080903, 10081007, 10082055, NULL, NULL, 'sflHASST_PersonID', NULL, NULL, NULL, NULL, NULL, NEWID(), 0, 10004003, 0, NULL, NULL, NULL, NULL, 0, NULL);
INSERT INTO [dbo].[tasSearchField] ([idfsSearchField], [idfsSearchFieldType], [idfsSearchObject], [idfsReferenceType], [idfsGISReferenceType], [strSearchFieldAlias], [strLookupTable], [intMapDisplayOrder], [intIncidenceDisplayOrder], [blnGeoLocationString], [strCalculatedFieldText], [rowguid], [intRowStatus], [idfsDefaultAggregateFunction], [blnShortAddressString], [strLookupFunction], [strLookupFunctionIdField], [strLookupFunctionNameField], [strLookupAttribute], [blnAllowMissedReferenceValues], [strReservedAttribute]) VALUES (10080904, 10081007, 10082055, NULL, NULL, 'sflVC_FarmID', NULL, NULL, NULL, NULL, NULL, NEWID(), 0, 10004020, 0, NULL, NULL, NULL, NULL, 0, NULL);
INSERT INTO [dbo].[tasSearchField] ([idfsSearchField], [idfsSearchFieldType], [idfsSearchObject], [idfsReferenceType], [idfsGISReferenceType], [strSearchFieldAlias], [strLookupTable], [intMapDisplayOrder], [intIncidenceDisplayOrder], [blnGeoLocationString], [strCalculatedFieldText], [rowguid], [intRowStatus], [idfsDefaultAggregateFunction], [blnShortAddressString], [strLookupFunction], [strLookupFunctionIdField], [strLookupFunctionNameField], [strLookupAttribute], [blnAllowMissedReferenceValues], [strReservedAttribute]) VALUES (10080905, 10081007, 10082055, 19000043, NULL, 'sflHC_PatientSex', NULL, NULL, NULL, NULL, NULL, NEWID(), 0, 10004003, 0, NULL, NULL, NULL, 'name', 1, NULL);
INSERT INTO [dbo].[tasSearchField] ([idfsSearchField], [idfsSearchFieldType], [idfsSearchObject], [idfsReferenceType], [idfsGISReferenceType], [strSearchFieldAlias], [strLookupTable], [intMapDisplayOrder], [intIncidenceDisplayOrder], [blnGeoLocationString], [strCalculatedFieldText], [rowguid], [intRowStatus], [idfsDefaultAggregateFunction], [blnShortAddressString], [strLookupFunction], [strLookupFunctionIdField], [strLookupFunctionNameField], [strLookupAttribute], [blnAllowMissedReferenceValues], [strReservedAttribute]) VALUES (10080906, 10081002, 10082055, NULL, NULL, 'sflHCContact_LastContactDate', NULL, NULL, NULL, NULL, NULL, NEWID(), 0, 10004003, 0, NULL, NULL, NULL, NULL, 1, NULL);
INSERT INTO [dbo].[tasSearchField] ([idfsSearchField], [idfsSearchFieldType], [idfsSearchObject], [idfsReferenceType], [idfsGISReferenceType], [strSearchFieldAlias], [strLookupTable], [intMapDisplayOrder], [intIncidenceDisplayOrder], [blnGeoLocationString], [strCalculatedFieldText], [rowguid], [intRowStatus], [idfsDefaultAggregateFunction], [blnShortAddressString], [strLookupFunction], [strLookupFunctionIdField], [strLookupFunctionNameField], [strLookupAttribute], [blnAllowMissedReferenceValues], [strReservedAttribute]) VALUES (10080907, 10081007, 10082055, NULL, 19000003, 'sflOutbreak_LocationRegion', 'Region', 180, 80, NULL, NULL, NEWID(), 0, 10004003, 0, NULL, NULL, NULL, 'strRegionExtendedName', 1, NULL);
INSERT INTO [dbo].[tasSearchField] ([idfsSearchField], [idfsSearchFieldType], [idfsSearchObject], [idfsReferenceType], [idfsGISReferenceType], [strSearchFieldAlias], [strLookupTable], [intMapDisplayOrder], [intIncidenceDisplayOrder], [blnGeoLocationString], [strCalculatedFieldText], [rowguid], [intRowStatus], [idfsDefaultAggregateFunction], [blnShortAddressString], [strLookupFunction], [strLookupFunctionIdField], [strLookupFunctionNameField], [strLookupAttribute], [blnAllowMissedReferenceValues], [strReservedAttribute]) VALUES (10080908, 10081007, 10082055, NULL, 19000002, 'sflOutbreak_LocationRayon', 'Rayon', 120, 40, NULL, NULL, NEWID(), 0, 10004003, 0, NULL, NULL, NULL, 'strRayonExtendedName', 1, NULL);
INSERT INTO [dbo].[tasSearchField] ([idfsSearchField], [idfsSearchFieldType], [idfsSearchObject], [idfsReferenceType], [idfsGISReferenceType], [strSearchFieldAlias], [strLookupTable], [intMapDisplayOrder], [intIncidenceDisplayOrder], [blnGeoLocationString], [strCalculatedFieldText], [rowguid], [intRowStatus], [idfsDefaultAggregateFunction], [blnShortAddressString], [strLookupFunction], [strLookupFunctionIdField], [strLookupFunctionNameField], [strLookupAttribute], [blnAllowMissedReferenceValues], [strReservedAttribute]) VALUES (10080909, 10081007, 10082055, NULL, 19000004, 'sflHASS_Settlement', 'Settlement', 1001, 1001, NULL, NULL, NEWID(), 0, 10004003, 0, NULL, NULL, NULL, 'strSettlementExtendedName', 1, NULL);
INSERT INTO [dbo].[tasSearchField] ([idfsSearchField], [idfsSearchFieldType], [idfsSearchObject], [idfsReferenceType], [idfsGISReferenceType], [strSearchFieldAlias], [strLookupTable], [intMapDisplayOrder], [intIncidenceDisplayOrder], [blnGeoLocationString], [strCalculatedFieldText], [rowguid], [intRowStatus], [idfsDefaultAggregateFunction], [blnShortAddressString], [strLookupFunction], [strLookupFunctionIdField], [strLookupFunctionNameField], [strLookupAttribute], [blnAllowMissedReferenceValues], [strReservedAttribute]) VALUES (10080910, 10081007, 10082055, NULL, NULL, 'sflOBSC_ContactMonitoringQuestions', NULL, NULL, NULL, NULL, NULL, NEWID(), 0, 10004003, 0, NULL, NULL, NULL, NULL, 1, NULL); -- TODO: don't know what we will use since we do not have an example
GO


-- Add 'Outbreak Session Vector' - object
ALTER TABLE dbo.trtBaseReference DISABLE TRIGGER ALL
INSERT INTO [dbo].[trtBaseReference] ([idfsBaseReference], [idfsReferenceType], [strBaseReferenceCode], [strDefault], [intHACode], [intOrder], [blnSystem], [intRowStatus], [rowguid], [strMaintenanceFlag], [strReservedAttribute])
VALUES (10082056, 19000082, NULL, 'Outbreak Session Vector', 32, 0, 1, 0, NEWID(), NULL, NULL)
GO

INSERT INTO [dbo].[tasSearchObject] ([idfsSearchObject], [idfsFormType], [blnPrimary], [rowguid], [intRowStatus], [blnShowReportType], [strReservedAttribute])
VALUES (10082056, NULL, 0, NEWID(), 0, 0, NULL)
GO

INSERT INTO [dbo].[trtStringNameTranslation] ([idfsBaseReference], [idfsLanguage], [strTextString], [intRowStatus], [rowguid], [strMaintenanceFlag], [strReservedAttribute])
VALUES(10082056, 10049003,N'Outbreak Session Vector', 0, NEWID(), NULL, NULL)
INSERT INTO [dbo].[trtStringNameTranslation] ([idfsBaseReference], [idfsLanguage], [strTextString], [intRowStatus], [rowguid], [strMaintenanceFlag], [strReservedAttribute])
VALUES(10082056, 10049004,N'აფეთქების სესიის ვექტორი', 0, NEWID(), NULL, NULL)
INSERT INTO [dbo].[trtStringNameTranslation] ([idfsBaseReference], [idfsLanguage], [strTextString], [intRowStatus], [rowguid], [strMaintenanceFlag], [strReservedAttribute])
VALUES(10082056, 10049001,N'Alovlanma sessiyası Keçirici', 0, NEWID(), NULL, NULL)
INSERT INTO [dbo].[trtStringNameTranslation] ([idfsBaseReference], [idfsLanguage], [strTextString], [intRowStatus], [rowguid], [strMaintenanceFlag], [strReservedAttribute])
VALUES(10082056, 10049011,N'دورة تفشي الأمراض المنقولة ', 0, NEWID(), NULL, NULL)
GO
ALTER TABLE dbo.trtBaseReference ENABLE TRIGGER ALL

-- Add relations - 'Outbreak Session Vector' child of 'Outbreak Session', used idfsParentSearchObject 10082016 as an example.
INSERT INTO [dbo].[tasSearchObjectToSearchObject] ([idfsRelatedSearchObject], [idfsParentSearchObject], [rowguid], [strSubQueryJoinCondition], [blnUseForSubQuery], [strReservedAttribute])
VALUES(10082056, 10082053, NEWID(), 'v_{6}.[PKField] = v.[PKField] and v_{6}.[PKField_4582900000000] = v.[PKField_4582900000000] and v_{6}.[PKField_4582670000000] is not null', 0, NULL) -- TODO:verify value of [strSubQueryJoinCondition] with Mandar.
GO

-- Outbreak Session Vector - fields, testing here values of strBaseReferenceCode from existing records
INSERT INTO [dbo].[trtBaseReference] ([idfsBaseReference], [idfsReferenceType], [strBaseReferenceCode], [strDefault], [intHACode], [intOrder], [blnSystem], [intRowStatus], [rowguid], [strMaintenanceFlag], [strReservedAttribute]) VALUES (10080911, 19000080, 'sflPV_SessionID', N'Outbreak Session Vector – Session ID', 226, 1, 1, 0, NEWID(), NULL, NULL);  -- using 10080372 as an example
INSERT INTO [dbo].[trtBaseReference] ([idfsBaseReference], [idfsReferenceType], [strBaseReferenceCode], [strDefault], [intHACode], [intOrder], [blnSystem], [intRowStatus], [rowguid], [strMaintenanceFlag], [strReservedAttribute]) VALUES (10080912, 19000080, 'sflHASS_SessionStatus', N'Outbreak Session Vector – Session Status', 32, 2, 1, 0, NEWID(), NULL, NULL);  -- using 10080837 as an example
INSERT INTO [dbo].[trtBaseReference] ([idfsBaseReference], [idfsReferenceType], [strBaseReferenceCode], [strDefault], [intHACode], [intOrder], [blnSystem], [intRowStatus], [rowguid], [strMaintenanceFlag], [strReservedAttribute]) VALUES (10080913, 19000080, 'sflHASS_SessionStartDate', N'Outbreak Session Vector – Session Start Date', 32, 3, NULL, 0, NEWID(), NULL, NULL);  -- using 10080841 as an example
INSERT INTO [dbo].[trtBaseReference] ([idfsBaseReference], [idfsReferenceType], [strBaseReferenceCode], [strDefault], [intHACode], [intOrder], [blnSystem], [intRowStatus], [rowguid], [strMaintenanceFlag], [strReservedAttribute]) VALUES (10080914, 19000080, 'sflVss_CloseDate', N'Outbreak Session Vector – Session Close Date', 226, 4, NULL, 0, NEWID(), NULL, NULL);  -- using 10080346 as an example
INSERT INTO [dbo].[trtBaseReference] ([idfsBaseReference], [idfsReferenceType], [strBaseReferenceCode], [strDefault], [intHACode], [intOrder], [blnSystem], [intRowStatus], [rowguid], [strMaintenanceFlag], [strReservedAttribute]) VALUES (10080915, 19000080, 'sflPV_Country', N'Outbreak Session Vector – Country', 226, 5, 1, 0, NEWID(), NULL, NULL);  -- using 10080845 as an example
INSERT INTO [dbo].[trtBaseReference] ([idfsBaseReference], [idfsReferenceType], [strBaseReferenceCode], [strDefault], [intHACode], [intOrder], [blnSystem], [intRowStatus], [rowguid], [strMaintenanceFlag], [strReservedAttribute]) VALUES (10080916, 19000080, 'sflOBRegion', N'Outbreak Session Vector - Region', 98, 6, 1, 0, NEWID(), NULL, NULL);  -- using 10080113 as an example
INSERT INTO [dbo].[trtBaseReference] ([idfsBaseReference], [idfsReferenceType], [strBaseReferenceCode], [strDefault], [intHACode], [intOrder], [blnSystem], [intRowStatus], [rowguid], [strMaintenanceFlag], [strReservedAttribute]) VALUES (10080917, 19000080, 'sflOBRayon', N'Outbreak Session Vector – Rayon', 98, 7, 1, 0, NEWID(), NULL, NULL);  -- using 10080908 as an example
INSERT INTO [dbo].[trtBaseReference] ([idfsBaseReference], [idfsReferenceType], [strBaseReferenceCode], [strDefault], [intHACode], [intOrder], [blnSystem], [intRowStatus], [rowguid], [strMaintenanceFlag], [strReservedAttribute]) VALUES (10080918, 19000080, 'sflOBS_Settlement', N'Outbreak Session Vector – Settlement', 32, 8, 1, 0, NEWID(), NULL, NULL);  -- using 10080891 as an example

INSERT INTO [dbo].[trtStringNameTranslation] ([idfsBaseReference], [idfsLanguage], [strTextString], [intRowStatus], [rowguid], [strMaintenanceFlag], [strReservedAttribute]) VALUES (10080911, 10049003, N'Outbreak Session Vector – Session ID', 0, NEWID(), NULL, NULL);
INSERT INTO [dbo].[trtStringNameTranslation] ([idfsBaseReference], [idfsLanguage], [strTextString], [intRowStatus], [rowguid], [strMaintenanceFlag], [strReservedAttribute]) VALUES (10080911, 10049004, N'აფეთქების სესიის ვექტორი - სესიის  ID', 0, NEWID(), NULL, NULL);
INSERT INTO [dbo].[trtStringNameTranslation] ([idfsBaseReference], [idfsLanguage], [strTextString], [intRowStatus], [rowguid], [strMaintenanceFlag], [strReservedAttribute]) VALUES (10080911, 10049001, N'Alovlanma Sessiyası Keçirici - Sessiyanın Q/N-si', 0, NEWID(), NULL, NULL);
INSERT INTO [dbo].[trtStringNameTranslation] ([idfsBaseReference], [idfsLanguage], [strTextString], [intRowStatus], [rowguid], [strMaintenanceFlag], [strReservedAttribute]) VALUES (10080911, 10049011, N'جلسة عن المرض الناقل المتفشي - معرّف الجلسة ', 0, NEWID(), NULL, NULL);

INSERT INTO [dbo].[trtStringNameTranslation] ([idfsBaseReference], [idfsLanguage], [strTextString], [intRowStatus], [rowguid], [strMaintenanceFlag], [strReservedAttribute]) VALUES (10080912, 10049003, N'Outbreak Session Vector – Session Status', 0, NEWID(), NULL, NULL);
INSERT INTO [dbo].[trtStringNameTranslation] ([idfsBaseReference], [idfsLanguage], [strTextString], [intRowStatus], [rowguid], [strMaintenanceFlag], [strReservedAttribute]) VALUES (10080912, 10049004, N'აფეთქების სესიის ვექტორი - სესიის  სტატუსი', 0, NEWID(), NULL, NULL);
INSERT INTO [dbo].[trtStringNameTranslation] ([idfsBaseReference], [idfsLanguage], [strTextString], [intRowStatus], [rowguid], [strMaintenanceFlag], [strReservedAttribute]) VALUES (10080912, 10049001, N'Alovlanma Sessiyası Keçirici - Sessiyanın statusu', 0, NEWID(), NULL, NULL);
INSERT INTO [dbo].[trtStringNameTranslation] ([idfsBaseReference], [idfsLanguage], [strTextString], [intRowStatus], [rowguid], [strMaintenanceFlag], [strReservedAttribute]) VALUES (10080912, 10049011, N'جلسة عن المرض الناقل المتفشي -حالة الجلسة', 0, NEWID(), NULL, NULL);

INSERT INTO [dbo].[trtStringNameTranslation] ([idfsBaseReference], [idfsLanguage], [strTextString], [intRowStatus], [rowguid], [strMaintenanceFlag], [strReservedAttribute]) VALUES (10080913, 10049003, N'Outbreak Session Vector – Session Start Date', 0, NEWID(), NULL, NULL);
INSERT INTO [dbo].[trtStringNameTranslation] ([idfsBaseReference], [idfsLanguage], [strTextString], [intRowStatus], [rowguid], [strMaintenanceFlag], [strReservedAttribute]) VALUES (10080913, 10049004, N'აფეთქების სესიის ვექტორი - სესიის დაწყების თარიღი', 0, NEWID(), NULL, NULL);
INSERT INTO [dbo].[trtStringNameTranslation] ([idfsBaseReference], [idfsLanguage], [strTextString], [intRowStatus], [rowguid], [strMaintenanceFlag], [strReservedAttribute]) VALUES (10080913, 10049001, N'Alovlanma Sessiyası Keçirici - Sessiyanın başlanma tarixi', 0, NEWID(), NULL, NULL);
INSERT INTO [dbo].[trtStringNameTranslation] ([idfsBaseReference], [idfsLanguage], [strTextString], [intRowStatus], [rowguid], [strMaintenanceFlag], [strReservedAttribute]) VALUES (10080913, 10049011, N'جلسة عن المرض الناقل المتفشي -تاريخ بدء الجلسة ', 0, NEWID(), NULL, NULL);

INSERT INTO [dbo].[trtStringNameTranslation] ([idfsBaseReference], [idfsLanguage], [strTextString], [intRowStatus], [rowguid], [strMaintenanceFlag], [strReservedAttribute]) VALUES (10080914, 10049003, N'Outbreak Session Vector – Session Close Date', 0, NEWID(), NULL, NULL);
INSERT INTO [dbo].[trtStringNameTranslation] ([idfsBaseReference], [idfsLanguage], [strTextString], [intRowStatus], [rowguid], [strMaintenanceFlag], [strReservedAttribute]) VALUES (10080914, 10049004, N'აფეთქების სესიის ვექტორი - სესიის დასრულების თარიღი', 0, NEWID(), NULL, NULL);
INSERT INTO [dbo].[trtStringNameTranslation] ([idfsBaseReference], [idfsLanguage], [strTextString], [intRowStatus], [rowguid], [strMaintenanceFlag], [strReservedAttribute]) VALUES (10080914, 10049001, N'Alovlanma Sessiyası Keçirici - Sessiyanın bitmə tarixi', 0, NEWID(), NULL, NULL);
INSERT INTO [dbo].[trtStringNameTranslation] ([idfsBaseReference], [idfsLanguage], [strTextString], [intRowStatus], [rowguid], [strMaintenanceFlag], [strReservedAttribute]) VALUES (10080914, 10049011, N'جلسة عن المرض الناقل المتفشي - تاريخ انتهاء الجلسة ', 0, NEWID(), NULL, NULL);

INSERT INTO [dbo].[trtStringNameTranslation] ([idfsBaseReference], [idfsLanguage], [strTextString], [intRowStatus], [rowguid], [strMaintenanceFlag], [strReservedAttribute]) VALUES (10080915, 10049003, N'Outbreak Session Vector – Country', 0, NEWID(), NULL, NULL);
INSERT INTO [dbo].[trtStringNameTranslation] ([idfsBaseReference], [idfsLanguage], [strTextString], [intRowStatus], [rowguid], [strMaintenanceFlag], [strReservedAttribute]) VALUES (10080915, 10049004, N'აფეთქების სესიის ვექტორი - ქვეყანა', 0, NEWID(), NULL, NULL);
INSERT INTO [dbo].[trtStringNameTranslation] ([idfsBaseReference], [idfsLanguage], [strTextString], [intRowStatus], [rowguid], [strMaintenanceFlag], [strReservedAttribute]) VALUES (10080915, 10049001, N'Alovlanma Sessiyası Keçirici - Ölkə', 0, NEWID(), NULL, NULL);
INSERT INTO [dbo].[trtStringNameTranslation] ([idfsBaseReference], [idfsLanguage], [strTextString], [intRowStatus], [rowguid], [strMaintenanceFlag], [strReservedAttribute]) VALUES (10080915, 10049011, N'جلسة عن المرض الناقل المتفشي - البلد ', 0, NEWID(), NULL, NULL);

INSERT INTO [dbo].[trtStringNameTranslation] ([idfsBaseReference], [idfsLanguage], [strTextString], [intRowStatus], [rowguid], [strMaintenanceFlag], [strReservedAttribute]) VALUES (10080916, 10049003, N'Outbreak Session Vector - Region', 0, NEWID(), NULL, NULL);
INSERT INTO [dbo].[trtStringNameTranslation] ([idfsBaseReference], [idfsLanguage], [strTextString], [intRowStatus], [rowguid], [strMaintenanceFlag], [strReservedAttribute]) VALUES (10080916, 10049004, N'აფეთქების სესიის ვექტორი - რეგიონი', 0, NEWID(), NULL, NULL);
INSERT INTO [dbo].[trtStringNameTranslation] ([idfsBaseReference], [idfsLanguage], [strTextString], [intRowStatus], [rowguid], [strMaintenanceFlag], [strReservedAttribute]) VALUES (10080916, 10049001, N'Alovlanma Sessiyası Keçirici - Region', 0, NEWID(), NULL, NULL);
INSERT INTO [dbo].[trtStringNameTranslation] ([idfsBaseReference], [idfsLanguage], [strTextString], [intRowStatus], [rowguid], [strMaintenanceFlag], [strReservedAttribute]) VALUES (10080916, 10049011, N'جلسة عن المرض الناقل المتفشي - المنطقة ', 0, NEWID(), NULL, NULL);

INSERT INTO [dbo].[trtStringNameTranslation] ([idfsBaseReference], [idfsLanguage], [strTextString], [intRowStatus], [rowguid], [strMaintenanceFlag], [strReservedAttribute]) VALUES (10080917, 10049003, N'Outbreak Session Vector – Rayon', 0, NEWID(), NULL, NULL);
INSERT INTO [dbo].[trtStringNameTranslation] ([idfsBaseReference], [idfsLanguage], [strTextString], [intRowStatus], [rowguid], [strMaintenanceFlag], [strReservedAttribute]) VALUES (10080917, 10049004, N'აფეთქების სესიის ვექტორი - რაიონი', 0, NEWID(), NULL, NULL);
INSERT INTO [dbo].[trtStringNameTranslation] ([idfsBaseReference], [idfsLanguage], [strTextString], [intRowStatus], [rowguid], [strMaintenanceFlag], [strReservedAttribute]) VALUES (10080917, 10049001, N'Alovlanma Sessiyası Keçirici - Rayon', 0, NEWID(), NULL, NULL);
INSERT INTO [dbo].[trtStringNameTranslation] ([idfsBaseReference], [idfsLanguage], [strTextString], [intRowStatus], [rowguid], [strMaintenanceFlag], [strReservedAttribute]) VALUES (10080917, 10049011, N'جلسة عن المرض الناقل المتفشي - رايون ', 0, NEWID(), NULL, NULL);

INSERT INTO [dbo].[trtStringNameTranslation] ([idfsBaseReference], [idfsLanguage], [strTextString], [intRowStatus], [rowguid], [strMaintenanceFlag], [strReservedAttribute]) VALUES (10080918, 10049003, N'Outbreak Session Vector – Settlement', 0, NEWID(), NULL, NULL);
INSERT INTO [dbo].[trtStringNameTranslation] ([idfsBaseReference], [idfsLanguage], [strTextString], [intRowStatus], [rowguid], [strMaintenanceFlag], [strReservedAttribute]) VALUES (10080918, 10049004, N'აფეთქების სესიის ვექტორი - დასახლება', 0, NEWID(), NULL, NULL);
INSERT INTO [dbo].[trtStringNameTranslation] ([idfsBaseReference], [idfsLanguage], [strTextString], [intRowStatus], [rowguid], [strMaintenanceFlag], [strReservedAttribute]) VALUES (10080918, 10049001, N'Alovlanma Sessiyası Keçirici - Yaşayış məntəqəsi', 0, NEWID(), NULL, NULL);
INSERT INTO [dbo].[trtStringNameTranslation] ([idfsBaseReference], [idfsLanguage], [strTextString], [intRowStatus], [rowguid], [strMaintenanceFlag], [strReservedAttribute]) VALUES (10080918, 10049011, N'جلسة عن المرض الناقل المتفشي - الاقامة ', 0, NEWID(), NULL, NULL);

INSERT INTO [dbo].[tasSearchField] ([idfsSearchField], [idfsSearchFieldType], [idfsSearchObject], [idfsReferenceType], [idfsGISReferenceType], [strSearchFieldAlias], [strLookupTable], [intMapDisplayOrder], [intIncidenceDisplayOrder], [blnGeoLocationString], [strCalculatedFieldText], [rowguid], [intRowStatus], [idfsDefaultAggregateFunction], [blnShortAddressString], [strLookupFunction], [strLookupFunctionIdField], [strLookupFunctionNameField], [strLookupAttribute], [blnAllowMissedReferenceValues], [strReservedAttribute]) VALUES (10080911, 10081007, 10082056, NULL, NULL, 'sflPV_SessionID', NULL, NULL, NULL, 0, NULL, NEWID(), 0, 10004020, 0, NULL, NULL, NULL, NULL, 0, NULL);
INSERT INTO [dbo].[tasSearchField] ([idfsSearchField], [idfsSearchFieldType], [idfsSearchObject], [idfsReferenceType], [idfsGISReferenceType], [strSearchFieldAlias], [strLookupTable], [intMapDisplayOrder], [intIncidenceDisplayOrder], [blnGeoLocationString], [strCalculatedFieldText], [rowguid], [intRowStatus], [idfsDefaultAggregateFunction], [blnShortAddressString], [strLookupFunction], [strLookupFunctionIdField], [strLookupFunctionNameField], [strLookupAttribute], [blnAllowMissedReferenceValues], [strReservedAttribute]) VALUES (10080912, 10081007, 10082056, 19000117, NULL, 'sflHASS_SessionStatus', 'rftMonitoringSessionStatus', NULL, NULL, NULL, NULL, NEWID(), 0, 10004003, 0, NULL, NULL, NULL, NULL, 0, NULL);
INSERT INTO [dbo].[tasSearchField] ([idfsSearchField], [idfsSearchFieldType], [idfsSearchObject], [idfsReferenceType], [idfsGISReferenceType], [strSearchFieldAlias], [strLookupTable], [intMapDisplayOrder], [intIncidenceDisplayOrder], [blnGeoLocationString], [strCalculatedFieldText], [rowguid], [intRowStatus], [idfsDefaultAggregateFunction], [blnShortAddressString], [strLookupFunction], [strLookupFunctionIdField], [strLookupFunctionNameField], [strLookupAttribute], [blnAllowMissedReferenceValues], [strReservedAttribute]) VALUES (10080913, 10081002, 10082056, NULL, NULL, 'sflHASS_SessionStartDate', NULL, NULL, NULL, NULL, NULL, NEWID(), 0, 10004003, 0, NULL, NULL, NULL, NULL, 0, NULL);
INSERT INTO [dbo].[tasSearchField] ([idfsSearchField], [idfsSearchFieldType], [idfsSearchObject], [idfsReferenceType], [idfsGISReferenceType], [strSearchFieldAlias], [strLookupTable], [intMapDisplayOrder], [intIncidenceDisplayOrder], [blnGeoLocationString], [strCalculatedFieldText], [rowguid], [intRowStatus], [idfsDefaultAggregateFunction], [blnShortAddressString], [strLookupFunction], [strLookupFunctionIdField], [strLookupFunctionNameField], [strLookupAttribute], [blnAllowMissedReferenceValues], [strReservedAttribute]) VALUES (10080914, 10081002, 10082056, NULL, NULL, 'sflVss_CloseDate', NULL, NULL, NULL, 0, NULL, NEWID(), 0, 10004003, 0, NULL, NULL, NULL, NULL, 1, NULL);
INSERT INTO [dbo].[tasSearchField] ([idfsSearchField], [idfsSearchFieldType], [idfsSearchObject], [idfsReferenceType], [idfsGISReferenceType], [strSearchFieldAlias], [strLookupTable], [intMapDisplayOrder], [intIncidenceDisplayOrder], [blnGeoLocationString], [strCalculatedFieldText], [rowguid], [intRowStatus], [idfsDefaultAggregateFunction], [blnShortAddressString], [strLookupFunction], [strLookupFunctionIdField], [strLookupFunctionNameField], [strLookupAttribute], [blnAllowMissedReferenceValues], [strReservedAttribute]) VALUES (10080915, 10081007, 10082056, NULL, 19000001, 'sflPV_Country', 'Country', NULL, NULL, 0, NULL, NEWID(), 0, 10004003, 0, NULL, NULL, NULL, 'strCountryExtendedName', 0, NULL);
INSERT INTO [dbo].[tasSearchField] ([idfsSearchField], [idfsSearchFieldType], [idfsSearchObject], [idfsReferenceType], [idfsGISReferenceType], [strSearchFieldAlias], [strLookupTable], [intMapDisplayOrder], [intIncidenceDisplayOrder], [blnGeoLocationString], [strCalculatedFieldText], [rowguid], [intRowStatus], [idfsDefaultAggregateFunction], [blnShortAddressString], [strLookupFunction], [strLookupFunctionIdField], [strLookupFunctionNameField], [strLookupAttribute], [blnAllowMissedReferenceValues], [strReservedAttribute]) VALUES (10080916, 10081007, 10082056, NULL, 19000003, 'sflOutbreak_LocationRegion', 'Region', 180, 80, NULL, NULL, NEWID(), 0, 10004003, 0, NULL, NULL, NULL, 'strRegionExtendedName', 1, NULL);
INSERT INTO [dbo].[tasSearchField] ([idfsSearchField], [idfsSearchFieldType], [idfsSearchObject], [idfsReferenceType], [idfsGISReferenceType], [strSearchFieldAlias], [strLookupTable], [intMapDisplayOrder], [intIncidenceDisplayOrder], [blnGeoLocationString], [strCalculatedFieldText], [rowguid], [intRowStatus], [idfsDefaultAggregateFunction], [blnShortAddressString], [strLookupFunction], [strLookupFunctionIdField], [strLookupFunctionNameField], [strLookupAttribute], [blnAllowMissedReferenceValues], [strReservedAttribute]) VALUES (10080917, 10081007, 10082056, NULL, 19000002, 'sflOutbreak_LocationRayon', 'Rayon',120, 40, NULL, NULL, NEWID(), 0, 10004003, 0, NULL, NULL, NULL, 'strRayonExtendedName', 1, NULL);
INSERT INTO [dbo].[tasSearchField] ([idfsSearchField], [idfsSearchFieldType], [idfsSearchObject], [idfsReferenceType], [idfsGISReferenceType], [strSearchFieldAlias], [strLookupTable], [intMapDisplayOrder], [intIncidenceDisplayOrder], [blnGeoLocationString], [strCalculatedFieldText], [rowguid], [intRowStatus], [idfsDefaultAggregateFunction], [blnShortAddressString], [strLookupFunction], [strLookupFunctionIdField], [strLookupFunctionNameField], [strLookupAttribute], [blnAllowMissedReferenceValues], [strReservedAttribute]) VALUES (10080918, 10081007, 10082056, NULL, 19000004, 'sflOS_Settlement', 'Settlement',1001, 1001, NULL, NULL, NEWID(), 0, 10004003, 0, NULL, NULL, NULL, 'strSettlementExtendedName', 1, NULL);
GO


---- Outbreak Human Case (10082057) ----- 
-- New root search object 
ALTER TABLE dbo.trtBaseReference DISABLE TRIGGER ALL
INSERT INTO [dbo].[trtBaseReference] ([idfsBaseReference], [idfsReferenceType], [strBaseReferenceCode], [strDefault], [intHACode], [intOrder], [blnSystem], [intRowStatus], [rowguid], [strMaintenanceFlag], [strReservedAttribute])
VALUES (10082057, 19000082, NULL, 'Outbreak Human Case', 32, 0, 1, 0, NEWID(),NULL, NULL)
GO

INSERT INTO [dbo].[tasSearchObject] ([idfsSearchObject], [idfsFormType], [blnPrimary], [rowguid], [intRowStatus], [blnShowReportType], [strReservedAttribute])
VALUES (10082057, NULL, 1, NEWID(), 0, 0, NULL)
GO

INSERT INTO [dbo].[trtStringNameTranslation] ([idfsBaseReference], [idfsLanguage], [strTextString], [intRowStatus], [rowguid], [strMaintenanceFlag], [strReservedAttribute])
VALUES(10082057,10049003,'Outbreak Human Case',0,NEWID(),NULL,NULL)
INSERT INTO [dbo].[trtStringNameTranslation] ([idfsBaseReference], [idfsLanguage], [strTextString], [intRowStatus], [rowguid], [strMaintenanceFlag], [strReservedAttribute])
VALUES(10082057,10049004,N'აფეთქების ადამიანის დაავადების შემთხვევა',0,NEWID(),NULL,NULL)
INSERT INTO [dbo].[trtStringNameTranslation] ([idfsBaseReference], [idfsLanguage], [strTextString], [intRowStatus], [rowguid], [strMaintenanceFlag], [strReservedAttribute])
VALUES(10082057,10049001,N'Alovlanma İnsan xəstəliyi hadisəsi',0,NEWID(),NULL,NULL)
INSERT INTO [dbo].[trtStringNameTranslation] ([idfsBaseReference], [idfsLanguage], [strTextString], [intRowStatus], [rowguid], [strMaintenanceFlag], [strReservedAttribute])
VALUES(10082057,10049011,N'حالات تفشي الأمراض البشرية',0,NEWID(),NULL,NULL)
GO
ALTER TABLE dbo.trtBaseReference ENABLE TRIGGER ALL

-- Outbreak Human Case - fields
INSERT INTO [dbo].[trtBaseReference] ([idfsBaseReference], [idfsReferenceType], [strBaseReferenceCode], [strDefault], [intHACode], [intOrder], [blnSystem], [intRowStatus], [rowguid], [strMaintenanceFlag], [strReservedAttribute]) VALUES (10080919, 19000080, 'sflOHC_OutbreakID', N'Outbreak Human Case – Outbreak ID', 226, 1, NULL, 0, NEWID(), NULL, NULL); -- using 10080080 as an example
INSERT INTO [dbo].[trtBaseReference] ([idfsBaseReference], [idfsReferenceType], [strBaseReferenceCode], [strDefault], [intHACode], [intOrder], [blnSystem], [intRowStatus], [rowguid], [strMaintenanceFlag], [strReservedAttribute]) VALUES (10080920, 19000080, 'rftOutbreakType', N'Outbreak Human Case – Outbreak Type', 32, 2, NULL, 0, NEWID(), NULL, NULL); -- using 10080886
INSERT INTO [dbo].[trtBaseReference] ([idfsBaseReference], [idfsReferenceType], [strBaseReferenceCode], [strDefault], [intHACode], [intOrder], [blnSystem], [intRowStatus], [rowguid], [strMaintenanceFlag], [strReservedAttribute]) VALUES (10080921, 19000080, 'sflOSC_OutbreakCaseID', N'Outbreak Human Case – Outbreak Case ID', 226, 3, 1, 0, NEWID(), NULL, NULL); -- using 10080892 as an example
INSERT INTO [dbo].[trtBaseReference] ([idfsBaseReference], [idfsReferenceType], [strBaseReferenceCode], [strDefault], [intHACode], [intOrder], [blnSystem], [intRowStatus], [rowguid], [strMaintenanceFlag], [strReservedAttribute]) VALUES (10080922, 19000080, 'sflOSC_PersonID', N'Outbreak Human Case – Person ID', 32, 4, NULL, 0, NEWID(), NULL, NULL);  -- using 10080864 as an example
INSERT INTO [dbo].[trtBaseReference] ([idfsBaseReference], [idfsReferenceType], [strBaseReferenceCode], [strDefault], [intHACode], [intOrder], [blnSystem], [intRowStatus], [rowguid], [strMaintenanceFlag], [strReservedAttribute]) VALUES (10080923, 19000080, 'sflHCSex', N'Outbreak Human Case – Gender', 226, 5, NULL, 0, NEWID(), NULL, NULL);  -- using 10080088 as an example
INSERT INTO [dbo].[trtBaseReference] ([idfsBaseReference], [idfsReferenceType], [strBaseReferenceCode], [strDefault], [intHACode], [intOrder], [blnSystem], [intRowStatus], [rowguid], [strMaintenanceFlag], [strReservedAttribute]) VALUES (10080924, 19000080, 'sflHCDateOfBirth', N'Outbreak Human Case – Date of Birth', 226, 6, NULL, 0, NEWID(), NULL, NULL);  -- using 10080042 as an example
INSERT INTO [dbo].[trtBaseReference] ([idfsBaseReference], [idfsReferenceType], [strBaseReferenceCode], [strDefault], [intHACode], [intOrder], [blnSystem], [intRowStatus], [rowguid], [strMaintenanceFlag], [strReservedAttribute]) VALUES (10080925, 19000080, 'sflZD_PatientAge', N'Outbreak Human Case – Age', 226, 7, 1, 0, NEWID(), NULL, NULL);  -- using 10080474 as an example
INSERT INTO [dbo].[trtBaseReference] ([idfsBaseReference], [idfsReferenceType], [strBaseReferenceCode], [strDefault], [intHACode], [intOrder], [blnSystem], [intRowStatus], [rowguid], [strMaintenanceFlag], [strReservedAttribute]) VALUES (10080926, 19000080, 'sflOSC_EnteredDate', N'Outbreak Human Case – Date Entered', 226, 8, 1, 0, NEWID(), NULL, NULL); -- using 10080844 as an example
INSERT INTO [dbo].[trtBaseReference] ([idfsBaseReference], [idfsReferenceType], [strBaseReferenceCode], [strDefault], [intHACode], [intOrder], [blnSystem], [intRowStatus], [rowguid], [strMaintenanceFlag], [strReservedAttribute]) VALUES (10080927, 19000080, 'sflOBS_Status', N'Outbreak Human Case – Case Status', 32, 9, NULL, 0, NEWID(), NULL, NULL); -- using 10080109 as an example
INSERT INTO [dbo].[trtBaseReference] ([idfsBaseReference], [idfsReferenceType], [strBaseReferenceCode], [strDefault], [intHACode], [intOrder], [blnSystem], [intRowStatus], [rowguid], [strMaintenanceFlag], [strReservedAttribute]) VALUES (10080928, 19000080, 'sflOBRegion', N'Outbreak Human Case – Region', 98, 10, 1, 0, NEWID(), NULL, NULL);  -- using 10080113 as an example
INSERT INTO [dbo].[trtBaseReference] ([idfsBaseReference], [idfsReferenceType], [strBaseReferenceCode], [strDefault], [intHACode], [intOrder], [blnSystem], [intRowStatus], [rowguid], [strMaintenanceFlag], [strReservedAttribute]) VALUES (10080929, 19000080, 'sflOBRayon', N'Outbreak Human Case – Rayon', 98, 11, 1, 0, NEWID(), NULL, NULL);  -- using 10080908 as an example
INSERT INTO [dbo].[trtBaseReference] ([idfsBaseReference], [idfsReferenceType], [strBaseReferenceCode], [strDefault], [intHACode], [intOrder], [blnSystem], [intRowStatus], [rowguid], [strMaintenanceFlag], [strReservedAttribute]) VALUES (10080930, 19000080, 'sflOBS_Settlement', N'Outbreak Human Case – Settlement', 32, 12, 1, 0, NEWID(), NULL, NULL);  -- using 10080891 as an example
INSERT INTO [dbo].[trtBaseReference] ([idfsBaseReference], [idfsReferenceType], [strBaseReferenceCode], [strDefault], [intHACode], [intOrder], [blnSystem], [intRowStatus], [rowguid], [strMaintenanceFlag], [strReservedAttribute]) VALUES (10080931, 19000080, 'sflHC_LocationLatitude', N'Outbreak Human Case – Latitude', 32, 13, 1, 0, NEWID(), NULL, NULL);  -- using 10080515 as an example
INSERT INTO [dbo].[trtBaseReference] ([idfsBaseReference], [idfsReferenceType], [strBaseReferenceCode], [strDefault], [intHACode], [intOrder], [blnSystem], [intRowStatus], [rowguid], [strMaintenanceFlag], [strReservedAttribute]) VALUES (10080932, 19000080, 'sflHC_LocationLongitude', N'Outbreak Human Case – Longitude', 32, 14, 1, 0, NEWID(), NULL, NULL);  -- using 10080514 as an example
INSERT INTO [dbo].[trtBaseReference] ([idfsBaseReference], [idfsReferenceType], [strBaseReferenceCode], [strDefault], [intHACode], [intOrder], [blnSystem], [intRowStatus], [rowguid], [strMaintenanceFlag], [strReservedAttribute]) VALUES (10080933, 19000080, 'sflHASSDR_Diseases', N'Outbreak Human Case – Disease', 32, 15, 1, 0, NEWID(), NULL, NULL); -- using 10080843 as an example
INSERT INTO [dbo].[trtBaseReference] ([idfsBaseReference], [idfsReferenceType], [strBaseReferenceCode], [strDefault], [intHACode], [intOrder], [blnSystem], [intRowStatus], [rowguid], [strMaintenanceFlag], [strReservedAttribute]) VALUES (10080934, 19000080, 'sflHCDiagnosisDate', N'Outbreak Human Case – Date of Disease', 32, 16, 1, 0, NEWID(), NULL, NULL); -- using 10080052 as an example
INSERT INTO [dbo].[trtBaseReference] ([idfsBaseReference], [idfsReferenceType], [strBaseReferenceCode], [strDefault], [intHACode], [intOrder], [blnSystem], [intRowStatus], [rowguid], [strMaintenanceFlag], [strReservedAttribute]) VALUES (10080935, 19000080, 'sflBss_DateOfSymptomsOnset', N'Outbreak Human Case – Date of Symptoms Onset', 256, 17, 1, 0, NEWID(), NULL, NULL); -- using 10080642 as an example
INSERT INTO [dbo].[trtBaseReference] ([idfsBaseReference], [idfsReferenceType], [strBaseReferenceCode], [strDefault], [intHACode], [intOrder], [blnSystem], [intRowStatus], [rowguid], [strMaintenanceFlag], [strReservedAttribute]) VALUES (10080936, 19000080, 'sflBss_DateOfSymptomsOnset', N'Outbreak Human Case – Case Classification', 226, 18, 1, 0, NEWID(), NULL, NULL); -- using 10080469 as an example
INSERT INTO [dbo].[trtBaseReference] ([idfsBaseReference], [idfsReferenceType], [strBaseReferenceCode], [strDefault], [intHACode], [intOrder], [blnSystem], [intRowStatus], [rowguid], [strMaintenanceFlag], [strReservedAttribute]) VALUES (10080937, 19000080, 'sflOHC_DateOfNotification', N'Outbreak Human Case – Date of Notification', 226, 19, 1, 0, NEWID(), NULL, NULL); -- using 10080040 as an example
INSERT INTO [dbo].[trtBaseReference] ([idfsBaseReference], [idfsReferenceType], [strBaseReferenceCode], [strDefault], [intHACode], [intOrder], [blnSystem], [intRowStatus], [rowguid], [strMaintenanceFlag], [strReservedAttribute]) VALUES (10080938, 19000080, 'sflHCFacilitySentName', N'Outbreak Human Case – Notification Sent by Facility', 226, 20, NULL, 0, NEWID(), NULL, NULL); -- using 10080062 as an example
INSERT INTO [dbo].[trtBaseReference] ([idfsBaseReference], [idfsReferenceType], [strBaseReferenceCode], [strDefault], [intHACode], [intOrder], [blnSystem], [intRowStatus], [rowguid], [strMaintenanceFlag], [strReservedAttribute]) VALUES (10080939, 19000080, 'sflHCFacilityReceivedName', N'Outbreak Human Case – Notification Received by Facility', 226, 21, NULL, 0, NEWID(), NULL, NULL); -- using 10080061 as an example
INSERT INTO [dbo].[trtBaseReference] ([idfsBaseReference], [idfsReferenceType], [strBaseReferenceCode], [strDefault], [intHACode], [intOrder], [blnSystem], [intRowStatus], [rowguid], [strMaintenanceFlag], [strReservedAttribute]) VALUES (10080940, 19000080, 'sflHCHospitalization', N'Outbreak Human Case – Hospitalization', 226, 22, NULL, 0, NEWID(), NULL, NULL); -- using 10080063 as an example
INSERT INTO [dbo].[trtBaseReference] ([idfsBaseReference], [idfsReferenceType], [strBaseReferenceCode], [strDefault], [intHACode], [intOrder], [blnSystem], [intRowStatus], [rowguid], [strMaintenanceFlag], [strReservedAttribute]) VALUES (10080941, 19000080, 'sflHCHospitalName', N'Outbreak Human Case – Hospital Name', 226, 23, NULL, 0, NEWID(), NULL, NULL); -- using 10080627 as an example
INSERT INTO [dbo].[trtBaseReference] ([idfsBaseReference], [idfsReferenceType], [strBaseReferenceCode], [strDefault], [intHACode], [intOrder], [blnSystem], [intRowStatus], [rowguid], [strMaintenanceFlag], [strReservedAttribute]) VALUES (10080942, 19000080, 'sflHCHospitalizationDate', N'Outbreak Human Case – Date of Hospitalization', 226, 24, 1, 0, NEWID(), NULL, NULL); -- using 10080472 as an example
INSERT INTO [dbo].[trtBaseReference] ([idfsBaseReference], [idfsReferenceType], [strBaseReferenceCode], [strDefault], [intHACode], [intOrder], [blnSystem], [intRowStatus], [rowguid], [strMaintenanceFlag], [strReservedAttribute]) VALUES (10080943, 19000080, 'sflHCDateOfDischarge', N'Outbreak Human Case – Date of Discharge', 226, 25, NULL, 0, NEWID(), NULL, NULL); -- using 10080046 as an example
INSERT INTO [dbo].[trtBaseReference] ([idfsBaseReference], [idfsReferenceType], [strBaseReferenceCode], [strDefault], [intHACode], [intOrder], [blnSystem], [intRowStatus], [rowguid], [strMaintenanceFlag], [strReservedAttribute]) VALUES (10080944, 19000080, 'sflBss_AdminAntiviralMedication', N'Outbreak Human Case - Antibiotic/Antiviral therapy administered', 226, 26, 1, 0, NEWID(), NULL, NULL); -- using 10080654 as an example
INSERT INTO [dbo].[trtBaseReference] ([idfsBaseReference], [idfsReferenceType], [strBaseReferenceCode], [strDefault], [intHACode], [intOrder], [blnSystem], [intRowStatus], [rowguid], [strMaintenanceFlag], [strReservedAttribute]) VALUES (10080945, 19000080, 'sflBss_NameOfMedication', N'Outbreak Human Case – Antibiotic/Antiviral Name', 226, 27, 1, 0, NEWID(), NULL, NULL); -- using 10080655 as an example
INSERT INTO [dbo].[trtBaseReference] ([idfsBaseReference], [idfsReferenceType], [strBaseReferenceCode], [strDefault], [intHACode], [intOrder], [blnSystem], [intRowStatus], [rowguid], [strMaintenanceFlag], [strReservedAttribute]) VALUES (10080946, 19000080, 'sflHCAstrDose', N'Outbreak Human Case – Antibiotic/Antiviral Dose', 226, 28, 1, 0, NEWID(), NULL, NULL); -- using 10080028 as an example
INSERT INTO [dbo].[trtBaseReference] ([idfsBaseReference], [idfsReferenceType], [strBaseReferenceCode], [strDefault], [intHACode], [intOrder], [blnSystem], [intRowStatus], [rowguid], [strMaintenanceFlag], [strReservedAttribute]) VALUES (10080947, 19000080, 'sflHCAdatFirstAdministeredDate', N'Outbreak Human Case – Date Antibiotic/Antiviral First Administered', 226, 29, NULL, 0, NEWID(), NULL, NULL); -- using 10080021 as an example
INSERT INTO [dbo].[trtBaseReference] ([idfsBaseReference], [idfsReferenceType], [strBaseReferenceCode], [strDefault], [intHACode], [intOrder], [blnSystem], [intRowStatus], [rowguid], [strMaintenanceFlag], [strReservedAttribute]) VALUES (10080948, 19000080, 'sflOHC_VaccinationAdministered', N'Outbreak Human Case – Vaccination administered', 226, 29, NULL, 0, NEWID(), NULL, NULL); -- using 10080648 as an example
INSERT INTO [dbo].[trtBaseReference] ([idfsBaseReference], [idfsReferenceType], [strBaseReferenceCode], [strDefault], [intHACode], [intOrder], [blnSystem], [intRowStatus], [rowguid], [strMaintenanceFlag], [strReservedAttribute]) VALUES (10080949, 19000080, 'sflOHC_VaccinationName', N'Outbreak Human Case – Vaccination Name', 226, 30, NULL, 0, NEWID(), NULL, NULL); -- using 10080142 as an example (commment field type)
INSERT INTO [dbo].[trtBaseReference] ([idfsBaseReference], [idfsReferenceType], [strBaseReferenceCode], [strDefault], [intHACode], [intOrder], [blnSystem], [intRowStatus], [rowguid], [strMaintenanceFlag], [strReservedAttribute]) VALUES (10080950, 19000080, 'sflOHC_VaccinationDate', N'Outbreak Human Case – Date of Vaccination', 226, 31, NULL, 0, NEWID(), NULL, NULL); -- using 10080138 as an example
INSERT INTO [dbo].[trtBaseReference] ([idfsBaseReference], [idfsReferenceType], [strBaseReferenceCode], [strDefault], [intHACode], [intOrder], [blnSystem], [intRowStatus], [rowguid], [strMaintenanceFlag], [strReservedAttribute]) VALUES (10080951, 19000080, 'sflOHC_Symptoms', N'Outbreak Human Case – Symptoms', 226, 32, NULL, 0, NEWID(), NULL, NULL); -- using xxxx as an example, need to check with Anatoly Flexform field type
INSERT INTO [dbo].[trtBaseReference] ([idfsBaseReference], [idfsReferenceType], [strBaseReferenceCode], [strDefault], [intHACode], [intOrder], [blnSystem], [intRowStatus], [rowguid], [strMaintenanceFlag], [strReservedAttribute]) VALUES (10080952, 19000080, 'sflHCSample_SentToOrganization', N'Outbreak Human Case – Investigator Organization', 32, 33, 1, 0, NEWID(), NULL, NULL); -- using 10080509 as an example
INSERT INTO [dbo].[trtBaseReference] ([idfsBaseReference], [idfsReferenceType], [strBaseReferenceCode], [strDefault], [intHACode], [intOrder], [blnSystem], [intRowStatus], [rowguid], [strMaintenanceFlag], [strReservedAttribute]) VALUES (10080953, 19000080, 'sflOHC_InvestigatorName', N'Outbreak Human Case – Investigator Name', 226, 34, 1, 0, NEWID(), NULL, NULL); -- using 10080178 as an example
INSERT INTO [dbo].[trtBaseReference] ([idfsBaseReference], [idfsReferenceType], [strBaseReferenceCode], [strDefault], [intHACode], [intOrder], [blnSystem], [intRowStatus], [rowguid], [strMaintenanceFlag], [strReservedAttribute]) VALUES (10080954, 19000080, 'sflOHC_StartingDateOfInvestigation', N'Outbreak Human Case – Starting date of investigation', 226, 35, 1, 0, NEWID(), NULL, NULL); -- using 10080090 as an example
INSERT INTO [dbo].[trtBaseReference] ([idfsBaseReference], [idfsReferenceType], [strBaseReferenceCode], [strDefault], [intHACode], [intOrder], [blnSystem], [intRowStatus], [rowguid], [strMaintenanceFlag], [strReservedAttribute]) VALUES (10080955, 19000080, 'sflOHC_PrimaryCase', N'Outbreak Human Case – Primary Case', 226, 36, NULL, 0, NEWID(), NULL, NULL); -- using xxxx as an example
INSERT INTO [dbo].[trtBaseReference] ([idfsBaseReference], [idfsReferenceType], [strBaseReferenceCode], [strDefault], [intHACode], [intOrder], [blnSystem], [intRowStatus], [rowguid], [strMaintenanceFlag], [strReservedAttribute]) VALUES (10080956, 19000080, 'sflOHC_CaseQuestionnaire', N'Outbreak Human Case – Case Questionnaire (Flexible forms)', 226, 37, NULL, 0, NEWID(), NULL, NULL); -- using xxxx as an example
INSERT INTO [dbo].[trtBaseReference] ([idfsBaseReference], [idfsReferenceType], [strBaseReferenceCode], [strDefault], [intHACode], [intOrder], [blnSystem], [intRowStatus], [rowguid], [strMaintenanceFlag], [strReservedAttribute]) VALUES (10080957, 19000080, 'sflOHC_CaseMonitoring', N'Outbreak Human Case – Case Monitoring (Flexible forms)', 226, 38, NULL, 0, NEWID(), NULL, NULL); -- using xxxx as an example
INSERT INTO [dbo].[trtBaseReference] ([idfsBaseReference], [idfsReferenceType], [strBaseReferenceCode], [strDefault], [intHACode], [intOrder], [blnSystem], [intRowStatus], [rowguid], [strMaintenanceFlag], [strReservedAttribute]) VALUES (10080958, 19000080, 'sflOHC_NumberContacts', N'Outbreak Human Case – Number of Contacts (sum of the total records in the contacts grid)', 226, 39, NULL, 0, NEWID(), NULL, NULL); -- using xxxx as an example
INSERT INTO [dbo].[trtBaseReference] ([idfsBaseReference], [idfsReferenceType], [strBaseReferenceCode], [strDefault], [intHACode], [intOrder], [blnSystem], [intRowStatus], [rowguid], [strMaintenanceFlag], [strReservedAttribute]) VALUES (10080959, 19000080, 'sflHCSpecimensCollected', N'Outbreak Human Case – Samples Collected', 226, 40, NULL, 0, NEWID(), NULL, NULL); -- using 10080089 as an example
INSERT INTO [dbo].[trtBaseReference] ([idfsBaseReference], [idfsReferenceType], [strBaseReferenceCode], [strDefault], [intHACode], [intOrder], [blnSystem], [intRowStatus], [rowguid], [strMaintenanceFlag], [strReservedAttribute]) VALUES (10080960, 19000080, 'sflHCSpecimensCollected', N'Outbreak Human Case – Reason No Sample Collected', 226, 41, NULL, 0, NEWID(), NULL, NULL); -- using 10080438 as an example

INSERT INTO [dbo].[trtStringNameTranslation] ([idfsBaseReference], [idfsLanguage], [strTextString], [intRowStatus], [rowguid], [strMaintenanceFlag], [strReservedAttribute]) VALUES (10080919, 10049003, N'Outbreak Human Case – Outbreak ID', 0, NEWID(), NULL, NULL);
INSERT INTO [dbo].[trtStringNameTranslation] ([idfsBaseReference], [idfsLanguage], [strTextString], [intRowStatus], [rowguid], [strMaintenanceFlag], [strReservedAttribute]) VALUES (10080919, 10049004, N'აფეთქების ადამიანის დაავადების შემთხვევა - აფეთქების ID', 0, NEWID(), NULL, NULL);
INSERT INTO [dbo].[trtStringNameTranslation] ([idfsBaseReference], [idfsLanguage], [strTextString], [intRowStatus], [rowguid], [strMaintenanceFlag], [strReservedAttribute]) VALUES (10080919, 10049001, N'Alovlanma İnsan Xəstəliyi Hadisəsi - Alovlanmanın Q/N-si', 0, NEWID(), NULL, NULL);
INSERT INTO [dbo].[trtStringNameTranslation] ([idfsBaseReference], [idfsLanguage], [strTextString], [intRowStatus], [rowguid], [strMaintenanceFlag], [strReservedAttribute]) VALUES (10080919, 10049011, N'حالة تفشي المرض البشري - معرّف التفشي ', 0, NEWID(), NULL, NULL);

INSERT INTO [dbo].[trtStringNameTranslation] ([idfsBaseReference], [idfsLanguage], [strTextString], [intRowStatus], [rowguid], [strMaintenanceFlag], [strReservedAttribute]) VALUES (10080920, 10049003, N'Outbreak Human Case – Outbreak Type', 0, NEWID(), NULL, NULL);
INSERT INTO [dbo].[trtStringNameTranslation] ([idfsBaseReference], [idfsLanguage], [strTextString], [intRowStatus], [rowguid], [strMaintenanceFlag], [strReservedAttribute]) VALUES (10080920, 10049004, N'აფეთქების ადამიანის დაავადების შემთხვევა - აფეთქების ტიპი', 0, NEWID(), NULL, NULL);
INSERT INTO [dbo].[trtStringNameTranslation] ([idfsBaseReference], [idfsLanguage], [strTextString], [intRowStatus], [rowguid], [strMaintenanceFlag], [strReservedAttribute]) VALUES (10080920, 10049001, N'Alovlanma İnsan Xəstəliyi Hadisəsi - Alovlanmanın növü', 0, NEWID(), NULL, NULL);
INSERT INTO [dbo].[trtStringNameTranslation] ([idfsBaseReference], [idfsLanguage], [strTextString], [intRowStatus], [rowguid], [strMaintenanceFlag], [strReservedAttribute]) VALUES (10080920, 10049011, N'حالة تفشي المرض البشري -نوع التفشي', 0, NEWID(), NULL, NULL);

INSERT INTO [dbo].[trtStringNameTranslation] ([idfsBaseReference], [idfsLanguage], [strTextString], [intRowStatus], [rowguid], [strMaintenanceFlag], [strReservedAttribute]) VALUES (10080921, 10049003, N'Outbreak Human Case – Outbreak Case ID', 0, NEWID(), NULL, NULL);
INSERT INTO [dbo].[trtStringNameTranslation] ([idfsBaseReference], [idfsLanguage], [strTextString], [intRowStatus], [rowguid], [strMaintenanceFlag], [strReservedAttribute]) VALUES (10080921, 10049004, N'აფეთქების ადამიანის დაავადების შემთხვევა - აფეთქების შემთხვევის ID', 0, NEWID(), NULL, NULL);
INSERT INTO [dbo].[trtStringNameTranslation] ([idfsBaseReference], [idfsLanguage], [strTextString], [intRowStatus], [rowguid], [strMaintenanceFlag], [strReservedAttribute]) VALUES (10080921, 10049001, N'Alovlanma İnsan Xəstəliyi Hadisəsi - Alovlanma hadisəsinin Q/N-si', 0, NEWID(), NULL, NULL);
INSERT INTO [dbo].[trtStringNameTranslation] ([idfsBaseReference], [idfsLanguage], [strTextString], [intRowStatus], [rowguid], [strMaintenanceFlag], [strReservedAttribute]) VALUES (10080921, 10049011, N'حالة تفشي المرض البشري - معرّف حالة التفشي ', 0, NEWID(), NULL, NULL);

INSERT INTO [dbo].[trtStringNameTranslation] ([idfsBaseReference], [idfsLanguage], [strTextString], [intRowStatus], [rowguid], [strMaintenanceFlag], [strReservedAttribute]) VALUES (10080922, 10049003, N'Outbreak Human Case – Person ID', 0, NEWID(), NULL, NULL);
INSERT INTO [dbo].[trtStringNameTranslation] ([idfsBaseReference], [idfsLanguage], [strTextString], [intRowStatus], [rowguid], [strMaintenanceFlag], [strReservedAttribute]) VALUES (10080922, 10049004, N'აფეთქების ადამიანის დაავადების შემთხვევა - პირის ID', 0, NEWID(), NULL, NULL);
INSERT INTO [dbo].[trtStringNameTranslation] ([idfsBaseReference], [idfsLanguage], [strTextString], [intRowStatus], [rowguid], [strMaintenanceFlag], [strReservedAttribute]) VALUES (10080922, 10049001, N'Alovlanma İnsan Xəstəliyi Hadisəsi - Şəxsin Q/N-si', 0, NEWID(), NULL, NULL);
INSERT INTO [dbo].[trtStringNameTranslation] ([idfsBaseReference], [idfsLanguage], [strTextString], [intRowStatus], [rowguid], [strMaintenanceFlag], [strReservedAttribute]) VALUES (10080922, 10049011, N'حالة تفشي المرض البشري - معرّف الفرد ', 0, NEWID(), NULL, NULL);

INSERT INTO [dbo].[trtStringNameTranslation] ([idfsBaseReference], [idfsLanguage], [strTextString], [intRowStatus], [rowguid], [strMaintenanceFlag], [strReservedAttribute]) VALUES (10080923, 10049003, N'Outbreak Human Case – Gender', 0, NEWID(), NULL, NULL);
INSERT INTO [dbo].[trtStringNameTranslation] ([idfsBaseReference], [idfsLanguage], [strTextString], [intRowStatus], [rowguid], [strMaintenanceFlag], [strReservedAttribute]) VALUES (10080923, 10049004, N'აფეთქების ადამიანის დაავადების შემთხვევა - სქესი', 0, NEWID(), NULL, NULL);
INSERT INTO [dbo].[trtStringNameTranslation] ([idfsBaseReference], [idfsLanguage], [strTextString], [intRowStatus], [rowguid], [strMaintenanceFlag], [strReservedAttribute]) VALUES (10080923, 10049001, N'Alovlanma İnsan Xəstəliyi Hadisəsi - Cinci', 0, NEWID(), NULL, NULL);
INSERT INTO [dbo].[trtStringNameTranslation] ([idfsBaseReference], [idfsLanguage], [strTextString], [intRowStatus], [rowguid], [strMaintenanceFlag], [strReservedAttribute]) VALUES (10080923, 10049011, N'حالة تفشي المرض البشري - الجنس ', 0, NEWID(), NULL, NULL);

INSERT INTO [dbo].[trtStringNameTranslation] ([idfsBaseReference], [idfsLanguage], [strTextString], [intRowStatus], [rowguid], [strMaintenanceFlag], [strReservedAttribute]) VALUES (10080924, 10049003, N'Outbreak Human Case – Date of Birth', 0, NEWID(), NULL, NULL);
INSERT INTO [dbo].[trtStringNameTranslation] ([idfsBaseReference], [idfsLanguage], [strTextString], [intRowStatus], [rowguid], [strMaintenanceFlag], [strReservedAttribute]) VALUES (10080924, 10049004, N'აფეთქების ადამიანის დაავადების შემთხვევა - დაბადების თარიღი', 0, NEWID(), NULL, NULL);
INSERT INTO [dbo].[trtStringNameTranslation] ([idfsBaseReference], [idfsLanguage], [strTextString], [intRowStatus], [rowguid], [strMaintenanceFlag], [strReservedAttribute]) VALUES (10080924, 10049001, N'Alovlanma İnsan Xəstəliyi Hadisəsi - Doğum tarixi', 0, NEWID(), NULL, NULL);
INSERT INTO [dbo].[trtStringNameTranslation] ([idfsBaseReference], [idfsLanguage], [strTextString], [intRowStatus], [rowguid], [strMaintenanceFlag], [strReservedAttribute]) VALUES (10080924, 10049011, N'حالة تفشي المرض البشري - تاريخ الولادة ', 0, NEWID(), NULL, NULL);

INSERT INTO [dbo].[trtStringNameTranslation] ([idfsBaseReference], [idfsLanguage], [strTextString], [intRowStatus], [rowguid], [strMaintenanceFlag], [strReservedAttribute]) VALUES (10080925, 10049003, N'Outbreak Human Case – Age', 0, NEWID(), NULL, NULL);
INSERT INTO [dbo].[trtStringNameTranslation] ([idfsBaseReference], [idfsLanguage], [strTextString], [intRowStatus], [rowguid], [strMaintenanceFlag], [strReservedAttribute]) VALUES (10080925, 10049004, N'აფეთქების ადამიანის დაავადების შემთხვევა - ასაკი', 0, NEWID(), NULL, NULL);
INSERT INTO [dbo].[trtStringNameTranslation] ([idfsBaseReference], [idfsLanguage], [strTextString], [intRowStatus], [rowguid], [strMaintenanceFlag], [strReservedAttribute]) VALUES (10080925, 10049001, N'Alovlanma İnsan Xəstəliyi Hadisəsi - Yaşı', 0, NEWID(), NULL, NULL);
INSERT INTO [dbo].[trtStringNameTranslation] ([idfsBaseReference], [idfsLanguage], [strTextString], [intRowStatus], [rowguid], [strMaintenanceFlag], [strReservedAttribute]) VALUES (10080925, 10049011, N'حالة تفشي المرض البشري - العمر ', 0, NEWID(), NULL, NULL);

INSERT INTO [dbo].[trtStringNameTranslation] ([idfsBaseReference], [idfsLanguage], [strTextString], [intRowStatus], [rowguid], [strMaintenanceFlag], [strReservedAttribute]) VALUES (10080926, 10049003, N'Outbreak Human Case – Date Entered', 0, NEWID(), NULL, NULL);
INSERT INTO [dbo].[trtStringNameTranslation] ([idfsBaseReference], [idfsLanguage], [strTextString], [intRowStatus], [rowguid], [strMaintenanceFlag], [strReservedAttribute]) VALUES (10080926, 10049004, N'აფეთქების ადამიანის დაავადების შემთხვევა - შეყვანის თარიღი', 0, NEWID(), NULL, NULL);
INSERT INTO [dbo].[trtStringNameTranslation] ([idfsBaseReference], [idfsLanguage], [strTextString], [intRowStatus], [rowguid], [strMaintenanceFlag], [strReservedAttribute]) VALUES (10080926, 10049001, N'Alovlanma İnsan Xəstəliyi Hadisəsi - Daxil edilmə tarixi', 0, NEWID(), NULL, NULL);
INSERT INTO [dbo].[trtStringNameTranslation] ([idfsBaseReference], [idfsLanguage], [strTextString], [intRowStatus], [rowguid], [strMaintenanceFlag], [strReservedAttribute]) VALUES (10080926, 10049011, N'حالة تفشي المرض البشري - تاريخ الدخول ', 0, NEWID(), NULL, NULL);

INSERT INTO [dbo].[trtStringNameTranslation] ([idfsBaseReference], [idfsLanguage], [strTextString], [intRowStatus], [rowguid], [strMaintenanceFlag], [strReservedAttribute]) VALUES (10080927, 10049003, N'Outbreak Human Case – Case Status', 0, NEWID(), NULL, NULL);
INSERT INTO [dbo].[trtStringNameTranslation] ([idfsBaseReference], [idfsLanguage], [strTextString], [intRowStatus], [rowguid], [strMaintenanceFlag], [strReservedAttribute]) VALUES (10080927, 10049004, N'აფეთქების ადამიანის დაავადების შემთხვევა - შემთხვევის სტატუსი', 0, NEWID(), NULL, NULL);
INSERT INTO [dbo].[trtStringNameTranslation] ([idfsBaseReference], [idfsLanguage], [strTextString], [intRowStatus], [rowguid], [strMaintenanceFlag], [strReservedAttribute]) VALUES (10080927, 10049001, N'Alovlanma İnsan Xəstəliyi Hadisəsi - Hadisənin statusu', 0, NEWID(), NULL, NULL);
INSERT INTO [dbo].[trtStringNameTranslation] ([idfsBaseReference], [idfsLanguage], [strTextString], [intRowStatus], [rowguid], [strMaintenanceFlag], [strReservedAttribute]) VALUES (10080927, 10049011, N'حالة تفشي المرض البشري - وضع الحالة ', 0, NEWID(), NULL, NULL);

INSERT INTO [dbo].[trtStringNameTranslation] ([idfsBaseReference], [idfsLanguage], [strTextString], [intRowStatus], [rowguid], [strMaintenanceFlag], [strReservedAttribute]) VALUES (10080928, 10049003, N'Outbreak Human Case – Region', 0, NEWID(), NULL, NULL);
INSERT INTO [dbo].[trtStringNameTranslation] ([idfsBaseReference], [idfsLanguage], [strTextString], [intRowStatus], [rowguid], [strMaintenanceFlag], [strReservedAttribute]) VALUES (10080928, 10049004, N'აფეთქების ადამიანის დაავადების შემთხვევა - რეგიონი', 0, NEWID(), NULL, NULL);
INSERT INTO [dbo].[trtStringNameTranslation] ([idfsBaseReference], [idfsLanguage], [strTextString], [intRowStatus], [rowguid], [strMaintenanceFlag], [strReservedAttribute]) VALUES (10080928, 10049001, N'Alovlanma İnsan Xəstəliyi Hadisəsi - Region', 0, NEWID(), NULL, NULL);
INSERT INTO [dbo].[trtStringNameTranslation] ([idfsBaseReference], [idfsLanguage], [strTextString], [intRowStatus], [rowguid], [strMaintenanceFlag], [strReservedAttribute]) VALUES (10080928, 10049011, N'حالة تفشي المرض البشري - المنطقة ', 0, NEWID(), NULL, NULL);

INSERT INTO [dbo].[trtStringNameTranslation] ([idfsBaseReference], [idfsLanguage], [strTextString], [intRowStatus], [rowguid], [strMaintenanceFlag], [strReservedAttribute]) VALUES (10080929, 10049003, N'Outbreak Human Case – Rayon', 0, NEWID(), NULL, NULL);
INSERT INTO [dbo].[trtStringNameTranslation] ([idfsBaseReference], [idfsLanguage], [strTextString], [intRowStatus], [rowguid], [strMaintenanceFlag], [strReservedAttribute]) VALUES (10080929, 10049004, N'აფეთქების ადამიანის დაავადების შემთხვევა - რაიონი', 0, NEWID(), NULL, NULL);
INSERT INTO [dbo].[trtStringNameTranslation] ([idfsBaseReference], [idfsLanguage], [strTextString], [intRowStatus], [rowguid], [strMaintenanceFlag], [strReservedAttribute]) VALUES (10080929, 10049001, N'Alovlanma İnsan Xəstəliyi Hadisəsi - Rayon', 0, NEWID(), NULL, NULL);
INSERT INTO [dbo].[trtStringNameTranslation] ([idfsBaseReference], [idfsLanguage], [strTextString], [intRowStatus], [rowguid], [strMaintenanceFlag], [strReservedAttribute]) VALUES (10080929, 10049011, N'حالة تفشي المرض البشري - رايون ', 0, NEWID(), NULL, NULL);

INSERT INTO [dbo].[trtStringNameTranslation] ([idfsBaseReference], [idfsLanguage], [strTextString], [intRowStatus], [rowguid], [strMaintenanceFlag], [strReservedAttribute]) VALUES (10080930, 10049003, N'Outbreak Human Case – Settlement', 0, NEWID(), NULL, NULL);
INSERT INTO [dbo].[trtStringNameTranslation] ([idfsBaseReference], [idfsLanguage], [strTextString], [intRowStatus], [rowguid], [strMaintenanceFlag], [strReservedAttribute]) VALUES (10080930, 10049004, N'აფეთქების ადამიანის დაავადების შემთხვევა - დასახლება', 0, NEWID(), NULL, NULL);
INSERT INTO [dbo].[trtStringNameTranslation] ([idfsBaseReference], [idfsLanguage], [strTextString], [intRowStatus], [rowguid], [strMaintenanceFlag], [strReservedAttribute]) VALUES (10080930, 10049001, N'Alovlanma İnsan Xəstəliyi Hadisəsi - Yaşayış məntəqəsi', 0, NEWID(), NULL, NULL);
INSERT INTO [dbo].[trtStringNameTranslation] ([idfsBaseReference], [idfsLanguage], [strTextString], [intRowStatus], [rowguid], [strMaintenanceFlag], [strReservedAttribute]) VALUES (10080930, 10049011, N'حالة تفشي المرض البشري - الاقامة ', 0, NEWID(), NULL, NULL);

INSERT INTO [dbo].[trtStringNameTranslation] ([idfsBaseReference], [idfsLanguage], [strTextString], [intRowStatus], [rowguid], [strMaintenanceFlag], [strReservedAttribute]) VALUES (10080931, 10049003, N'Outbreak Human Case – Latitude', 0, NEWID(), NULL, NULL);
INSERT INTO [dbo].[trtStringNameTranslation] ([idfsBaseReference], [idfsLanguage], [strTextString], [intRowStatus], [rowguid], [strMaintenanceFlag], [strReservedAttribute]) VALUES (10080931, 10049004, N'აფეთქების ადამიანის დაავადების შემთხვევა - განედი', 0, NEWID(), NULL, NULL);
INSERT INTO [dbo].[trtStringNameTranslation] ([idfsBaseReference], [idfsLanguage], [strTextString], [intRowStatus], [rowguid], [strMaintenanceFlag], [strReservedAttribute]) VALUES (10080931, 10049001, N'Alovlanma İnsan Xəstəliyi Hadisəsi - En dairəsi', 0, NEWID(), NULL, NULL);
INSERT INTO [dbo].[trtStringNameTranslation] ([idfsBaseReference], [idfsLanguage], [strTextString], [intRowStatus], [rowguid], [strMaintenanceFlag], [strReservedAttribute]) VALUES (10080931, 10049011, N'حالة تفشي المرض البشري - خط العرض ', 0, NEWID(), NULL, NULL);

INSERT INTO [dbo].[trtStringNameTranslation] ([idfsBaseReference], [idfsLanguage], [strTextString], [intRowStatus], [rowguid], [strMaintenanceFlag], [strReservedAttribute]) VALUES (10080932, 10049003, N'Outbreak Human Case – Longitude', 0, NEWID(), NULL, NULL);
INSERT INTO [dbo].[trtStringNameTranslation] ([idfsBaseReference], [idfsLanguage], [strTextString], [intRowStatus], [rowguid], [strMaintenanceFlag], [strReservedAttribute]) VALUES (10080932, 10049004, N'აფეთქების ადამიანის დაავადების შემთხვევა - გრძედი ', 0, NEWID(), NULL, NULL);
INSERT INTO [dbo].[trtStringNameTranslation] ([idfsBaseReference], [idfsLanguage], [strTextString], [intRowStatus], [rowguid], [strMaintenanceFlag], [strReservedAttribute]) VALUES (10080932, 10049001, N'Alovlanma İnsan Xəstəliyi Hadisəsi - Uzunluq dairəsi', 0, NEWID(), NULL, NULL);
INSERT INTO [dbo].[trtStringNameTranslation] ([idfsBaseReference], [idfsLanguage], [strTextString], [intRowStatus], [rowguid], [strMaintenanceFlag], [strReservedAttribute]) VALUES (10080932, 10049011, N'حالة تفشي المرض البشري - خط الطول ', 0, NEWID(), NULL, NULL);

INSERT INTO [dbo].[trtStringNameTranslation] ([idfsBaseReference], [idfsLanguage], [strTextString], [intRowStatus], [rowguid], [strMaintenanceFlag], [strReservedAttribute]) VALUES (10080933, 10049003, N'Outbreak Human Case – Disease', 0, NEWID(), NULL, NULL);
INSERT INTO [dbo].[trtStringNameTranslation] ([idfsBaseReference], [idfsLanguage], [strTextString], [intRowStatus], [rowguid], [strMaintenanceFlag], [strReservedAttribute]) VALUES (10080933, 10049004, N'აფეთქების ადამიანის დაავადების შემთხვევა - დაავადება', 0, NEWID(), NULL, NULL);
INSERT INTO [dbo].[trtStringNameTranslation] ([idfsBaseReference], [idfsLanguage], [strTextString], [intRowStatus], [rowguid], [strMaintenanceFlag], [strReservedAttribute]) VALUES (10080933, 10049001, N'Alovlanma İnsan Xəstəliyi Hadisəsi - Xəstəlik', 0, NEWID(), NULL, NULL);
INSERT INTO [dbo].[trtStringNameTranslation] ([idfsBaseReference], [idfsLanguage], [strTextString], [intRowStatus], [rowguid], [strMaintenanceFlag], [strReservedAttribute]) VALUES (10080933, 10049011, N'حالة تفشي المرض البشري - المرض ', 0, NEWID(), NULL, NULL);

INSERT INTO [dbo].[trtStringNameTranslation] ([idfsBaseReference], [idfsLanguage], [strTextString], [intRowStatus], [rowguid], [strMaintenanceFlag], [strReservedAttribute]) VALUES (10080934, 10049003, N'Outbreak Human Case – Date of Disease', 0, NEWID(), NULL, NULL);
INSERT INTO [dbo].[trtStringNameTranslation] ([idfsBaseReference], [idfsLanguage], [strTextString], [intRowStatus], [rowguid], [strMaintenanceFlag], [strReservedAttribute]) VALUES (10080934, 10049004, N'აფეთქების ადამიანის დაავადების შემთხვევა - დაავადების თარიღი', 0, NEWID(), NULL, NULL);
INSERT INTO [dbo].[trtStringNameTranslation] ([idfsBaseReference], [idfsLanguage], [strTextString], [intRowStatus], [rowguid], [strMaintenanceFlag], [strReservedAttribute]) VALUES (10080934, 10049001, N'Alovlanma İnsan Xəstəliyi Hadisəsi - Xəstəliyin aşkar olunma tarixi', 0, NEWID(), NULL, NULL);
INSERT INTO [dbo].[trtStringNameTranslation] ([idfsBaseReference], [idfsLanguage], [strTextString], [intRowStatus], [rowguid], [strMaintenanceFlag], [strReservedAttribute]) VALUES (10080934, 10049011, N'حالة تفشي المرض البشري - تاريخ المرض ', 0, NEWID(), NULL, NULL);

INSERT INTO [dbo].[trtStringNameTranslation] ([idfsBaseReference], [idfsLanguage], [strTextString], [intRowStatus], [rowguid], [strMaintenanceFlag], [strReservedAttribute]) VALUES (10080935, 10049003, N'Outbreak Human Case – Date of Symptoms Onset', 0, NEWID(), NULL, NULL);
INSERT INTO [dbo].[trtStringNameTranslation] ([idfsBaseReference], [idfsLanguage], [strTextString], [intRowStatus], [rowguid], [strMaintenanceFlag], [strReservedAttribute]) VALUES (10080935, 10049004, N'აფეთქების ადამიანის დაავადების შემთხვევა - სიმპტომების გამოვლენის თარიღი', 0, NEWID(), NULL, NULL);
INSERT INTO [dbo].[trtStringNameTranslation] ([idfsBaseReference], [idfsLanguage], [strTextString], [intRowStatus], [rowguid], [strMaintenanceFlag], [strReservedAttribute]) VALUES (10080935, 10049001, N'Alovlanma İnsan Xəstəliyi Hadisəsi - Simptomların başlanma tarixi', 0, NEWID(), NULL, NULL);
INSERT INTO [dbo].[trtStringNameTranslation] ([idfsBaseReference], [idfsLanguage], [strTextString], [intRowStatus], [rowguid], [strMaintenanceFlag], [strReservedAttribute]) VALUES (10080935, 10049011, N'حالة تفشي المرض البشري - تاريخ بدء ظهور الأعراض ', 0, NEWID(), NULL, NULL);

INSERT INTO [dbo].[trtStringNameTranslation] ([idfsBaseReference], [idfsLanguage], [strTextString], [intRowStatus], [rowguid], [strMaintenanceFlag], [strReservedAttribute]) VALUES (10080936, 10049003, N'Outbreak Human Case – Case Classification', 0, NEWID(), NULL, NULL);
INSERT INTO [dbo].[trtStringNameTranslation] ([idfsBaseReference], [idfsLanguage], [strTextString], [intRowStatus], [rowguid], [strMaintenanceFlag], [strReservedAttribute]) VALUES (10080936, 10049004, N'აფეთქების ადამიანის დაავადების შემთხვევა - შემთხვევის კლასიფიკაცია', 0, NEWID(), NULL, NULL);
INSERT INTO [dbo].[trtStringNameTranslation] ([idfsBaseReference], [idfsLanguage], [strTextString], [intRowStatus], [rowguid], [strMaintenanceFlag], [strReservedAttribute]) VALUES (10080936, 10049001, N'Alovlanma İnsan Xəstəliyi Hadisəsi - Hadisənin təsnifatı', 0, NEWID(), NULL, NULL);
INSERT INTO [dbo].[trtStringNameTranslation] ([idfsBaseReference], [idfsLanguage], [strTextString], [intRowStatus], [rowguid], [strMaintenanceFlag], [strReservedAttribute]) VALUES (10080936, 10049011, N'حالة تفشي المرض البشري - تصنيف الحالة ', 0, NEWID(), NULL, NULL);

INSERT INTO [dbo].[trtStringNameTranslation] ([idfsBaseReference], [idfsLanguage], [strTextString], [intRowStatus], [rowguid], [strMaintenanceFlag], [strReservedAttribute]) VALUES (10080937, 10049003, N'Outbreak Human Case – Date of Notification', 0, NEWID(), NULL, NULL);
INSERT INTO [dbo].[trtStringNameTranslation] ([idfsBaseReference], [idfsLanguage], [strTextString], [intRowStatus], [rowguid], [strMaintenanceFlag], [strReservedAttribute]) VALUES (10080937, 10049004, N'აფეთქების ადამიანის დაავადების შემთხვევა - შეტყობინების თარიღი', 0, NEWID(), NULL, NULL);
INSERT INTO [dbo].[trtStringNameTranslation] ([idfsBaseReference], [idfsLanguage], [strTextString], [intRowStatus], [rowguid], [strMaintenanceFlag], [strReservedAttribute]) VALUES (10080937, 10049001, N'Alovlanma İnsan Xəstəliyi Hadisəsi - Bildiriş tarixi', 0, NEWID(), NULL, NULL);
INSERT INTO [dbo].[trtStringNameTranslation] ([idfsBaseReference], [idfsLanguage], [strTextString], [intRowStatus], [rowguid], [strMaintenanceFlag], [strReservedAttribute]) VALUES (10080937, 10049011, N'حالة تفشي المرض البشري - تاريخ الإخطار ', 0, NEWID(), NULL, NULL);

INSERT INTO [dbo].[trtStringNameTranslation] ([idfsBaseReference], [idfsLanguage], [strTextString], [intRowStatus], [rowguid], [strMaintenanceFlag], [strReservedAttribute]) VALUES (10080938, 10049003, N'Outbreak Human Case – Notification Sent by Facility', 0, NEWID(), NULL, NULL);
INSERT INTO [dbo].[trtStringNameTranslation] ([idfsBaseReference], [idfsLanguage], [strTextString], [intRowStatus], [rowguid], [strMaintenanceFlag], [strReservedAttribute]) VALUES (10080938, 10049004, N'აფეთქების ადამიანის დაავადების შემთხვევა - შეტყობინება გაგზავნილია დაწესებულების მიერ', 0, NEWID(), NULL, NULL);
INSERT INTO [dbo].[trtStringNameTranslation] ([idfsBaseReference], [idfsLanguage], [strTextString], [intRowStatus], [rowguid], [strMaintenanceFlag], [strReservedAttribute]) VALUES (10080938, 10049001, N'Alovlanma İnsan Xəstəliyi Hadisəsi - Bildirişi göndərən müəssisə', 0, NEWID(), NULL, NULL);
INSERT INTO [dbo].[trtStringNameTranslation] ([idfsBaseReference], [idfsLanguage], [strTextString], [intRowStatus], [rowguid], [strMaintenanceFlag], [strReservedAttribute]) VALUES (10080938, 10049011, N'حالة تفشي المرض البشري -  الإخطار المرسل من المنشأة ', 0, NEWID(), NULL, NULL);

INSERT INTO [dbo].[trtStringNameTranslation] ([idfsBaseReference], [idfsLanguage], [strTextString], [intRowStatus], [rowguid], [strMaintenanceFlag], [strReservedAttribute]) VALUES (10080939, 10049003, N'Outbreak Human Case – Notification Received by Facility', 0, NEWID(), NULL, NULL);
INSERT INTO [dbo].[trtStringNameTranslation] ([idfsBaseReference], [idfsLanguage], [strTextString], [intRowStatus], [rowguid], [strMaintenanceFlag], [strReservedAttribute]) VALUES (10080939, 10049004, N'აფეთქების ადამიანის დაავადების შემთხვევა - შეტყობინება მიიღო დაწესებულებამ', 0, NEWID(), NULL, NULL);
INSERT INTO [dbo].[trtStringNameTranslation] ([idfsBaseReference], [idfsLanguage], [strTextString], [intRowStatus], [rowguid], [strMaintenanceFlag], [strReservedAttribute]) VALUES (10080939, 10049001, N'Alovlanma İnsan Xəstəliyi Hadisəsi - Bildirişi qəbul edən müəssisə', 0, NEWID(), NULL, NULL);
INSERT INTO [dbo].[trtStringNameTranslation] ([idfsBaseReference], [idfsLanguage], [strTextString], [intRowStatus], [rowguid], [strMaintenanceFlag], [strReservedAttribute]) VALUES (10080939, 10049011, N'حالة تفشي المرض البشري - الإخطار المستلم من المنشأة ', 0, NEWID(), NULL, NULL);

INSERT INTO [dbo].[trtStringNameTranslation] ([idfsBaseReference], [idfsLanguage], [strTextString], [intRowStatus], [rowguid], [strMaintenanceFlag], [strReservedAttribute]) VALUES (10080940, 10049003, N'Outbreak Human Case – Hospitalization', 0, NEWID(), NULL, NULL);
INSERT INTO [dbo].[trtStringNameTranslation] ([idfsBaseReference], [idfsLanguage], [strTextString], [intRowStatus], [rowguid], [strMaintenanceFlag], [strReservedAttribute]) VALUES (10080940, 10049004, N'აფეთქების ადამიანის დაავადების შემთხვევა - ჰოსპიტალიზაცია', 0, NEWID(), NULL, NULL);
INSERT INTO [dbo].[trtStringNameTranslation] ([idfsBaseReference], [idfsLanguage], [strTextString], [intRowStatus], [rowguid], [strMaintenanceFlag], [strReservedAttribute]) VALUES (10080940, 10049001, N'Alovlanma İnsan Xəstəliyi Hadisəsi - Hospitalizasiya', 0, NEWID(), NULL, NULL);
INSERT INTO [dbo].[trtStringNameTranslation] ([idfsBaseReference], [idfsLanguage], [strTextString], [intRowStatus], [rowguid], [strMaintenanceFlag], [strReservedAttribute]) VALUES (10080940, 10049011, N'حالة تفشي المرض البشري - الاستشفاء ', 0, NEWID(), NULL, NULL);

INSERT INTO [dbo].[trtStringNameTranslation] ([idfsBaseReference], [idfsLanguage], [strTextString], [intRowStatus], [rowguid], [strMaintenanceFlag], [strReservedAttribute]) VALUES (10080941, 10049003, N'Outbreak Human Case – Hospital Name', 0, NEWID(), NULL, NULL);
INSERT INTO [dbo].[trtStringNameTranslation] ([idfsBaseReference], [idfsLanguage], [strTextString], [intRowStatus], [rowguid], [strMaintenanceFlag], [strReservedAttribute]) VALUES (10080941, 10049004, N'აფეთქების ადამიანის დაავადების შემთხვევა -საავადმყოფოს დასახელება', 0, NEWID(), NULL, NULL);
INSERT INTO [dbo].[trtStringNameTranslation] ([idfsBaseReference], [idfsLanguage], [strTextString], [intRowStatus], [rowguid], [strMaintenanceFlag], [strReservedAttribute]) VALUES (10080941, 10049001, N'Alovlanma İnsan Xəstəliyi Hadisəsi - Xəstəxananın adı', 0, NEWID(), NULL, NULL);
INSERT INTO [dbo].[trtStringNameTranslation] ([idfsBaseReference], [idfsLanguage], [strTextString], [intRowStatus], [rowguid], [strMaintenanceFlag], [strReservedAttribute]) VALUES (10080941, 10049011, N'حالة تفشي المرض البشري - اسم المستشفى ', 0, NEWID(), NULL, NULL);

INSERT INTO [dbo].[trtStringNameTranslation] ([idfsBaseReference], [idfsLanguage], [strTextString], [intRowStatus], [rowguid], [strMaintenanceFlag], [strReservedAttribute]) VALUES (10080942, 10049003, N'Outbreak Human Case – Date of Hospitalization', 0, NEWID(), NULL, NULL);
INSERT INTO [dbo].[trtStringNameTranslation] ([idfsBaseReference], [idfsLanguage], [strTextString], [intRowStatus], [rowguid], [strMaintenanceFlag], [strReservedAttribute]) VALUES (10080942, 10049004, N'აფეთქების ადამიანის დაავადების შემთხვევა - ჰოსპიტალიზაციის თარიღი', 0, NEWID(), NULL, NULL);
INSERT INTO [dbo].[trtStringNameTranslation] ([idfsBaseReference], [idfsLanguage], [strTextString], [intRowStatus], [rowguid], [strMaintenanceFlag], [strReservedAttribute]) VALUES (10080942, 10049001, N'Alovlanma İnsan Xəstəliyi Hadisəsi - Hospitalizasiya tarixi', 0, NEWID(), NULL, NULL);
INSERT INTO [dbo].[trtStringNameTranslation] ([idfsBaseReference], [idfsLanguage], [strTextString], [intRowStatus], [rowguid], [strMaintenanceFlag], [strReservedAttribute]) VALUES (10080942, 10049011, N'حالة تفشي المرض البشري - تاريخ الاستشفاء ', 0, NEWID(), NULL, NULL);

INSERT INTO [dbo].[trtStringNameTranslation] ([idfsBaseReference], [idfsLanguage], [strTextString], [intRowStatus], [rowguid], [strMaintenanceFlag], [strReservedAttribute]) VALUES (10080943, 10049003, N'Outbreak Human Case – Date of Discharge', 0, NEWID(), NULL, NULL);
INSERT INTO [dbo].[trtStringNameTranslation] ([idfsBaseReference], [idfsLanguage], [strTextString], [intRowStatus], [rowguid], [strMaintenanceFlag], [strReservedAttribute]) VALUES (10080943, 10049004, N'აფეთქების ადამიანის დაავადების შემთხვევა - გაწერის თარიღი', 0, NEWID(), NULL, NULL);
INSERT INTO [dbo].[trtStringNameTranslation] ([idfsBaseReference], [idfsLanguage], [strTextString], [intRowStatus], [rowguid], [strMaintenanceFlag], [strReservedAttribute]) VALUES (10080943, 10049001, N'Alovlanma İnsan Xəstəliyi Hadisəsi - Xəstəxanadan çıxma tarixi', 0, NEWID(), NULL, NULL);
INSERT INTO [dbo].[trtStringNameTranslation] ([idfsBaseReference], [idfsLanguage], [strTextString], [intRowStatus], [rowguid], [strMaintenanceFlag], [strReservedAttribute]) VALUES (10080943, 10049011, N'حالة تفشي المرض البشري - تاريخ الخروج ', 0, NEWID(), NULL, NULL);

INSERT INTO [dbo].[trtStringNameTranslation] ([idfsBaseReference], [idfsLanguage], [strTextString], [intRowStatus], [rowguid], [strMaintenanceFlag], [strReservedAttribute]) VALUES (10080944, 10049003, N'Outbreak Human Case - Antibiotic/Antiviral therapy administered', 0, NEWID(), NULL, NULL);
INSERT INTO [dbo].[trtStringNameTranslation] ([idfsBaseReference], [idfsLanguage], [strTextString], [intRowStatus], [rowguid], [strMaintenanceFlag], [strReservedAttribute]) VALUES (10080944, 10049004, N'აფეთქების ადამიანის დაავადების შემთხვევა - დანიშნულია ანტიბიოტიკი/ანიტივირუსული თერაპია', 0, NEWID(), NULL, NULL);
INSERT INTO [dbo].[trtStringNameTranslation] ([idfsBaseReference], [idfsLanguage], [strTextString], [intRowStatus], [rowguid], [strMaintenanceFlag], [strReservedAttribute]) VALUES (10080944, 10049001, N'Alovlanma İnsan Xəstəliyi Hadisəsi - Antibiotik/Antivirus müalicəsi aparılıb', 0, NEWID(), NULL, NULL);
INSERT INTO [dbo].[trtStringNameTranslation] ([idfsBaseReference], [idfsLanguage], [strTextString], [intRowStatus], [rowguid], [strMaintenanceFlag], [strReservedAttribute]) VALUES (10080944, 10049011, N'حالة تفشي المرض البشري - المضادات الحيوية / العلاج المضاد للفيروسات ', 0, NEWID(), NULL, NULL);

INSERT INTO [dbo].[trtStringNameTranslation] ([idfsBaseReference], [idfsLanguage], [strTextString], [intRowStatus], [rowguid], [strMaintenanceFlag], [strReservedAttribute]) VALUES (10080945, 10049003, N'Outbreak Human Case – Antibiotic/Antiviral Name', 0, NEWID(), NULL, NULL);
INSERT INTO [dbo].[trtStringNameTranslation] ([idfsBaseReference], [idfsLanguage], [strTextString], [intRowStatus], [rowguid], [strMaintenanceFlag], [strReservedAttribute]) VALUES (10080945, 10049004, N'აფეთქების ადამიანის დაავადების შემთხვევა - ანტიბიოტიკის/ანტივირუსული პრეპარატის დასახელება', 0, NEWID(), NULL, NULL);
INSERT INTO [dbo].[trtStringNameTranslation] ([idfsBaseReference], [idfsLanguage], [strTextString], [intRowStatus], [rowguid], [strMaintenanceFlag], [strReservedAttribute]) VALUES (10080945, 10049001, N'Alovlanma İnsan Xəstəliyi Hadisəsi - Antibiotik/Antivirus preparatının adı', 0, NEWID(), NULL, NULL);
INSERT INTO [dbo].[trtStringNameTranslation] ([idfsBaseReference], [idfsLanguage], [strTextString], [intRowStatus], [rowguid], [strMaintenanceFlag], [strReservedAttribute]) VALUES (10080945, 10049011, N'حالة تفشي المرض البشري - اسم مضاد حيوي /  مضاد للفيروسات ', 0, NEWID(), NULL, NULL);

INSERT INTO [dbo].[trtStringNameTranslation] ([idfsBaseReference], [idfsLanguage], [strTextString], [intRowStatus], [rowguid], [strMaintenanceFlag], [strReservedAttribute]) VALUES (10080946, 10049003, N'Outbreak Human Case – Antibiotic/Antiviral Dose', 0, NEWID(), NULL, NULL);
INSERT INTO [dbo].[trtStringNameTranslation] ([idfsBaseReference], [idfsLanguage], [strTextString], [intRowStatus], [rowguid], [strMaintenanceFlag], [strReservedAttribute]) VALUES (10080946, 10049004, N'აფეთქების ადამიანის დაავადების შემთხვევა - ანტიბიოტიკის/ანტივირუსული პრეპარატის დოზა', 0, NEWID(), NULL, NULL);
INSERT INTO [dbo].[trtStringNameTranslation] ([idfsBaseReference], [idfsLanguage], [strTextString], [intRowStatus], [rowguid], [strMaintenanceFlag], [strReservedAttribute]) VALUES (10080946, 10049001, N'Alovlanma İnsan Xəstəliyi Hadisəsi - Antibiotik/Antivirus preparatının dozası', 0, NEWID(), NULL, NULL);
INSERT INTO [dbo].[trtStringNameTranslation] ([idfsBaseReference], [idfsLanguage], [strTextString], [intRowStatus], [rowguid], [strMaintenanceFlag], [strReservedAttribute]) VALUES (10080946, 10049011, N'حالة تفشي المرض البشري - جرعة المضادات الحيوية / مضادات الفيروسات ', 0, NEWID(), NULL, NULL);

INSERT INTO [dbo].[trtStringNameTranslation] ([idfsBaseReference], [idfsLanguage], [strTextString], [intRowStatus], [rowguid], [strMaintenanceFlag], [strReservedAttribute]) VALUES (10080947, 10049003, N'Outbreak Human Case – Date Antibiotic/Antiviral First Administered', 0, NEWID(), NULL, NULL);
INSERT INTO [dbo].[trtStringNameTranslation] ([idfsBaseReference], [idfsLanguage], [strTextString], [intRowStatus], [rowguid], [strMaintenanceFlag], [strReservedAttribute]) VALUES (10080947, 10049004, N'აფეთქების ადამიანის დაავადების შემთხვევა - ანტიბიოტიკის/ანტივირუსული პრეპარატის პირველად დანიშვნის თარიღი', 0, NEWID(), NULL, NULL);
INSERT INTO [dbo].[trtStringNameTranslation] ([idfsBaseReference], [idfsLanguage], [strTextString], [intRowStatus], [rowguid], [strMaintenanceFlag], [strReservedAttribute]) VALUES (10080947, 10049001, N'Alovlanma İnsan Xəstəliyi Hadisəsi - Antibiotik/Antivirus müalicəsinin ilk təyinat tarixi', 0, NEWID(), NULL, NULL);
INSERT INTO [dbo].[trtStringNameTranslation] ([idfsBaseReference], [idfsLanguage], [strTextString], [intRowStatus], [rowguid], [strMaintenanceFlag], [strReservedAttribute]) VALUES (10080947, 10049011, N'حالة تفشي المرض البشري - تاريخ أول وصفة طبية للعلاج بالمضادات الحيوية / مضادات الفيروسات', 0, NEWID(), NULL, NULL);

INSERT INTO [dbo].[trtStringNameTranslation] ([idfsBaseReference], [idfsLanguage], [strTextString], [intRowStatus], [rowguid], [strMaintenanceFlag], [strReservedAttribute]) VALUES (10080948, 10049003, N'Outbreak Human Case – Vaccination administered', 0, NEWID(), NULL, NULL);
INSERT INTO [dbo].[trtStringNameTranslation] ([idfsBaseReference], [idfsLanguage], [strTextString], [intRowStatus], [rowguid], [strMaintenanceFlag], [strReservedAttribute]) VALUES (10080948, 10049004, N'აფეთქების ადამიანის დაავადების შემთხვევა - დაინიშნა ვაქცინაცია', 0, NEWID(), NULL, NULL);
INSERT INTO [dbo].[trtStringNameTranslation] ([idfsBaseReference], [idfsLanguage], [strTextString], [intRowStatus], [rowguid], [strMaintenanceFlag], [strReservedAttribute]) VALUES (10080948, 10049001, N'Alovlanma İnsan Xəstəliyi Hadisəsi - Peyvəndləmə aparılıb', 0, NEWID(), NULL, NULL);
INSERT INTO [dbo].[trtStringNameTranslation] ([idfsBaseReference], [idfsLanguage], [strTextString], [intRowStatus], [rowguid], [strMaintenanceFlag], [strReservedAttribute]) VALUES (10080948, 10049011, N'حالة تفشي المرض البشري - تم إجراء التطعيم', 0, NEWID(), NULL, NULL);

INSERT INTO [dbo].[trtStringNameTranslation] ([idfsBaseReference], [idfsLanguage], [strTextString], [intRowStatus], [rowguid], [strMaintenanceFlag], [strReservedAttribute]) VALUES (10080949, 10049003, N'Outbreak Human Case – Vaccination Name', 0, NEWID(), NULL, NULL);
INSERT INTO [dbo].[trtStringNameTranslation] ([idfsBaseReference], [idfsLanguage], [strTextString], [intRowStatus], [rowguid], [strMaintenanceFlag], [strReservedAttribute]) VALUES (10080949, 10049004, N'აფეთქების ადამიანის დაავადების შემთხვევა - ვაქცინაციის დასახელება', 0, NEWID(), NULL, NULL);
INSERT INTO [dbo].[trtStringNameTranslation] ([idfsBaseReference], [idfsLanguage], [strTextString], [intRowStatus], [rowguid], [strMaintenanceFlag], [strReservedAttribute]) VALUES (10080949, 10049001, N'Alovlanma İnsan Xəstəliyi Hadisəsi - Peyvəndləmənin adı', 0, NEWID(), NULL, NULL);
INSERT INTO [dbo].[trtStringNameTranslation] ([idfsBaseReference], [idfsLanguage], [strTextString], [intRowStatus], [rowguid], [strMaintenanceFlag], [strReservedAttribute]) VALUES (10080949, 10049011, N'حالة تفشي المرض البشري - اسم التطعيم ', 0, NEWID(), NULL, NULL);

INSERT INTO [dbo].[trtStringNameTranslation] ([idfsBaseReference], [idfsLanguage], [strTextString], [intRowStatus], [rowguid], [strMaintenanceFlag], [strReservedAttribute]) VALUES (10080950, 10049003, N'Outbreak Human Case – Date of Vaccination', 0, NEWID(), NULL, NULL);
INSERT INTO [dbo].[trtStringNameTranslation] ([idfsBaseReference], [idfsLanguage], [strTextString], [intRowStatus], [rowguid], [strMaintenanceFlag], [strReservedAttribute]) VALUES (10080950, 10049004, N'აფეთქების ადამიანის დაავადების შემთხვევა - ვაქცინაციის თარიღი', 0, NEWID(), NULL, NULL);
INSERT INTO [dbo].[trtStringNameTranslation] ([idfsBaseReference], [idfsLanguage], [strTextString], [intRowStatus], [rowguid], [strMaintenanceFlag], [strReservedAttribute]) VALUES (10080950, 10049001, N'Alovlanma İnsan Xəstəliyi Hadisəsi - Peyvəndləmə tarixi', 0, NEWID(), NULL, NULL);
INSERT INTO [dbo].[trtStringNameTranslation] ([idfsBaseReference], [idfsLanguage], [strTextString], [intRowStatus], [rowguid], [strMaintenanceFlag], [strReservedAttribute]) VALUES (10080950, 10049011, N'حالة تفشي المرض البشري - تاريخ التطعيم ', 0, NEWID(), NULL, NULL);

INSERT INTO [dbo].[trtStringNameTranslation] ([idfsBaseReference], [idfsLanguage], [strTextString], [intRowStatus], [rowguid], [strMaintenanceFlag], [strReservedAttribute]) VALUES (10080951, 10049003, N'Outbreak Human Case – Symptoms', 0, NEWID(), NULL, NULL);
INSERT INTO [dbo].[trtStringNameTranslation] ([idfsBaseReference], [idfsLanguage], [strTextString], [intRowStatus], [rowguid], [strMaintenanceFlag], [strReservedAttribute]) VALUES (10080951, 10049004, N'აფეთქების ადამიანის დაავადების შემთხვევა - სიმპტომები (მოქნილი ფორმები)', 0, NEWID(), NULL, NULL);
INSERT INTO [dbo].[trtStringNameTranslation] ([idfsBaseReference], [idfsLanguage], [strTextString], [intRowStatus], [rowguid], [strMaintenanceFlag], [strReservedAttribute]) VALUES (10080951, 10049001, N'Alovlanma İnsan Xəstəliyi Hadisəsi - Simptomlar (Əlavə edilən formalar)', 0, NEWID(), NULL, NULL);
INSERT INTO [dbo].[trtStringNameTranslation] ([idfsBaseReference], [idfsLanguage], [strTextString], [intRowStatus], [rowguid], [strMaintenanceFlag], [strReservedAttribute]) VALUES (10080951, 10049011, N'حالة تفشي المرض البشري - الأعراض ( نماذج مرنة )', 0, NEWID(), NULL, NULL);

INSERT INTO [dbo].[trtStringNameTranslation] ([idfsBaseReference], [idfsLanguage], [strTextString], [intRowStatus], [rowguid], [strMaintenanceFlag], [strReservedAttribute]) VALUES (10080952, 10049003, N'Outbreak Human Case – Investigator Organization', 0, NEWID(), NULL, NULL);
INSERT INTO [dbo].[trtStringNameTranslation] ([idfsBaseReference], [idfsLanguage], [strTextString], [intRowStatus], [rowguid], [strMaintenanceFlag], [strReservedAttribute]) VALUES (10080952, 10049004, N'აფეთქების ადამიანის დაავადების შემთხვევა - მკვლევარი ორგანიზაცია', 0, NEWID(), NULL, NULL);
INSERT INTO [dbo].[trtStringNameTranslation] ([idfsBaseReference], [idfsLanguage], [strTextString], [intRowStatus], [rowguid], [strMaintenanceFlag], [strReservedAttribute]) VALUES (10080952, 10049001, N'Alovlanma İnsan Xəstəliyi Hadisəsi - Tədqiqatı aparan təşkilat', 0, NEWID(), NULL, NULL);
INSERT INTO [dbo].[trtStringNameTranslation] ([idfsBaseReference], [idfsLanguage], [strTextString], [intRowStatus], [rowguid], [strMaintenanceFlag], [strReservedAttribute]) VALUES (10080952, 10049011, N'حالة تفشي المرض البشري - باحث المنظمة ', 0, NEWID(), NULL, NULL);

INSERT INTO [dbo].[trtStringNameTranslation] ([idfsBaseReference], [idfsLanguage], [strTextString], [intRowStatus], [rowguid], [strMaintenanceFlag], [strReservedAttribute]) VALUES (10080953, 10049003, N'Outbreak Human Case – Investigator Name', 0, NEWID(), NULL, NULL);
INSERT INTO [dbo].[trtStringNameTranslation] ([idfsBaseReference], [idfsLanguage], [strTextString], [intRowStatus], [rowguid], [strMaintenanceFlag], [strReservedAttribute]) VALUES (10080953, 10049004, N'აფეთქების ადამიანის დაავადების შემთხვევა - მკვლევარის სახელი', 0, NEWID(), NULL, NULL);
INSERT INTO [dbo].[trtStringNameTranslation] ([idfsBaseReference], [idfsLanguage], [strTextString], [intRowStatus], [rowguid], [strMaintenanceFlag], [strReservedAttribute]) VALUES (10080953, 10049001, N'Alovlanma İnsan Xəstəliyi Hadisəsi - Tədqiqatçının adı', 0, NEWID(), NULL, NULL);
INSERT INTO [dbo].[trtStringNameTranslation] ([idfsBaseReference], [idfsLanguage], [strTextString], [intRowStatus], [rowguid], [strMaintenanceFlag], [strReservedAttribute]) VALUES (10080953, 10049011, N'حالة تفشي المرض البشري - اسم الباحث', 0, NEWID(), NULL, NULL);

INSERT INTO [dbo].[trtStringNameTranslation] ([idfsBaseReference], [idfsLanguage], [strTextString], [intRowStatus], [rowguid], [strMaintenanceFlag], [strReservedAttribute]) VALUES (10080954, 10049003, N'Outbreak Human Case – Starting date of investigation', 0, NEWID(), NULL, NULL);
INSERT INTO [dbo].[trtStringNameTranslation] ([idfsBaseReference], [idfsLanguage], [strTextString], [intRowStatus], [rowguid], [strMaintenanceFlag], [strReservedAttribute]) VALUES (10080954, 10049004, N'აფეთქების ადამიანის დაავადების შემთხვევა - გამოკვლევის დაწყების თარიღი', 0, NEWID(), NULL, NULL);
INSERT INTO [dbo].[trtStringNameTranslation] ([idfsBaseReference], [idfsLanguage], [strTextString], [intRowStatus], [rowguid], [strMaintenanceFlag], [strReservedAttribute]) VALUES (10080954, 10049001, N'Alovlanma İnsan Xəstəliyi Hadisəsi - Tədqiqatın başlanma tarixi', 0, NEWID(), NULL, NULL);
INSERT INTO [dbo].[trtStringNameTranslation] ([idfsBaseReference], [idfsLanguage], [strTextString], [intRowStatus], [rowguid], [strMaintenanceFlag], [strReservedAttribute]) VALUES (10080954, 10049011, N'حالة تفشي المرض البشري - تاريخ بدء البحث', 0, NEWID(), NULL, NULL);

INSERT INTO [dbo].[trtStringNameTranslation] ([idfsBaseReference], [idfsLanguage], [strTextString], [intRowStatus], [rowguid], [strMaintenanceFlag], [strReservedAttribute]) VALUES (10080955, 10049003, N'Outbreak Human Case – Primary Case', 0, NEWID(), NULL, NULL);
INSERT INTO [dbo].[trtStringNameTranslation] ([idfsBaseReference], [idfsLanguage], [strTextString], [intRowStatus], [rowguid], [strMaintenanceFlag], [strReservedAttribute]) VALUES (10080955, 10049004, N'აფეთქების ადამიანის დაავადების შემთხვევა - პირველადი  შემთხვევა', 0, NEWID(), NULL, NULL);
INSERT INTO [dbo].[trtStringNameTranslation] ([idfsBaseReference], [idfsLanguage], [strTextString], [intRowStatus], [rowguid], [strMaintenanceFlag], [strReservedAttribute]) VALUES (10080955, 10049001, N'Alovlanma İnsan Xəstəliyi Hadisəsi - İlkin hadisə', 0, NEWID(), NULL, NULL);
INSERT INTO [dbo].[trtStringNameTranslation] ([idfsBaseReference], [idfsLanguage], [strTextString], [intRowStatus], [rowguid], [strMaintenanceFlag], [strReservedAttribute]) VALUES (10080955, 10049011, N'حالة تفشي المرض البشري - الحالة الأولية ', 0, NEWID(), NULL, NULL);

INSERT INTO [dbo].[trtStringNameTranslation] ([idfsBaseReference], [idfsLanguage], [strTextString], [intRowStatus], [rowguid], [strMaintenanceFlag], [strReservedAttribute]) VALUES (10080956, 10049003, N'Outbreak Human Case – Case Questionnaire (Flexible forms)', 0, NEWID(), NULL, NULL);
INSERT INTO [dbo].[trtStringNameTranslation] ([idfsBaseReference], [idfsLanguage], [strTextString], [intRowStatus], [rowguid], [strMaintenanceFlag], [strReservedAttribute]) VALUES (10080956, 10049004, N'აფეთქების ადამიანის დაავადების შემთხვევა - შემთხვევის კითხვარი (მოქნილი ფორმები)', 0, NEWID(), NULL, NULL);
INSERT INTO [dbo].[trtStringNameTranslation] ([idfsBaseReference], [idfsLanguage], [strTextString], [intRowStatus], [rowguid], [strMaintenanceFlag], [strReservedAttribute]) VALUES (10080956, 10049001, N'Alovlanma İnsan Xəstəliyi Hadisəsi - Hadisə üzrə sorğu vərəqəsi (Əlavə formalar)', 0, NEWID(), NULL, NULL);
INSERT INTO [dbo].[trtStringNameTranslation] ([idfsBaseReference], [idfsLanguage], [strTextString], [intRowStatus], [rowguid], [strMaintenanceFlag], [strReservedAttribute]) VALUES (10080956, 10049011, N'حالة تفشي المرض البشري - استبيان الحالة ( نماذج مرنة )', 0, NEWID(), NULL, NULL);

INSERT INTO [dbo].[trtStringNameTranslation] ([idfsBaseReference], [idfsLanguage], [strTextString], [intRowStatus], [rowguid], [strMaintenanceFlag], [strReservedAttribute]) VALUES (10080957, 10049003, N'Outbreak Human Case – Case Monitoring (Flexible forms)', 0, NEWID(), NULL, NULL);
INSERT INTO [dbo].[trtStringNameTranslation] ([idfsBaseReference], [idfsLanguage], [strTextString], [intRowStatus], [rowguid], [strMaintenanceFlag], [strReservedAttribute]) VALUES (10080957, 10049004, N'აფეთქების ადამიანის დაავადების შემთხვევა - შემთხვევის მონიტორინგი (მოქნილი ფორმები)', 0, NEWID(), NULL, NULL);
INSERT INTO [dbo].[trtStringNameTranslation] ([idfsBaseReference], [idfsLanguage], [strTextString], [intRowStatus], [rowguid], [strMaintenanceFlag], [strReservedAttribute]) VALUES (10080957, 10049001, N'Alovlanma İnsan Xəstəliyi Hadisəsi - Hadisənin monitorinqi (Əlavə formalar)', 0, NEWID(), NULL, NULL);
INSERT INTO [dbo].[trtStringNameTranslation] ([idfsBaseReference], [idfsLanguage], [strTextString], [intRowStatus], [rowguid], [strMaintenanceFlag], [strReservedAttribute]) VALUES (10080957, 10049011, N' حالة تفشي المرض البشري - مراقبة الحالة ( نماذج مرنة )', 0, NEWID(), NULL, NULL);

INSERT INTO [dbo].[trtStringNameTranslation] ([idfsBaseReference], [idfsLanguage], [strTextString], [intRowStatus], [rowguid], [strMaintenanceFlag], [strReservedAttribute]) VALUES (10080958, 10049003, N'Outbreak Human Case – Number of Contacts (sum of the total records in the contacts grid)', 0, NEWID(), NULL, NULL);
INSERT INTO [dbo].[trtStringNameTranslation] ([idfsBaseReference], [idfsLanguage], [strTextString], [intRowStatus], [rowguid], [strMaintenanceFlag], [strReservedAttribute]) VALUES (10080958, 10049004, N'აფეთქების ადამიანის დაავადების შემთხვევა - კონტაქტების რაოდენობა ( საერთო ჩანაწერების ჯამი კონტაქტების ცხრილში)', 0, NEWID(), NULL, NULL);
INSERT INTO [dbo].[trtStringNameTranslation] ([idfsBaseReference], [idfsLanguage], [strTextString], [intRowStatus], [rowguid], [strMaintenanceFlag], [strReservedAttribute]) VALUES (10080958, 10049001, N'Alovlanma İnsan Xəstəliyi Hadisəsi - Təmasda olan şəxslərin sayı (Təmaslar cədvəlində yazıların ümumi sayı)', 0, NEWID(), NULL, NULL);
INSERT INTO [dbo].[trtStringNameTranslation] ([idfsBaseReference], [idfsLanguage], [strTextString], [intRowStatus], [rowguid], [strMaintenanceFlag], [strReservedAttribute]) VALUES (10080958, 10049011, N'حالة تفشي المرض البشري - عدد جهات الاتصال ( مجموع إجمالي السجلات في شبكة جهات الاتصال) ', 0, NEWID(), NULL, NULL);

INSERT INTO [dbo].[trtStringNameTranslation] ([idfsBaseReference], [idfsLanguage], [strTextString], [intRowStatus], [rowguid], [strMaintenanceFlag], [strReservedAttribute]) VALUES (10080959, 10049003, N'Outbreak Human Case – Samples Collected', 0, NEWID(), NULL, NULL);
INSERT INTO [dbo].[trtStringNameTranslation] ([idfsBaseReference], [idfsLanguage], [strTextString], [intRowStatus], [rowguid], [strMaintenanceFlag], [strReservedAttribute]) VALUES (10080959, 10049004, N'აფეთქების ადამიანის დაავადების შემთხვევა - აღებული ნიმუშები', 0, NEWID(), NULL, NULL);
INSERT INTO [dbo].[trtStringNameTranslation] ([idfsBaseReference], [idfsLanguage], [strTextString], [intRowStatus], [rowguid], [strMaintenanceFlag], [strReservedAttribute]) VALUES (10080959, 10049001, N'Alovlanma İnsan Xəstəliyi Hadisəsi - Toplanmış nümunələr', 0, NEWID(), NULL, NULL);
INSERT INTO [dbo].[trtStringNameTranslation] ([idfsBaseReference], [idfsLanguage], [strTextString], [intRowStatus], [rowguid], [strMaintenanceFlag], [strReservedAttribute]) VALUES (10080959, 10049011, N'حالة تفشي المرض البشري - العينات المُجمعة ', 0, NEWID(), NULL, NULL);

INSERT INTO [dbo].[trtStringNameTranslation] ([idfsBaseReference], [idfsLanguage], [strTextString], [intRowStatus], [rowguid], [strMaintenanceFlag], [strReservedAttribute]) VALUES (10080960, 10049003, N'Outbreak Human Case – Reason No Sample Collected', 0, NEWID(), NULL, NULL);
INSERT INTO [dbo].[trtStringNameTranslation] ([idfsBaseReference], [idfsLanguage], [strTextString], [intRowStatus], [rowguid], [strMaintenanceFlag], [strReservedAttribute]) VALUES (10080960, 10049004, N'აფეთქების ადამიანის დაავადების შემთხვევა - მიზეზი, თუ რატომ არ მოხდა ნიმუშის აღება', 0, NEWID(), NULL, NULL);
INSERT INTO [dbo].[trtStringNameTranslation] ([idfsBaseReference], [idfsLanguage], [strTextString], [intRowStatus], [rowguid], [strMaintenanceFlag], [strReservedAttribute]) VALUES (10080960, 10049001, N'Alovlanma İnsan Xəstəliyi Hadisəsi - Nümunə toplanmamasının səbəbi', 0, NEWID(), NULL, NULL);
INSERT INTO [dbo].[trtStringNameTranslation] ([idfsBaseReference], [idfsLanguage], [strTextString], [intRowStatus], [rowguid], [strMaintenanceFlag], [strReservedAttribute]) VALUES (10080960, 10049011, N'حالة تفشي المرض البشري - سبب عدم جمع العينات ', 0, NEWID(), NULL, NULL);

INSERT INTO [dbo].[tasSearchField] ([idfsSearchField], [idfsSearchFieldType], [idfsSearchObject], [idfsReferenceType], [idfsGISReferenceType], [strSearchFieldAlias], [strLookupTable], [intMapDisplayOrder], [intIncidenceDisplayOrder], [blnGeoLocationString], [strCalculatedFieldText], [rowguid], [intRowStatus], [idfsDefaultAggregateFunction], [blnShortAddressString], [strLookupFunction], [strLookupFunctionIdField], [strLookupFunctionNameField], [strLookupAttribute], [blnAllowMissedReferenceValues], [strReservedAttribute]) VALUES (10080919, 10081007, 10082057, NULL, NULL, 'sflHC_OutbreakID', null, NULL, NULL, NULL, NULL, NEWID(), 0, 10004020, 0, NULL, NULL, NULL, NULL, 0, NULL);
INSERT INTO [dbo].[tasSearchField] ([idfsSearchField], [idfsSearchFieldType], [idfsSearchObject], [idfsReferenceType], [idfsGISReferenceType], [strSearchFieldAlias], [strLookupTable], [intMapDisplayOrder], [intIncidenceDisplayOrder], [blnGeoLocationString], [strCalculatedFieldText], [rowguid], [intRowStatus], [idfsDefaultAggregateFunction], [blnShortAddressString], [strLookupFunction], [strLookupFunctionIdField], [strLookupFunctionNameField], [strLookupAttribute], [blnAllowMissedReferenceValues], [strReservedAttribute]) VALUES (10080920, 10081007, 10082057, 19000513, NULL, 'sflOS_Type', 'OutbreakType', NULL, NULL, NULL, NULL, NEWID(), 0, 10004003, 0, NULL, NULL, NULL, 'name', 1, NULL);
INSERT INTO [dbo].[tasSearchField] ([idfsSearchField], [idfsSearchFieldType], [idfsSearchObject], [idfsReferenceType], [idfsGISReferenceType], [strSearchFieldAlias], [strLookupTable], [intMapDisplayOrder], [intIncidenceDisplayOrder], [blnGeoLocationString], [strCalculatedFieldText], [rowguid], [intRowStatus], [idfsDefaultAggregateFunction], [blnShortAddressString], [strLookupFunction], [strLookupFunctionIdField], [strLookupFunctionNameField], [strLookupAttribute], [blnAllowMissedReferenceValues], [strReservedAttribute]) VALUES (10080921, 10081007, 10082057, NULL, NULL, 'sflOutbreak_ID', NULL, NULL, NULL, NULL, NULL, NEWID(), 0, 10004020, 0, NULL, NULL, NULL, NULL, 0, NULL);
INSERT INTO [dbo].[tasSearchField] ([idfsSearchField], [idfsSearchFieldType], [idfsSearchObject], [idfsReferenceType], [idfsGISReferenceType], [strSearchFieldAlias], [strLookupTable], [intMapDisplayOrder], [intIncidenceDisplayOrder], [blnGeoLocationString], [strCalculatedFieldText], [rowguid], [intRowStatus], [idfsDefaultAggregateFunction], [blnShortAddressString], [strLookupFunction], [strLookupFunctionIdField], [strLookupFunctionNameField], [strLookupAttribute], [blnAllowMissedReferenceValues], [strReservedAttribute]) VALUES (10080922, 10081007, 10082057, NULL, NULL, 'sflHASST_PersonID', NULL, NULL, NULL, NULL, NULL, NEWID(), 0, 10004003, 0, NULL, NULL, NULL, NULL, 0, NULL);
INSERT INTO [dbo].[tasSearchField] ([idfsSearchField], [idfsSearchFieldType], [idfsSearchObject], [idfsReferenceType], [idfsGISReferenceType], [strSearchFieldAlias], [strLookupTable], [intMapDisplayOrder], [intIncidenceDisplayOrder], [blnGeoLocationString], [strCalculatedFieldText], [rowguid], [intRowStatus], [idfsDefaultAggregateFunction], [blnShortAddressString], [strLookupFunction], [strLookupFunctionIdField], [strLookupFunctionNameField], [strLookupAttribute], [blnAllowMissedReferenceValues], [strReservedAttribute]) VALUES (10080923, 10081007, 10082057, 19000043, NULL, 'sflHC_PatientSex', 'rftHumanGender', NULL, NULL, NULL, NULL, NEWID(), 0, 10004003, 0, NULL, NULL, NULL, 'name', 0, NULL);
INSERT INTO [dbo].[tasSearchField] ([idfsSearchField], [idfsSearchFieldType], [idfsSearchObject], [idfsReferenceType], [idfsGISReferenceType], [strSearchFieldAlias], [strLookupTable], [intMapDisplayOrder], [intIncidenceDisplayOrder], [blnGeoLocationString], [strCalculatedFieldText], [rowguid], [intRowStatus], [idfsDefaultAggregateFunction], [blnShortAddressString], [strLookupFunction], [strLookupFunctionIdField], [strLookupFunctionNameField], [strLookupAttribute], [blnAllowMissedReferenceValues], [strReservedAttribute]) VALUES (10080924, 10081002, 10082057, NULL, NULL, 'sflHC_PatientDOB', NULL, NULL, NULL, NULL, NULL, NEWID(), 0, 10004003, 0, NULL, NULL, NULL, NULL, 1, NULL);
INSERT INTO [dbo].[tasSearchField] ([idfsSearchField], [idfsSearchFieldType], [idfsSearchObject], [idfsReferenceType], [idfsGISReferenceType], [strSearchFieldAlias], [strLookupTable], [intMapDisplayOrder], [intIncidenceDisplayOrder], [blnGeoLocationString], [strCalculatedFieldText], [rowguid], [intRowStatus], [idfsDefaultAggregateFunction], [blnShortAddressString], [strLookupFunction], [strLookupFunctionIdField], [strLookupFunctionNameField], [strLookupAttribute], [blnAllowMissedReferenceValues], [strReservedAttribute]) VALUES (10080925, 10081006, 10082057, NULL, NULL, 'sflZD_PatientAge', NULL, NULL, NULL, 0, NULL, NEWID(), 0, 10004001, 0, NULL, NULL, NULL, NULL, 0, NULL);
INSERT INTO [dbo].[tasSearchField] ([idfsSearchField], [idfsSearchFieldType], [idfsSearchObject], [idfsReferenceType], [idfsGISReferenceType], [strSearchFieldAlias], [strLookupTable], [intMapDisplayOrder], [intIncidenceDisplayOrder], [blnGeoLocationString], [strCalculatedFieldText], [rowguid], [intRowStatus], [idfsDefaultAggregateFunction], [blnShortAddressString], [strLookupFunction], [strLookupFunctionIdField], [strLookupFunctionNameField], [strLookupAttribute], [blnAllowMissedReferenceValues], [strReservedAttribute]) VALUES (10080926, 10081002, 10082057, NULL, NULL, 'sflHASS_EnteredDate', NULL, NULL, NULL, 0, NULL, NEWID(), 0, 10004003, 0, NULL, NULL, NULL, NULL, 0, NULL);
INSERT INTO [dbo].[tasSearchField] ([idfsSearchField], [idfsSearchFieldType], [idfsSearchObject], [idfsReferenceType], [idfsGISReferenceType], [strSearchFieldAlias], [strLookupTable], [intMapDisplayOrder], [intIncidenceDisplayOrder], [blnGeoLocationString], [strCalculatedFieldText], [rowguid], [intRowStatus], [idfsDefaultAggregateFunction], [blnShortAddressString], [strLookupFunction], [strLookupFunctionIdField], [strLookupFunctionNameField], [strLookupAttribute], [blnAllowMissedReferenceValues], [strReservedAttribute]) VALUES (10080927, 10081007, 10082057, 19000063, NULL, 'sflOutbreak_Status', 'rftOutbreakStatus', NULL, NULL, NULL, NULL, NEWID(), 0, 10004003, 0, NULL, NULL, NULL, 'name', 1, NULL);
INSERT INTO [dbo].[tasSearchField] ([idfsSearchField], [idfsSearchFieldType], [idfsSearchObject], [idfsReferenceType], [idfsGISReferenceType], [strSearchFieldAlias], [strLookupTable], [intMapDisplayOrder], [intIncidenceDisplayOrder], [blnGeoLocationString], [strCalculatedFieldText], [rowguid], [intRowStatus], [idfsDefaultAggregateFunction], [blnShortAddressString], [strLookupFunction], [strLookupFunctionIdField], [strLookupFunctionNameField], [strLookupAttribute], [blnAllowMissedReferenceValues], [strReservedAttribute]) VALUES (10080928, 10081007, 10082057, NULL, 19000003, 'sflOutbreak_LocationRegion', 'Region', 180, 80, NULL, NULL, NEWID(), 0, 10004003, 0, NULL, NULL, NULL, 'strRegionExtendedName', 1, NULL);
INSERT INTO [dbo].[tasSearchField] ([idfsSearchField], [idfsSearchFieldType], [idfsSearchObject], [idfsReferenceType], [idfsGISReferenceType], [strSearchFieldAlias], [strLookupTable], [intMapDisplayOrder], [intIncidenceDisplayOrder], [blnGeoLocationString], [strCalculatedFieldText], [rowguid], [intRowStatus], [idfsDefaultAggregateFunction], [blnShortAddressString], [strLookupFunction], [strLookupFunctionIdField], [strLookupFunctionNameField], [strLookupAttribute], [blnAllowMissedReferenceValues], [strReservedAttribute]) VALUES (10080929, 10081007, 10082057, NULL, 19000002, 'sflOutbreak_LocationRayon', 'Rayon', 120, 40, NULL, NULL, NEWID(), 0, 10004003, 0, NULL, NULL, NULL, 'strRayonExtendedName', 1, NULL);
INSERT INTO [dbo].[tasSearchField] ([idfsSearchField], [idfsSearchFieldType], [idfsSearchObject], [idfsReferenceType], [idfsGISReferenceType], [strSearchFieldAlias], [strLookupTable], [intMapDisplayOrder], [intIncidenceDisplayOrder], [blnGeoLocationString], [strCalculatedFieldText], [rowguid], [intRowStatus], [idfsDefaultAggregateFunction], [blnShortAddressString], [strLookupFunction], [strLookupFunctionIdField], [strLookupFunctionNameField], [strLookupAttribute], [blnAllowMissedReferenceValues], [strReservedAttribute]) VALUES (10080930, 10081007, 10082057, NULL, 19000004, 'sflOS_Settlement', 'Settlement', 1001, 1001, NULL, NULL, NEWID(), 0, 10004003, 0, NULL, NULL, NULL, 'strSettlementExtendedName', 1, NULL);
INSERT INTO [dbo].[tasSearchField] ([idfsSearchField], [idfsSearchFieldType], [idfsSearchObject], [idfsReferenceType], [idfsGISReferenceType], [strSearchFieldAlias], [strLookupTable], [intMapDisplayOrder], [intIncidenceDisplayOrder], [blnGeoLocationString], [strCalculatedFieldText], [rowguid], [intRowStatus], [idfsDefaultAggregateFunction], [blnShortAddressString], [strLookupFunction], [strLookupFunctionIdField], [strLookupFunctionNameField], [strLookupAttribute], [blnAllowMissedReferenceValues], [strReservedAttribute]) VALUES (10080931, 10081004, 10082057, NULL, NULL, 'sflHC_LocationLatitude', NULL, NULL, NULL, 0, NULL, NEWID(), 0, 10004003, 0, NULL, NULL, NULL, NULL, 0, NULL);
INSERT INTO [dbo].[tasSearchField] ([idfsSearchField], [idfsSearchFieldType], [idfsSearchObject], [idfsReferenceType], [idfsGISReferenceType], [strSearchFieldAlias], [strLookupTable], [intMapDisplayOrder], [intIncidenceDisplayOrder], [blnGeoLocationString], [strCalculatedFieldText], [rowguid], [intRowStatus], [idfsDefaultAggregateFunction], [blnShortAddressString], [strLookupFunction], [strLookupFunctionIdField], [strLookupFunctionNameField], [strLookupAttribute], [blnAllowMissedReferenceValues], [strReservedAttribute]) VALUES (10080932, 10081004, 10082057, NULL, NULL, 'sflHC_LocationLongitude', NULL, NULL, NULL, 0, NULL, NEWID(), 0, 10004003, 0, NULL, NULL, NULL, NULL, 0, NULL);
INSERT INTO [dbo].[tasSearchField] ([idfsSearchField], [idfsSearchFieldType], [idfsSearchObject], [idfsReferenceType], [idfsGISReferenceType], [strSearchFieldAlias], [strLookupTable], [intMapDisplayOrder], [intIncidenceDisplayOrder], [blnGeoLocationString], [strCalculatedFieldText], [rowguid], [intRowStatus], [idfsDefaultAggregateFunction], [blnShortAddressString], [strLookupFunction], [strLookupFunctionIdField], [strLookupFunctionNameField], [strLookupAttribute], [blnAllowMissedReferenceValues], [strReservedAttribute]) VALUES (10080933, 10081007, 10082057, NULL, NULL, 'sflHASS_Diseases', NULL, NULL, NULL, NULL, 'cast((   select  distinct ASSessionDiagnosis.[name] + ''; ''    from  tlbMonitoringSessionToDiagnosis SessionToDiagnosesString   inner join fnReferenceRepair(@LangID, 19000019) ASSessionDiagnosis on   ASSessionDiagnosis.idfsReference = SessionToDiagnosesString.idfsDiagnosis   where  SessionToDiagnosesString.idfMonitoringSession = {5}      and SessionToDiagnosesString.intRowStatus = 0   order by ASSessionDiagnosis.[name] + ''; ''    for xml path('''')     ) as nvarchar(max)) as [sflHASS_Diseases] ', NEWID(), 0, 10004003, 0, NULL, NULL, NULL, NULL, 0, NULL);
INSERT INTO [dbo].[tasSearchField] ([idfsSearchField], [idfsSearchFieldType], [idfsSearchObject], [idfsReferenceType], [idfsGISReferenceType], [strSearchFieldAlias], [strLookupTable], [intMapDisplayOrder], [intIncidenceDisplayOrder], [blnGeoLocationString], [strCalculatedFieldText], [rowguid], [intRowStatus], [idfsDefaultAggregateFunction], [blnShortAddressString], [strLookupFunction], [strLookupFunctionIdField], [strLookupFunctionNameField], [strLookupAttribute], [blnAllowMissedReferenceValues], [strReservedAttribute]) VALUES (10080934, 10081002, 10082057, NULL, NULL, 'sflHC_DiagnosisDate', NULL, NULL, NULL, NULL, NULL, NEWID(), 0, 10004003, 0, NULL, NULL, NULL, NULL, 1, NULL);
INSERT INTO [dbo].[tasSearchField] ([idfsSearchField], [idfsSearchFieldType], [idfsSearchObject], [idfsReferenceType], [idfsGISReferenceType], [strSearchFieldAlias], [strLookupTable], [intMapDisplayOrder], [intIncidenceDisplayOrder], [blnGeoLocationString], [strCalculatedFieldText], [rowguid], [intRowStatus], [idfsDefaultAggregateFunction], [blnShortAddressString], [strLookupFunction], [strLookupFunctionIdField], [strLookupFunctionNameField], [strLookupAttribute], [blnAllowMissedReferenceValues], [strReservedAttribute]) VALUES (10080935, 10081002, 10082057, NULL, NULL, 'sflBss_DateOfSymptomsOnset', NULL, NULL, NULL, 0, NULL, NEWID(), 0, 10004003, 0, NULL, NULL, NULL, NULL, 1, NULL);
INSERT INTO [dbo].[tasSearchField] ([idfsSearchField], [idfsSearchFieldType], [idfsSearchObject], [idfsReferenceType], [idfsGISReferenceType], [strSearchFieldAlias], [strLookupTable], [intMapDisplayOrder], [intIncidenceDisplayOrder], [blnGeoLocationString], [strCalculatedFieldText], [rowguid], [intRowStatus], [idfsDefaultAggregateFunction], [blnShortAddressString], [strLookupFunction], [strLookupFunctionIdField], [strLookupFunctionNameField], [strLookupAttribute], [blnAllowMissedReferenceValues], [strReservedAttribute]) VALUES (10080936, 10081007, 10082057, 19000011, NULL, 'sflZD_CaseClassification', 'rftCaseClassification', NULL, NULL, 0, NULL, NEWID(), 0, 10004003, 0, NULL, NULL, NULL, 'name', 1, NULL);
INSERT INTO [dbo].[tasSearchField] ([idfsSearchField], [idfsSearchFieldType], [idfsSearchObject], [idfsReferenceType], [idfsGISReferenceType], [strSearchFieldAlias], [strLookupTable], [intMapDisplayOrder], [intIncidenceDisplayOrder], [blnGeoLocationString], [strCalculatedFieldText], [rowguid], [intRowStatus], [idfsDefaultAggregateFunction], [blnShortAddressString], [strLookupFunction], [strLookupFunctionIdField], [strLookupFunctionNameField], [strLookupAttribute], [blnAllowMissedReferenceValues], [strReservedAttribute]) VALUES (10080937, 10081002, 10082057, NULL, NULL, 'sflHC_EnteredDate', NULL, NULL, NULL, NULL, NULL, NEWID(), 0, 10004003, 0, NULL, NULL, NULL, NULL, 1, NULL);
INSERT INTO [dbo].[tasSearchField] ([idfsSearchField], [idfsSearchFieldType], [idfsSearchObject], [idfsReferenceType], [idfsGISReferenceType], [strSearchFieldAlias], [strLookupTable], [intMapDisplayOrder], [intIncidenceDisplayOrder], [blnGeoLocationString], [strCalculatedFieldText], [rowguid], [intRowStatus], [idfsDefaultAggregateFunction], [blnShortAddressString], [strLookupFunction], [strLookupFunctionIdField], [strLookupFunctionNameField], [strLookupAttribute], [blnAllowMissedReferenceValues], [strReservedAttribute]) VALUES (10080938, 10081007, 10082057, 19000046, NULL, 'sflHC_SentByOffice', 'Organization', NULL, NULL, NULL, NULL, NEWID(), 0, 10004003, 0, NULL, NULL, NULL, 'FullName', 1, NULL);
INSERT INTO [dbo].[tasSearchField] ([idfsSearchField], [idfsSearchFieldType], [idfsSearchObject], [idfsReferenceType], [idfsGISReferenceType], [strSearchFieldAlias], [strLookupTable], [intMapDisplayOrder], [intIncidenceDisplayOrder], [blnGeoLocationString], [strCalculatedFieldText], [rowguid], [intRowStatus], [idfsDefaultAggregateFunction], [blnShortAddressString], [strLookupFunction], [strLookupFunctionIdField], [strLookupFunctionNameField], [strLookupAttribute], [blnAllowMissedReferenceValues], [strReservedAttribute]) VALUES (10080939, 10081007, 10082057, 19000046, NULL, 'sflHC_ReceivedByOffice', 'Organization', NULL, NULL, NULL, NULL, NEWID(), 0, 10004003, 0, NULL, NULL, NULL, 'FullName', 1, NULL);
INSERT INTO [dbo].[tasSearchField] ([idfsSearchField], [idfsSearchFieldType], [idfsSearchObject], [idfsReferenceType], [idfsGISReferenceType], [strSearchFieldAlias], [strLookupTable], [intMapDisplayOrder], [intIncidenceDisplayOrder], [blnGeoLocationString], [strCalculatedFieldText], [rowguid], [intRowStatus], [idfsDefaultAggregateFunction], [blnShortAddressString], [strLookupFunction], [strLookupFunctionIdField], [strLookupFunctionNameField], [strLookupAttribute], [blnAllowMissedReferenceValues], [strReservedAttribute]) VALUES (10080940, 10081007, 10082057, 19000100, NULL, 'sflHC_Hospitalization', 'rftYesNoValue', NULL, NULL, NULL, NULL, NEWID(), 0, 10004003, 0, NULL, NULL, NULL, 'name', 1, NULL);
INSERT INTO [dbo].[tasSearchField] ([idfsSearchField], [idfsSearchFieldType], [idfsSearchObject], [idfsReferenceType], [idfsGISReferenceType], [strSearchFieldAlias], [strLookupTable], [intMapDisplayOrder], [intIncidenceDisplayOrder], [blnGeoLocationString], [strCalculatedFieldText], [rowguid], [intRowStatus], [idfsDefaultAggregateFunction], [blnShortAddressString], [strLookupFunction], [strLookupFunctionIdField], [strLookupFunctionNameField], [strLookupAttribute], [blnAllowMissedReferenceValues], [strReservedAttribute]) VALUES (10080941, 10081007, 10082057, 19000045, NULL, 'sflBss_NameOfHospital', 'Organization', NULL, NULL, 0, NULL, NEWID(), 0, 10004003, 0, NULL, NULL, NULL, 'name', 1, NULL);
INSERT INTO [dbo].[tasSearchField] ([idfsSearchField], [idfsSearchFieldType], [idfsSearchObject], [idfsReferenceType], [idfsGISReferenceType], [strSearchFieldAlias], [strLookupTable], [intMapDisplayOrder], [intIncidenceDisplayOrder], [blnGeoLocationString], [strCalculatedFieldText], [rowguid], [intRowStatus], [idfsDefaultAggregateFunction], [blnShortAddressString], [strLookupFunction], [strLookupFunctionIdField], [strLookupFunctionNameField], [strLookupAttribute], [blnAllowMissedReferenceValues], [strReservedAttribute]) VALUES (10080942, 10081002, 10082057, NULL, NULL, 'sflZD_PatientHospitalizationDate', NULL, NULL, NULL, 0, NULL, NEWID(), 0, 10004003, 0, NULL, NULL, NULL, NULL, 1, NULL);
INSERT INTO [dbo].[tasSearchField] ([idfsSearchField], [idfsSearchFieldType], [idfsSearchObject], [idfsReferenceType], [idfsGISReferenceType], [strSearchFieldAlias], [strLookupTable], [intMapDisplayOrder], [intIncidenceDisplayOrder], [blnGeoLocationString], [strCalculatedFieldText], [rowguid], [intRowStatus], [idfsDefaultAggregateFunction], [blnShortAddressString], [strLookupFunction], [strLookupFunctionIdField], [strLookupFunctionNameField], [strLookupAttribute], [blnAllowMissedReferenceValues], [strReservedAttribute]) VALUES (10080943, 10081002, 10082057, NULL, NULL, 'sflHC_PatientDischargeDate', NULL, NULL, NULL, NULL, NULL, NEWID(), 0, 10004003, 0, NULL, NULL, NULL, NULL, 1, NULL);
INSERT INTO [dbo].[tasSearchField] ([idfsSearchField], [idfsSearchFieldType], [idfsSearchObject], [idfsReferenceType], [idfsGISReferenceType], [strSearchFieldAlias], [strLookupTable], [intMapDisplayOrder], [intIncidenceDisplayOrder], [blnGeoLocationString], [strCalculatedFieldText], [rowguid], [intRowStatus], [idfsDefaultAggregateFunction], [blnShortAddressString], [strLookupFunction], [strLookupFunctionIdField], [strLookupFunctionNameField], [strLookupAttribute], [blnAllowMissedReferenceValues], [strReservedAttribute]) VALUES (10080944, 10081007, 10082057, 19000100, NULL, 'sflBss_AdminAntiviralMedication', 'rftYesNoValue', NULL, NULL, 0, NULL, NEWID(), 0, 10004003, 0, NULL, NULL, NULL, 'name', 1, NULL);
INSERT INTO [dbo].[tasSearchField] ([idfsSearchField], [idfsSearchFieldType], [idfsSearchObject], [idfsReferenceType], [idfsGISReferenceType], [strSearchFieldAlias], [strLookupTable], [intMapDisplayOrder], [intIncidenceDisplayOrder], [blnGeoLocationString], [strCalculatedFieldText], [rowguid], [intRowStatus], [idfsDefaultAggregateFunction], [blnShortAddressString], [strLookupFunction], [strLookupFunctionIdField], [strLookupFunctionNameField], [strLookupAttribute], [blnAllowMissedReferenceValues], [strReservedAttribute]) VALUES (10080945, 10081007, 10082057, NULL, NULL, 'sflBss_NameOfMedication', NULL, NULL, NULL, 0, NULL, NEWID(), 0, 10004003, 0, NULL, NULL, NULL, NULL, 0, NULL);
INSERT INTO [dbo].[tasSearchField] ([idfsSearchField], [idfsSearchFieldType], [idfsSearchObject], [idfsReferenceType], [idfsGISReferenceType], [strSearchFieldAlias], [strLookupTable], [intMapDisplayOrder], [intIncidenceDisplayOrder], [blnGeoLocationString], [strCalculatedFieldText], [rowguid], [intRowStatus], [idfsDefaultAggregateFunction], [blnShortAddressString], [strLookupFunction], [strLookupFunctionIdField], [strLookupFunctionNameField], [strLookupAttribute], [blnAllowMissedReferenceValues], [strReservedAttribute]) VALUES (10080946, 10081007, 10082057, NULL, NULL, 'sflHCAntibiotic_Dose', NULL, NULL, NULL, NULL, NULL, NEWID(), 0, 10004003, 0, NULL, NULL, NULL, NULL, 0, NULL);
INSERT INTO [dbo].[tasSearchField] ([idfsSearchField], [idfsSearchFieldType], [idfsSearchObject], [idfsReferenceType], [idfsGISReferenceType], [strSearchFieldAlias], [strLookupTable], [intMapDisplayOrder], [intIncidenceDisplayOrder], [blnGeoLocationString], [strCalculatedFieldText], [rowguid], [intRowStatus], [idfsDefaultAggregateFunction], [blnShortAddressString], [strLookupFunction], [strLookupFunctionIdField], [strLookupFunctionNameField], [strLookupAttribute], [blnAllowMissedReferenceValues], [strReservedAttribute]) VALUES (10080947, 10081002, 10082057, NULL, NULL, 'sflHCAntibiotic_AdministratedDate', NULL, NULL, NULL, NULL, NULL, NEWID(), 0, 10004003, 0, NULL, NULL, NULL, NULL, 1, NULL);
INSERT INTO [dbo].[tasSearchField] ([idfsSearchField], [idfsSearchFieldType], [idfsSearchObject], [idfsReferenceType], [idfsGISReferenceType], [strSearchFieldAlias], [strLookupTable], [intMapDisplayOrder], [intIncidenceDisplayOrder], [blnGeoLocationString], [strCalculatedFieldText], [rowguid], [intRowStatus], [idfsDefaultAggregateFunction], [blnShortAddressString], [strLookupFunction], [strLookupFunctionIdField], [strLookupFunctionNameField], [strLookupAttribute], [blnAllowMissedReferenceValues], [strReservedAttribute]) VALUES (10080948, 10081007, 10082057, 19000100, NULL, 'sflBss_SeasonalFluVaccine', 'rftYesNoValue', NULL, NULL, 0, NULL, NEWID(), 0, 10004003, 0, NULL, NULL, NULL, 'name', 1, NULL);
INSERT INTO [dbo].[tasSearchField] ([idfsSearchField], [idfsSearchFieldType], [idfsSearchObject], [idfsReferenceType], [idfsGISReferenceType], [strSearchFieldAlias], [strLookupTable], [intMapDisplayOrder], [intIncidenceDisplayOrder], [blnGeoLocationString], [strCalculatedFieldText], [rowguid], [intRowStatus], [idfsDefaultAggregateFunction], [blnShortAddressString], [strLookupFunction], [strLookupFunctionIdField], [strLookupFunctionNameField], [strLookupAttribute], [blnAllowMissedReferenceValues], [strReservedAttribute]) VALUES (10080949, 10081007, 10082057, NULL, NULL, 'sflVCVaccination_Comments', NULL, NULL, NULL, NULL, NULL, NEWID(), 0, 10004003, 0, NULL, NULL, NULL, NULL, 0, NULL);
INSERT INTO [dbo].[tasSearchField] ([idfsSearchField], [idfsSearchFieldType], [idfsSearchObject], [idfsReferenceType], [idfsGISReferenceType], [strSearchFieldAlias], [strLookupTable], [intMapDisplayOrder], [intIncidenceDisplayOrder], [blnGeoLocationString], [strCalculatedFieldText], [rowguid], [intRowStatus], [idfsDefaultAggregateFunction], [blnShortAddressString], [strLookupFunction], [strLookupFunctionIdField], [strLookupFunctionNameField], [strLookupAttribute], [blnAllowMissedReferenceValues], [strReservedAttribute]) VALUES (10080950, 10081002, 10082057, NULL, NULL, 'sflVCVaccination_Date', NULL, NULL, NULL, NULL, NULL, NEWID(), 0, 10004003, 0, NULL, NULL, NULL, NULL, 1, NULL);
INSERT INTO [dbo].[tasSearchField] ([idfsSearchField], [idfsSearchFieldType], [idfsSearchObject], [idfsReferenceType], [idfsGISReferenceType], [strSearchFieldAlias], [strLookupTable], [intMapDisplayOrder], [intIncidenceDisplayOrder], [blnGeoLocationString], [strCalculatedFieldText], [rowguid], [intRowStatus], [idfsDefaultAggregateFunction], [blnShortAddressString], [strLookupFunction], [strLookupFunctionIdField], [strLookupFunctionNameField], [strLookupAttribute], [blnAllowMissedReferenceValues], [strReservedAttribute]) VALUES (10080951, 10081007, 10082057, NULL, NULL, 'sflOHC_Symptoms', NULL, NULL, NULL, NULL, NULL, NEWID(), 0, 10004003, 0, NULL, NULL, NULL, NULL, 1, NULL); -- TODO: FlexForms
INSERT INTO [dbo].[tasSearchField] ([idfsSearchField], [idfsSearchFieldType], [idfsSearchObject], [idfsReferenceType], [idfsGISReferenceType], [strSearchFieldAlias], [strLookupTable], [intMapDisplayOrder], [intIncidenceDisplayOrder], [blnGeoLocationString], [strCalculatedFieldText], [rowguid], [intRowStatus], [idfsDefaultAggregateFunction], [blnShortAddressString], [strLookupFunction], [strLookupFunctionIdField], [strLookupFunctionNameField], [strLookupAttribute], [blnAllowMissedReferenceValues], [strReservedAttribute]) VALUES (10080952, 10081007, 10082057, 19000046, NULL, 'sflHCSample_SentToOrganization', 'Organization', NULL, NULL, NULL, NULL, NEWID(), 0, 10004003, 0, NULL, NULL, NULL, 'FullName', 1, NULL);
INSERT INTO [dbo].[tasSearchField] ([idfsSearchField], [idfsSearchFieldType], [idfsSearchObject], [idfsReferenceType], [idfsGISReferenceType], [strSearchFieldAlias], [strLookupTable], [intMapDisplayOrder], [intIncidenceDisplayOrder], [blnGeoLocationString], [strCalculatedFieldText], [rowguid], [intRowStatus], [idfsDefaultAggregateFunction], [blnShortAddressString], [strLookupFunction], [strLookupFunctionIdField], [strLookupFunctionNameField], [strLookupAttribute], [blnAllowMissedReferenceValues], [strReservedAttribute]) VALUES (10080953, 10081007, 10082057, NULL, NULL, 'sflVC_InvestigatedByPerson', NULL, NULL, NULL, NULL, NULL, NEWID(), 0, 10004003, 0, NULL, NULL, NULL, NULL, 0, NULL);
INSERT INTO [dbo].[tasSearchField] ([idfsSearchField], [idfsSearchFieldType], [idfsSearchObject], [idfsReferenceType], [idfsGISReferenceType], [strSearchFieldAlias], [strLookupTable], [intMapDisplayOrder], [intIncidenceDisplayOrder], [blnGeoLocationString], [strCalculatedFieldText], [rowguid], [intRowStatus], [idfsDefaultAggregateFunction], [blnShortAddressString], [strLookupFunction], [strLookupFunctionIdField], [strLookupFunctionNameField], [strLookupAttribute], [blnAllowMissedReferenceValues], [strReservedAttribute]) VALUES (10080954, 10081002, 10082057, NULL, NULL, 'sflHC_InvestigationStartDate', NULL, NULL, NULL, NULL, NULL, NEWID(), 0, 10004003, 0, NULL, NULL, NULL, NULL, 1, NULL);
INSERT INTO [dbo].[tasSearchField] ([idfsSearchField], [idfsSearchFieldType], [idfsSearchObject], [idfsReferenceType], [idfsGISReferenceType], [strSearchFieldAlias], [strLookupTable], [intMapDisplayOrder], [intIncidenceDisplayOrder], [blnGeoLocationString], [strCalculatedFieldText], [rowguid], [intRowStatus], [idfsDefaultAggregateFunction], [blnShortAddressString], [strLookupFunction], [strLookupFunctionIdField], [strLookupFunctionNameField], [strLookupAttribute], [blnAllowMissedReferenceValues], [strReservedAttribute]) VALUES (10080955, 10081007, 10082057, NULL, NULL, 'sflOHC_PrimaryCase', NULL, NULL, NULL, NULL, NULL, NEWID(), 0, 10004003, 0, NULL, NULL, NULL, NULL, 1, NULL);
INSERT INTO [dbo].[tasSearchField] ([idfsSearchField], [idfsSearchFieldType], [idfsSearchObject], [idfsReferenceType], [idfsGISReferenceType], [strSearchFieldAlias], [strLookupTable], [intMapDisplayOrder], [intIncidenceDisplayOrder], [blnGeoLocationString], [strCalculatedFieldText], [rowguid], [intRowStatus], [idfsDefaultAggregateFunction], [blnShortAddressString], [strLookupFunction], [strLookupFunctionIdField], [strLookupFunctionNameField], [strLookupAttribute], [blnAllowMissedReferenceValues], [strReservedAttribute]) VALUES (10080956, 10081007, 10082057, NULL, NULL, 'sflOHC_CaseQuestionnaire', NULL, NULL, NULL, NULL, NULL, NEWID(), 0, 10004003, 0, NULL, NULL, NULL, NULL, 1, NULL);
INSERT INTO [dbo].[tasSearchField] ([idfsSearchField], [idfsSearchFieldType], [idfsSearchObject], [idfsReferenceType], [idfsGISReferenceType], [strSearchFieldAlias], [strLookupTable], [intMapDisplayOrder], [intIncidenceDisplayOrder], [blnGeoLocationString], [strCalculatedFieldText], [rowguid], [intRowStatus], [idfsDefaultAggregateFunction], [blnShortAddressString], [strLookupFunction], [strLookupFunctionIdField], [strLookupFunctionNameField], [strLookupAttribute], [blnAllowMissedReferenceValues], [strReservedAttribute]) VALUES (10080957, 10081007, 10082057, NULL, NULL, 'sflOHC_CaseMonitoring', NULL, NULL, NULL, NULL, NULL, NEWID(), 0, 10004003, 0, NULL, NULL, NULL, NULL, 1, NULL);
INSERT INTO [dbo].[tasSearchField] ([idfsSearchField], [idfsSearchFieldType], [idfsSearchObject], [idfsReferenceType], [idfsGISReferenceType], [strSearchFieldAlias], [strLookupTable], [intMapDisplayOrder], [intIncidenceDisplayOrder], [blnGeoLocationString], [strCalculatedFieldText], [rowguid], [intRowStatus], [idfsDefaultAggregateFunction], [blnShortAddressString], [strLookupFunction], [strLookupFunctionIdField], [strLookupFunctionNameField], [strLookupAttribute], [blnAllowMissedReferenceValues], [strReservedAttribute]) VALUES (10080958, 10081007, 10082057, NULL, NULL, 'sflOHC_NumberOfContacts', NULL, NULL, NULL, NULL, NULL, NEWID(), 0, 10004003, 0, NULL, NULL, NULL, NULL, 1, NULL);
INSERT INTO [dbo].[tasSearchField] ([idfsSearchField], [idfsSearchFieldType], [idfsSearchObject], [idfsReferenceType], [idfsGISReferenceType], [strSearchFieldAlias], [strLookupTable], [intMapDisplayOrder], [intIncidenceDisplayOrder], [blnGeoLocationString], [strCalculatedFieldText], [rowguid], [intRowStatus], [idfsDefaultAggregateFunction], [blnShortAddressString], [strLookupFunction], [strLookupFunctionIdField], [strLookupFunctionNameField], [strLookupAttribute], [blnAllowMissedReferenceValues], [strReservedAttribute]) VALUES (10080959, 10081007, 10082057, 19000100, NULL, 'sflHC_SamplesCollected', 'rftYesNoValue', NULL, NULL, NULL, NULL, NEWID(), 0, 10004003, 0, NULL, NULL, NULL, 'name', 1, NULL);
INSERT INTO [dbo].[tasSearchField] ([idfsSearchField], [idfsSearchFieldType], [idfsSearchObject], [idfsReferenceType], [idfsGISReferenceType], [strSearchFieldAlias], [strLookupTable], [intMapDisplayOrder], [intIncidenceDisplayOrder], [blnGeoLocationString], [strCalculatedFieldText], [rowguid], [intRowStatus], [idfsDefaultAggregateFunction], [blnShortAddressString], [strLookupFunction], [strLookupFunctionIdField], [strLookupFunctionNameField], [strLookupAttribute], [blnAllowMissedReferenceValues], [strReservedAttribute]) VALUES (10080960, 10081007, 10082057, 19000150, NULL, 'sflHC_ReasonForNotCollectingSample', 'rftNotCollectedReason', NULL, NULL, 0, NULL, NEWID(), 0, 10004003, 0, NULL, NULL, NULL, 'name', 1, NULL);

-- Add 'Outbreak Human Case Contacts' - object
ALTER TABLE dbo.trtBaseReference DISABLE TRIGGER ALL
INSERT INTO [dbo].[trtBaseReference] ([idfsBaseReference], [idfsReferenceType], [strBaseReferenceCode], [strDefault], [intHACode], [intOrder], [blnSystem], [intRowStatus], [rowguid], [strMaintenanceFlag], [strReservedAttribute])
VALUES (10082058, 19000082, NULL, 'Outbreak Human Case Contacts', 32, 0, 1, 0, NEWID(), NULL, NULL)
GO

INSERT INTO [dbo].[tasSearchObject] ([idfsSearchObject], [idfsFormType], [blnPrimary], [rowguid], [intRowStatus], [blnShowReportType], [strReservedAttribute])
VALUES (10082058, NULL, 0, NEWID(), 0, 0, NULL)
GO

INSERT INTO [dbo].[trtStringNameTranslation] ([idfsBaseReference], [idfsLanguage], [strTextString], [intRowStatus], [rowguid], [strMaintenanceFlag], [strReservedAttribute])
VALUES(10082058, 10049003,N'Outbreak Human Case Contacts', 0, NEWID(), NULL, NULL)
INSERT INTO [dbo].[trtStringNameTranslation] ([idfsBaseReference], [idfsLanguage], [strTextString], [intRowStatus], [rowguid], [strMaintenanceFlag], [strReservedAttribute])
VALUES(10082058, 10049004,N'აფეთქების ადამიანის დაავადების შემთხვევის კონტაქტები', 0, NEWID(), NULL, NULL)
INSERT INTO [dbo].[trtStringNameTranslation] ([idfsBaseReference], [idfsLanguage], [strTextString], [intRowStatus], [rowguid], [strMaintenanceFlag], [strReservedAttribute])
VALUES(10082058, 10049001,N'Alovlanma İnsan xəstəliyi hadisəsi Təmaslar', 0, NEWID(), NULL, NULL)
INSERT INTO [dbo].[trtStringNameTranslation] ([idfsBaseReference], [idfsLanguage], [strTextString], [intRowStatus], [rowguid], [strMaintenanceFlag], [strReservedAttribute])
VALUES(10082058, 10049011,N'جهات الإتصال لحالة تفشي الأمراض البشرية', 0, NEWID(), NULL, NULL)
GO
ALTER TABLE dbo.trtBaseReference ENABLE TRIGGER ALL

-- Add relations - 'Outbreak Human Case Contacts' child of 'Outbreak Human Case', used idfsParentSearchObject 10082016 as an example. 
INSERT INTO [dbo].[tasSearchObjectToSearchObject] ([idfsRelatedSearchObject], [idfsParentSearchObject], [rowguid], [strSubQueryJoinCondition], [blnUseForSubQuery], [strReservedAttribute])
VALUES(10082058, 10082057, NEWID(), 'v_{6}.[PKField] = v.[PKField] and v_{6}.[PKField_4582900000000] = v.[PKField_4582900000000] and v_{6}.[PKField_4582670000000] is not null', 0, NULL) -- TODO: verify value of [strSubQueryJoinCondition] with Mandar.
GO

-- Outbreak Human Case Contacts - fields
INSERT INTO [dbo].[trtBaseReference] ([idfsBaseReference], [idfsReferenceType], [strBaseReferenceCode], [strDefault], [intHACode], [intOrder], [blnSystem], [intRowStatus], [rowguid], [strMaintenanceFlag], [strReservedAttribute]) VALUES (10080961, 19000080, 'rftContact_Type', 'Outbreak Human Case Contacts – Contact Type', 226, 0, NULL, 0, NEWID(), NULL, NULL); -- TODO: check with Anatoly for values, on editor is 19000014 rftContact_Type, using 10080037
INSERT INTO [dbo].[trtBaseReference] ([idfsBaseReference], [idfsReferenceType], [strBaseReferenceCode], [strDefault], [intHACode], [intOrder], [blnSystem], [intRowStatus], [rowguid], [strMaintenanceFlag], [strReservedAttribute]) VALUES (10080962, 19000080, 'sflOSC_PersonID', 'Outbreak Human Case Contacts – Person ID', 32, 1, 1, 0, NEWID(), NULL, NULL);  -- using 10080922 as an example
INSERT INTO [dbo].[trtBaseReference] ([idfsBaseReference], [idfsReferenceType], [strBaseReferenceCode], [strDefault], [intHACode], [intOrder], [blnSystem], [intRowStatus], [rowguid], [strMaintenanceFlag], [strReservedAttribute]) VALUES (10080963, 19000080, 'sflVCFarmID', 'Outbreak Human Case Contacts – Farm ID', 32, 2, 1, 0, NEWID(), NULL, NULL);  -- using 10080155 as an example
INSERT INTO [dbo].[trtBaseReference] ([idfsBaseReference], [idfsReferenceType], [strBaseReferenceCode], [strDefault], [intHACode], [intOrder], [blnSystem], [intRowStatus], [rowguid], [strMaintenanceFlag], [strReservedAttribute]) VALUES (10080964, 19000080, 'rtfOutbreakContactStatus', 'Outbreak Human Case Contacts – Contact Status', 32, 3, 1, 0, NEWID(), NULL, NULL);  -- TODO: checked with Anatoly for values, on editor is 19000517 rtfOutbreakContactStatus see Outbreak Human Case Contacts.docx
INSERT INTO [dbo].[trtBaseReference] ([idfsBaseReference], [idfsReferenceType], [strBaseReferenceCode], [strDefault], [intHACode], [intOrder], [blnSystem], [intRowStatus], [rowguid], [strMaintenanceFlag], [strReservedAttribute]) VALUES (10080965, 19000080, 'sflHCCPartyRelationType', 'Outbreak Human Case Contacts – Relation', 226, 4, 1, 0, NEWID(), NULL, NULL);  -- using 10080037 as an example
INSERT INTO [dbo].[trtBaseReference] ([idfsBaseReference], [idfsReferenceType], [strBaseReferenceCode], [strDefault], [intHACode], [intOrder], [blnSystem], [intRowStatus], [rowguid], [strMaintenanceFlag], [strReservedAttribute]) VALUES (10080966, 19000080, 'sflHCCdatBegin', 'Outbreak Human Case Contacts – Date of Last Contact', 226, 5, 1, 0, NEWID(), NULL, NULL);  -- using 10080034 as an example
INSERT INTO [dbo].[trtBaseReference] ([idfsBaseReference], [idfsReferenceType], [strBaseReferenceCode], [strDefault], [intHACode], [intOrder], [blnSystem], [intRowStatus], [rowguid], [strMaintenanceFlag], [strReservedAttribute]) VALUES (10080967, 19000080, 'sflHCCstrPlaceInfo', 'Outbreak Human Case Contacts – Place of Last Contact', 226, 6, 1, 0, NEWID(), NULL, NULL);  -- using 10080038 as an example
INSERT INTO [dbo].[trtBaseReference] ([idfsBaseReference], [idfsReferenceType], [strBaseReferenceCode], [strDefault], [intHACode], [intOrder], [blnSystem], [intRowStatus], [rowguid], [strMaintenanceFlag], [strReservedAttribute]) VALUES (10080968, 19000080, 'sflHCLocationRegion', 'Outbreak Human Case Contacts – Region', 226, 7, 1, 0, NEWID(), NULL, NULL);  -- using 10080070 as an example
INSERT INTO [dbo].[trtBaseReference] ([idfsBaseReference], [idfsReferenceType], [strBaseReferenceCode], [strDefault], [intHACode], [intOrder], [blnSystem], [intRowStatus], [rowguid], [strMaintenanceFlag], [strReservedAttribute]) VALUES (10080969, 19000080, 'sflHCLocationRayon', 'Outbreak Human Case Contacts – Rayon', 226, 8, 1, 0, NEWID(), NULL, NULL);  -- using 10080068 as an example
INSERT INTO [dbo].[trtBaseReference] ([idfsBaseReference], [idfsReferenceType], [strBaseReferenceCode], [strDefault], [intHACode], [intOrder], [blnSystem], [intRowStatus], [rowguid], [strMaintenanceFlag], [strReservedAttribute]) VALUES (10080970, 19000080, 'sflZD_Settlement', 'Outbreak Human Case Contacts – Settlement', 226, 9, 1, 0, NEWID(), NULL, NULL);  -- using 10080463 as an example
INSERT INTO [dbo].[trtBaseReference] ([idfsBaseReference], [idfsReferenceType], [strBaseReferenceCode], [strDefault], [intHACode], [intOrder], [blnSystem], [intRowStatus], [rowguid], [strMaintenanceFlag], [strReservedAttribute]) VALUES (10080971, 19000080, 'sflHCSex', 'Outbreak Human Case Contacts – Gender', 226, 10, 1, 0, NEWID(), NULL, NULL);  -- using 10080905 as an example
INSERT INTO [dbo].[trtBaseReference] ([idfsBaseReference], [idfsReferenceType], [strBaseReferenceCode], [strDefault], [intHACode], [intOrder], [blnSystem], [intRowStatus], [rowguid], [strMaintenanceFlag], [strReservedAttribute]) VALUES (10080972, 19000080, 'sflHCDateOfBirth', 'Outbreak Human Case Contacts – Date of Birth', 226, 11, 1, 0, NEWID(), NULL, NULL);  -- using 10080042 as an example
INSERT INTO [dbo].[trtBaseReference] ([idfsBaseReference], [idfsReferenceType], [strBaseReferenceCode], [strDefault], [intHACode], [intOrder], [blnSystem], [intRowStatus], [rowguid], [strMaintenanceFlag], [strReservedAttribute]) VALUES (10080973, 19000080, 'sflHCAge', 'Outbreak Human Case Contacts – Age', 226, 12, 1, 0, NEWID(), NULL, NULL);  -- using 10080024 as an example

INSERT INTO [dbo].[trtStringNameTranslation] ([idfsBaseReference], [idfsLanguage], [strTextString], [intRowStatus], [rowguid], [strMaintenanceFlag], [strReservedAttribute]) VALUES (10080961, 10049003, N'Outbreak Human Case Contacts – Contact Type', 0, NEWID(), NULL, NULL);
INSERT INTO [dbo].[trtStringNameTranslation] ([idfsBaseReference], [idfsLanguage], [strTextString], [intRowStatus], [rowguid], [strMaintenanceFlag], [strReservedAttribute]) VALUES (10080961, 10049004, N'აფეთქების ადამიანის დაავადების შემთხვევის კონტაქტები - კონტაქტის ტიპი', 0, NEWID(), NULL, NULL);
INSERT INTO [dbo].[trtStringNameTranslation] ([idfsBaseReference], [idfsLanguage], [strTextString], [intRowStatus], [rowguid], [strMaintenanceFlag], [strReservedAttribute]) VALUES (10080961, 10049001, N'Alovlanma İnsan Xəstəliyi Hadisəsi Təmaslar - Təmas növü', 0, NEWID(), NULL, NULL);
INSERT INTO [dbo].[trtStringNameTranslation] ([idfsBaseReference], [idfsLanguage], [strTextString], [intRowStatus], [rowguid], [strMaintenanceFlag], [strReservedAttribute]) VALUES (10080961, 10049011, N' جهات الاتصال  لحالات تفشي المرض البشري - نوع الاتصال ', 0, NEWID(), NULL, NULL);

INSERT INTO [dbo].[trtStringNameTranslation] ([idfsBaseReference], [idfsLanguage], [strTextString], [intRowStatus], [rowguid], [strMaintenanceFlag], [strReservedAttribute]) VALUES (10080962, 10049003, N'Outbreak Human Case Contacts – Person ID', 0, NEWID(), NULL, NULL);
INSERT INTO [dbo].[trtStringNameTranslation] ([idfsBaseReference], [idfsLanguage], [strTextString], [intRowStatus], [rowguid], [strMaintenanceFlag], [strReservedAttribute]) VALUES (10080962, 10049004, N'აფეთქების ადამიანის დაავადების შემთხვევის კონტაქტები - პირის ID', 0, NEWID(), NULL, NULL);
INSERT INTO [dbo].[trtStringNameTranslation] ([idfsBaseReference], [idfsLanguage], [strTextString], [intRowStatus], [rowguid], [strMaintenanceFlag], [strReservedAttribute]) VALUES (10080962, 10049001, N'Alovlanma İnsan Xəstəliyi Hadisəsi Təmaslar - Şəxsin Q/N-si', 0, NEWID(), NULL, NULL);
INSERT INTO [dbo].[trtStringNameTranslation] ([idfsBaseReference], [idfsLanguage], [strTextString], [intRowStatus], [rowguid], [strMaintenanceFlag], [strReservedAttribute]) VALUES (10080962, 10049011, N' جهات الاتصال  لحالات تفشي المرض البشري - معرّف الفرد ', 0, NEWID(), NULL, NULL);

INSERT INTO [dbo].[trtStringNameTranslation] ([idfsBaseReference], [idfsLanguage], [strTextString], [intRowStatus], [rowguid], [strMaintenanceFlag], [strReservedAttribute]) VALUES (10080963, 10049003, N'Outbreak Human Case Contacts – Farm ID', 0, NEWID(), NULL, NULL);
INSERT INTO [dbo].[trtStringNameTranslation] ([idfsBaseReference], [idfsLanguage], [strTextString], [intRowStatus], [rowguid], [strMaintenanceFlag], [strReservedAttribute]) VALUES (10080963, 10049004, N'აფეთქების ადამიანის დაავადების შემთხვევის კონტაქტები - ფერმის  ID', 0, NEWID(), NULL, NULL);
INSERT INTO [dbo].[trtStringNameTranslation] ([idfsBaseReference], [idfsLanguage], [strTextString], [intRowStatus], [rowguid], [strMaintenanceFlag], [strReservedAttribute]) VALUES (10080963, 10049001, N'Alovlanma İnsan Xəstəliyi Hadisəsi Təmaslar - Fermanın Q/N-si', 0, NEWID(), NULL, NULL);
INSERT INTO [dbo].[trtStringNameTranslation] ([idfsBaseReference], [idfsLanguage], [strTextString], [intRowStatus], [rowguid], [strMaintenanceFlag], [strReservedAttribute]) VALUES (10080963, 10049011, N' جهات الاتصال  لحالات تفشي المرض البشري - معرّف المزرعة ', 0, NEWID(), NULL, NULL);

INSERT INTO [dbo].[trtStringNameTranslation] ([idfsBaseReference], [idfsLanguage], [strTextString], [intRowStatus], [rowguid], [strMaintenanceFlag], [strReservedAttribute]) VALUES (10080964, 10049003, N'Outbreak Human Case Contacts – Contact Status', 0, NEWID(), NULL, NULL);
INSERT INTO [dbo].[trtStringNameTranslation] ([idfsBaseReference], [idfsLanguage], [strTextString], [intRowStatus], [rowguid], [strMaintenanceFlag], [strReservedAttribute]) VALUES (10080964, 10049004, N'აფეთქების ადამიანის დაავადების შემთხვევის კონტაქტები - კონტაქტის სტატუსი', 0, NEWID(), NULL, NULL);
INSERT INTO [dbo].[trtStringNameTranslation] ([idfsBaseReference], [idfsLanguage], [strTextString], [intRowStatus], [rowguid], [strMaintenanceFlag], [strReservedAttribute]) VALUES (10080964, 10049001, N'Alovlanma İnsan Xəstəliyi Hadisəsi Təmaslar - Təmasda olan şəxsin vəziyyəti', 0, NEWID(), NULL, NULL);
INSERT INTO [dbo].[trtStringNameTranslation] ([idfsBaseReference], [idfsLanguage], [strTextString], [intRowStatus], [rowguid], [strMaintenanceFlag], [strReservedAttribute]) VALUES (10080964, 10049011, N' جهات الاتصال  لحالات تفشي المرض البشري - حالة الشخص الذي نتواصل معه ', 0, NEWID(), NULL, NULL);

INSERT INTO [dbo].[trtStringNameTranslation] ([idfsBaseReference], [idfsLanguage], [strTextString], [intRowStatus], [rowguid], [strMaintenanceFlag], [strReservedAttribute]) VALUES (10080965, 10049003, N'Outbreak Human Case Contacts – Relation', 0, NEWID(), NULL, NULL);
INSERT INTO [dbo].[trtStringNameTranslation] ([idfsBaseReference], [idfsLanguage], [strTextString], [intRowStatus], [rowguid], [strMaintenanceFlag], [strReservedAttribute]) VALUES (10080965, 10049004, N'აფეთქების ადამიანის დაავადების შემთხვევის კონტაქტები - კავშირი', 0, NEWID(), NULL, NULL);
INSERT INTO [dbo].[trtStringNameTranslation] ([idfsBaseReference], [idfsLanguage], [strTextString], [intRowStatus], [rowguid], [strMaintenanceFlag], [strReservedAttribute]) VALUES (10080965, 10049001, N'Alovlanma İnsan Xəstəliyi Hadisəsi Təmaslar - Əlaqəsi', 0, NEWID(), NULL, NULL);
INSERT INTO [dbo].[trtStringNameTranslation] ([idfsBaseReference], [idfsLanguage], [strTextString], [intRowStatus], [rowguid], [strMaintenanceFlag], [strReservedAttribute]) VALUES (10080965, 10049011, N' جهات الاتصال  لحالات تفشي المرض البشري - العلاقة ', 0, NEWID(), NULL, NULL);

INSERT INTO [dbo].[trtStringNameTranslation] ([idfsBaseReference], [idfsLanguage], [strTextString], [intRowStatus], [rowguid], [strMaintenanceFlag], [strReservedAttribute]) VALUES (10080966, 10049003, N'Outbreak Human Case Contacts – Date of Last Contact', 0, NEWID(), NULL, NULL);
INSERT INTO [dbo].[trtStringNameTranslation] ([idfsBaseReference], [idfsLanguage], [strTextString], [intRowStatus], [rowguid], [strMaintenanceFlag], [strReservedAttribute]) VALUES (10080966, 10049004, N'აფეთქების ადამიანის დაავადების შემთხვევის კონტაქტები - ბოლო კონტაქტის თარიღი', 0, NEWID(), NULL, NULL);
INSERT INTO [dbo].[trtStringNameTranslation] ([idfsBaseReference], [idfsLanguage], [strTextString], [intRowStatus], [rowguid], [strMaintenanceFlag], [strReservedAttribute]) VALUES (10080966, 10049001, N'Alovlanma İnsan Xəstəliyi Hadisəsi Təmaslar - Son təmas tarixi', 0, NEWID(), NULL, NULL);
INSERT INTO [dbo].[trtStringNameTranslation] ([idfsBaseReference], [idfsLanguage], [strTextString], [intRowStatus], [rowguid], [strMaintenanceFlag], [strReservedAttribute]) VALUES (10080966, 10049011, N' جهات الاتصال  لحالات تفشي المرض البشري - تاريخ آخر اتصال ', 0, NEWID(), NULL, NULL);

INSERT INTO [dbo].[trtStringNameTranslation] ([idfsBaseReference], [idfsLanguage], [strTextString], [intRowStatus], [rowguid], [strMaintenanceFlag], [strReservedAttribute]) VALUES (10080967, 10049003, N'Outbreak Human Case Contacts – Place of Last Contact', 0, NEWID(), NULL, NULL);
INSERT INTO [dbo].[trtStringNameTranslation] ([idfsBaseReference], [idfsLanguage], [strTextString], [intRowStatus], [rowguid], [strMaintenanceFlag], [strReservedAttribute]) VALUES (10080967, 10049004, N'აფეთქების ადამიანის დაავადების შემთხვევის კონტაქტები - ბოლო კონტაქტის ადგილი', 0, NEWID(), NULL, NULL);
INSERT INTO [dbo].[trtStringNameTranslation] ([idfsBaseReference], [idfsLanguage], [strTextString], [intRowStatus], [rowguid], [strMaintenanceFlag], [strReservedAttribute]) VALUES (10080967, 10049001, N'Alovlanma İnsan Xəstəliyi Hadisəsi Təmaslar - Son təmas yeri', 0, NEWID(), NULL, NULL);
INSERT INTO [dbo].[trtStringNameTranslation] ([idfsBaseReference], [idfsLanguage], [strTextString], [intRowStatus], [rowguid], [strMaintenanceFlag], [strReservedAttribute]) VALUES (10080967, 10049011, N' جهات الاتصال  لحالات تفشي المرض البشري - مكان آخر اتصال ', 0, NEWID(), NULL, NULL);

INSERT INTO [dbo].[trtStringNameTranslation] ([idfsBaseReference], [idfsLanguage], [strTextString], [intRowStatus], [rowguid], [strMaintenanceFlag], [strReservedAttribute]) VALUES (10080968, 10049003, N'Outbreak Human Case Contacts – Region', 0, NEWID(), NULL, NULL);
INSERT INTO [dbo].[trtStringNameTranslation] ([idfsBaseReference], [idfsLanguage], [strTextString], [intRowStatus], [rowguid], [strMaintenanceFlag], [strReservedAttribute]) VALUES (10080968, 10049004, N'აფეთქების ადამიანის დაავადების შემთხვევის კონტაქტები - რეგიონი', 0, NEWID(), NULL, NULL);
INSERT INTO [dbo].[trtStringNameTranslation] ([idfsBaseReference], [idfsLanguage], [strTextString], [intRowStatus], [rowguid], [strMaintenanceFlag], [strReservedAttribute]) VALUES (10080968, 10049001, N'Alovlanma İnsan Xəstəliyi Hadisəsi Təmaslar - Region', 0, NEWID(), NULL, NULL);
INSERT INTO [dbo].[trtStringNameTranslation] ([idfsBaseReference], [idfsLanguage], [strTextString], [intRowStatus], [rowguid], [strMaintenanceFlag], [strReservedAttribute]) VALUES (10080968, 10049011, N' جهات الاتصال  لحالات تفشي المرض البشري - المنطقة ', 0, NEWID(), NULL, NULL);

INSERT INTO [dbo].[trtStringNameTranslation] ([idfsBaseReference], [idfsLanguage], [strTextString], [intRowStatus], [rowguid], [strMaintenanceFlag], [strReservedAttribute]) VALUES (10080969, 10049003, N'Outbreak Human Case Contacts – Rayon', 0, NEWID(), NULL, NULL);
INSERT INTO [dbo].[trtStringNameTranslation] ([idfsBaseReference], [idfsLanguage], [strTextString], [intRowStatus], [rowguid], [strMaintenanceFlag], [strReservedAttribute]) VALUES (10080969, 10049004, N'აფეთქების ადამიანის დაავადების შემთხვევის კონტაქტები - რაიონი', 0, NEWID(), NULL, NULL);
INSERT INTO [dbo].[trtStringNameTranslation] ([idfsBaseReference], [idfsLanguage], [strTextString], [intRowStatus], [rowguid], [strMaintenanceFlag], [strReservedAttribute]) VALUES (10080969, 10049001, N'Alovlanma İnsan Xəstəliyi Hadisəsi Təmaslar - Rayon', 0, NEWID(), NULL, NULL);
INSERT INTO [dbo].[trtStringNameTranslation] ([idfsBaseReference], [idfsLanguage], [strTextString], [intRowStatus], [rowguid], [strMaintenanceFlag], [strReservedAttribute]) VALUES (10080969, 10049011, N' جهات الاتصال  لحالات تفشي المرض البشري - رايون ', 0, NEWID(), NULL, NULL);

INSERT INTO [dbo].[trtStringNameTranslation] ([idfsBaseReference], [idfsLanguage], [strTextString], [intRowStatus], [rowguid], [strMaintenanceFlag], [strReservedAttribute]) VALUES (10080970, 10049003, N'Outbreak Human Case Contacts – Settlement', 0, NEWID(), NULL, NULL);
INSERT INTO [dbo].[trtStringNameTranslation] ([idfsBaseReference], [idfsLanguage], [strTextString], [intRowStatus], [rowguid], [strMaintenanceFlag], [strReservedAttribute]) VALUES (10080970, 10049004, N'აფეთქების ადამიანის დაავადების შემთხვევის კონტაქტები - დასახლება', 0, NEWID(), NULL, NULL);
INSERT INTO [dbo].[trtStringNameTranslation] ([idfsBaseReference], [idfsLanguage], [strTextString], [intRowStatus], [rowguid], [strMaintenanceFlag], [strReservedAttribute]) VALUES (10080970, 10049001, N'Alovlanma İnsan Xəstəliyi Hadisəsi Təmaslar - Yaşayış məntəqəsi', 0, NEWID(), NULL, NULL);
INSERT INTO [dbo].[trtStringNameTranslation] ([idfsBaseReference], [idfsLanguage], [strTextString], [intRowStatus], [rowguid], [strMaintenanceFlag], [strReservedAttribute]) VALUES (10080970, 10049011, N' جهات الاتصال  لحالات تفشي المرض البشري - الاقامة ', 0, NEWID(), NULL, NULL);

INSERT INTO [dbo].[trtStringNameTranslation] ([idfsBaseReference], [idfsLanguage], [strTextString], [intRowStatus], [rowguid], [strMaintenanceFlag], [strReservedAttribute]) VALUES (10080971, 10049003, N'Outbreak Human Case Contacts – Gender', 0, NEWID(), NULL, NULL);
INSERT INTO [dbo].[trtStringNameTranslation] ([idfsBaseReference], [idfsLanguage], [strTextString], [intRowStatus], [rowguid], [strMaintenanceFlag], [strReservedAttribute]) VALUES (10080971, 10049004, N'აფეთქების ადამიანის დაავადების შემთხვევის კონტაქტები - სქესი', 0, NEWID(), NULL, NULL);
INSERT INTO [dbo].[trtStringNameTranslation] ([idfsBaseReference], [idfsLanguage], [strTextString], [intRowStatus], [rowguid], [strMaintenanceFlag], [strReservedAttribute]) VALUES (10080971, 10049001, N'Alovlanma İnsan Xəstəliyi Hadisəsi Təmaslar - Cinsi', 0, NEWID(), NULL, NULL);
INSERT INTO [dbo].[trtStringNameTranslation] ([idfsBaseReference], [idfsLanguage], [strTextString], [intRowStatus], [rowguid], [strMaintenanceFlag], [strReservedAttribute]) VALUES (10080971, 10049011, N' جهات الاتصال  لحالات تفشي المرض البشري - الجنس ', 0, NEWID(), NULL, NULL);

INSERT INTO [dbo].[trtStringNameTranslation] ([idfsBaseReference], [idfsLanguage], [strTextString], [intRowStatus], [rowguid], [strMaintenanceFlag], [strReservedAttribute]) VALUES (10080972, 10049003, N'Outbreak Human Case Contacts – Date of Birth', 0, NEWID(), NULL, NULL);
INSERT INTO [dbo].[trtStringNameTranslation] ([idfsBaseReference], [idfsLanguage], [strTextString], [intRowStatus], [rowguid], [strMaintenanceFlag], [strReservedAttribute]) VALUES (10080972, 10049004, N'აფეთქების ადამიანის დაავადების შემთხვევის კონტაქტები - დაბადების თარიღი', 0, NEWID(), NULL, NULL);
INSERT INTO [dbo].[trtStringNameTranslation] ([idfsBaseReference], [idfsLanguage], [strTextString], [intRowStatus], [rowguid], [strMaintenanceFlag], [strReservedAttribute]) VALUES (10080972, 10049001, N'Alovlanma İnsan Xəstəliyi Hadisəsi Təmaslar - Doğum tarixi', 0, NEWID(), NULL, NULL);
INSERT INTO [dbo].[trtStringNameTranslation] ([idfsBaseReference], [idfsLanguage], [strTextString], [intRowStatus], [rowguid], [strMaintenanceFlag], [strReservedAttribute]) VALUES (10080972, 10049011, N' جهات الاتصال  لحالات تفشي المرض البشري - تاريخ الولادة ', 0, NEWID(), NULL, NULL);

INSERT INTO [dbo].[trtStringNameTranslation] ([idfsBaseReference], [idfsLanguage], [strTextString], [intRowStatus], [rowguid], [strMaintenanceFlag], [strReservedAttribute]) VALUES (10080973, 10049003, N'Outbreak Human Case Contacts – Age', 0, NEWID(), NULL, NULL);
INSERT INTO [dbo].[trtStringNameTranslation] ([idfsBaseReference], [idfsLanguage], [strTextString], [intRowStatus], [rowguid], [strMaintenanceFlag], [strReservedAttribute]) VALUES (10080973, 10049004, N'აფეთქების ადამიანის დაავადების შემთხვევის კონტაქტები - ასაკი', 0, NEWID(), NULL, NULL);
INSERT INTO [dbo].[trtStringNameTranslation] ([idfsBaseReference], [idfsLanguage], [strTextString], [intRowStatus], [rowguid], [strMaintenanceFlag], [strReservedAttribute]) VALUES (10080973, 10049001, N'Alovlanma İnsan Xəstəliyi Hadisəsi Təmaslar - Yaşı', 0, NEWID(), NULL, NULL);
INSERT INTO [dbo].[trtStringNameTranslation] ([idfsBaseReference], [idfsLanguage], [strTextString], [intRowStatus], [rowguid], [strMaintenanceFlag], [strReservedAttribute]) VALUES (10080973, 10049011, N' جهات الاتصال  لحالات تفشي المرض البشري - العمر ', 0, NEWID(), NULL, NULL);

INSERT INTO [dbo].[tasSearchField] ([idfsSearchField], [idfsSearchFieldType], [idfsSearchObject], [idfsReferenceType], [idfsGISReferenceType], [strSearchFieldAlias], [strLookupTable], [intMapDisplayOrder], [intIncidenceDisplayOrder], [blnGeoLocationString], [strCalculatedFieldText], [rowguid], [intRowStatus], [idfsDefaultAggregateFunction], [blnShortAddressString], [strLookupFunction], [strLookupFunctionIdField], [strLookupFunctionNameField], [strLookupAttribute], [blnAllowMissedReferenceValues], [strReservedAttribute]) VALUES (10080961, 10081007, 10082058, 19000014, NULL, 'sflHCContact_Relation', 'rftContact_Type', NULL, NULL, NULL, NULL, NEWID(), 0, 10004003, 0, NULL, NULL, NULL, 'name', 1, NULL);
INSERT INTO [dbo].[tasSearchField] ([idfsSearchField], [idfsSearchFieldType], [idfsSearchObject], [idfsReferenceType], [idfsGISReferenceType], [strSearchFieldAlias], [strLookupTable], [intMapDisplayOrder], [intIncidenceDisplayOrder], [blnGeoLocationString], [strCalculatedFieldText], [rowguid], [intRowStatus], [idfsDefaultAggregateFunction], [blnShortAddressString], [strLookupFunction], [strLookupFunctionIdField], [strLookupFunctionNameField], [strLookupAttribute], [blnAllowMissedReferenceValues], [strReservedAttribute]) VALUES (10080962, 10081007, 10082058, NULL, NULL, 'sflHASST_PersonID', NULL, NULL, NULL, NULL, NULL, NEWID(), 0, 10004003, 0, NULL, NULL, NULL, NULL, 0, NULL);
INSERT INTO [dbo].[tasSearchField] ([idfsSearchField], [idfsSearchFieldType], [idfsSearchObject], [idfsReferenceType], [idfsGISReferenceType], [strSearchFieldAlias], [strLookupTable], [intMapDisplayOrder], [intIncidenceDisplayOrder], [blnGeoLocationString], [strCalculatedFieldText], [rowguid], [intRowStatus], [idfsDefaultAggregateFunction], [blnShortAddressString], [strLookupFunction], [strLookupFunctionIdField], [strLookupFunctionNameField], [strLookupAttribute], [blnAllowMissedReferenceValues], [strReservedAttribute]) VALUES (10080963, 10081007, 10082058, NULL, NULL, 'sflVC_FarmID', NULL, NULL, NULL, NULL, NULL, NEWID(), 0, 10004003, 0, NULL, NULL, NULL, NULL, 0, NULL);
INSERT INTO [dbo].[tasSearchField] ([idfsSearchField], [idfsSearchFieldType], [idfsSearchObject], [idfsReferenceType], [idfsGISReferenceType], [strSearchFieldAlias], [strLookupTable], [intMapDisplayOrder], [intIncidenceDisplayOrder], [blnGeoLocationString], [strCalculatedFieldText], [rowguid], [intRowStatus], [idfsDefaultAggregateFunction], [blnShortAddressString], [strLookupFunction], [strLookupFunctionIdField], [strLookupFunctionNameField], [strLookupAttribute], [blnAllowMissedReferenceValues], [strReservedAttribute]) VALUES (10080964, 10081007, 10082058, 19000014, NULL, 'sflOutbreakContactStatus', 'rtfOutbreakContactStatus', NULL, NULL, NULL, NULL, NEWID(), 0, 10004003, 0, NULL, NULL, NULL, 'name', 1, NULL);
INSERT INTO [dbo].[tasSearchField] ([idfsSearchField], [idfsSearchFieldType], [idfsSearchObject], [idfsReferenceType], [idfsGISReferenceType], [strSearchFieldAlias], [strLookupTable], [intMapDisplayOrder], [intIncidenceDisplayOrder], [blnGeoLocationString], [strCalculatedFieldText], [rowguid], [intRowStatus], [idfsDefaultAggregateFunction], [blnShortAddressString], [strLookupFunction], [strLookupFunctionIdField], [strLookupFunctionNameField], [strLookupAttribute], [blnAllowMissedReferenceValues], [strReservedAttribute]) VALUES (10080965, 10081007, 10082058, 19000014, NULL, 'sflHCContact_RelationType', 'rftContact_Type', NULL, NULL, NULL, NULL, NEWID(), 0, 10004003, 0, NULL, NULL, NULL, 'name', 1, NULL);
INSERT INTO [dbo].[tasSearchField] ([idfsSearchField], [idfsSearchFieldType], [idfsSearchObject], [idfsReferenceType], [idfsGISReferenceType], [strSearchFieldAlias], [strLookupTable], [intMapDisplayOrder], [intIncidenceDisplayOrder], [blnGeoLocationString], [strCalculatedFieldText], [rowguid], [intRowStatus], [idfsDefaultAggregateFunction], [blnShortAddressString], [strLookupFunction], [strLookupFunctionIdField], [strLookupFunctionNameField], [strLookupAttribute], [blnAllowMissedReferenceValues], [strReservedAttribute]) VALUES (10080966, 10081002, 10082058, NULL, NULL, 'sflHCContact_LastContactDate', NULL, NULL, NULL, NULL, NULL, NEWID(), 0, 10004003, 0, NULL, NULL, NULL, NULL, 1, NULL);
INSERT INTO [dbo].[tasSearchField] ([idfsSearchField], [idfsSearchFieldType], [idfsSearchObject], [idfsReferenceType], [idfsGISReferenceType], [strSearchFieldAlias], [strLookupTable], [intMapDisplayOrder], [intIncidenceDisplayOrder], [blnGeoLocationString], [strCalculatedFieldText], [rowguid], [intRowStatus], [idfsDefaultAggregateFunction], [blnShortAddressString], [strLookupFunction], [strLookupFunctionIdField], [strLookupFunctionNameField], [strLookupAttribute], [blnAllowMissedReferenceValues], [strReservedAttribute]) VALUES (10080967, 10081007, 10082058, NULL, NULL, 'sflHCContact_LastContactPlace', NULL, NULL, NULL, NULL, NULL, NEWID(), 0, 10004003, 0, NULL, NULL, NULL, NULL, 0, NULL);
INSERT INTO [dbo].[tasSearchField] ([idfsSearchField], [idfsSearchFieldType], [idfsSearchObject], [idfsReferenceType], [idfsGISReferenceType], [strSearchFieldAlias], [strLookupTable], [intMapDisplayOrder], [intIncidenceDisplayOrder], [blnGeoLocationString], [strCalculatedFieldText], [rowguid], [intRowStatus], [idfsDefaultAggregateFunction], [blnShortAddressString], [strLookupFunction], [strLookupFunctionIdField], [strLookupFunctionNameField], [strLookupAttribute], [blnAllowMissedReferenceValues], [strReservedAttribute]) VALUES (10080968, 10081007, 10082058, NULL, 19000003, 'sflHC_LocationRegion', 'Region', 190, 60, NULL, NULL, NEWID(), 0, 10004003, 0, NULL, NULL, NULL, 'strRegionExtendedName', 1, NULL);
INSERT INTO [dbo].[tasSearchField] ([idfsSearchField], [idfsSearchFieldType], [idfsSearchObject], [idfsReferenceType], [idfsGISReferenceType], [strSearchFieldAlias], [strLookupTable], [intMapDisplayOrder], [intIncidenceDisplayOrder], [blnGeoLocationString], [strCalculatedFieldText], [rowguid], [intRowStatus], [idfsDefaultAggregateFunction], [blnShortAddressString], [strLookupFunction], [strLookupFunctionIdField], [strLookupFunctionNameField], [strLookupAttribute], [blnAllowMissedReferenceValues], [strReservedAttribute]) VALUES (10080969, 10081007, 10082058, NULL, 19000002, 'sflHC_LocationRayon', 'Rayon', 130, 20, NULL, NULL, NEWID(), 0, 10004003, 0, NULL, NULL, NULL, 'strRayonExtendedName', 1, NULL);
INSERT INTO [dbo].[tasSearchField] ([idfsSearchField], [idfsSearchFieldType], [idfsSearchObject], [idfsReferenceType], [idfsGISReferenceType], [strSearchFieldAlias], [strLookupTable], [intMapDisplayOrder], [intIncidenceDisplayOrder], [blnGeoLocationString], [strCalculatedFieldText], [rowguid], [intRowStatus], [idfsDefaultAggregateFunction], [blnShortAddressString], [strLookupFunction], [strLookupFunctionIdField], [strLookupFunctionNameField], [strLookupAttribute], [blnAllowMissedReferenceValues], [strReservedAttribute]) VALUES (10080970, 10081007, 10082058, NULL, 19000004, 'sflZD_Settlement', 'Settlement', 200, NULL, 0, NULL, NEWID(), 0, 10004003, 0, NULL, NULL, NULL, 'strSettlementExtendedName', 1, NULL);
INSERT INTO [dbo].[tasSearchField] ([idfsSearchField], [idfsSearchFieldType], [idfsSearchObject], [idfsReferenceType], [idfsGISReferenceType], [strSearchFieldAlias], [strLookupTable], [intMapDisplayOrder], [intIncidenceDisplayOrder], [blnGeoLocationString], [strCalculatedFieldText], [rowguid], [intRowStatus], [idfsDefaultAggregateFunction], [blnShortAddressString], [strLookupFunction], [strLookupFunctionIdField], [strLookupFunctionNameField], [strLookupAttribute], [blnAllowMissedReferenceValues], [strReservedAttribute]) VALUES (10080971, 10081007, 10082058, 19000043, NULL, 'sflHC_PatientSex', NULL, NULL, NULL, NULL, NULL, NEWID(), 0, 10004003, 0, NULL, NULL, NULL, 'name', 1, NULL);
INSERT INTO [dbo].[tasSearchField] ([idfsSearchField], [idfsSearchFieldType], [idfsSearchObject], [idfsReferenceType], [idfsGISReferenceType], [strSearchFieldAlias], [strLookupTable], [intMapDisplayOrder], [intIncidenceDisplayOrder], [blnGeoLocationString], [strCalculatedFieldText], [rowguid], [intRowStatus], [idfsDefaultAggregateFunction], [blnShortAddressString], [strLookupFunction], [strLookupFunctionIdField], [strLookupFunctionNameField], [strLookupAttribute], [blnAllowMissedReferenceValues], [strReservedAttribute]) VALUES (10080972, 10081002, 10082058, NULL, NULL, 'sflHC_PatientDOB', NULL, NULL, NULL, NULL, NULL, NEWID(), 0, 10004003, 0, NULL, NULL, NULL, NULL, 1, NULL);
INSERT INTO [dbo].[tasSearchField] ([idfsSearchField], [idfsSearchFieldType], [idfsSearchObject], [idfsReferenceType], [idfsGISReferenceType], [strSearchFieldAlias], [strLookupTable], [intMapDisplayOrder], [intIncidenceDisplayOrder], [blnGeoLocationString], [strCalculatedFieldText], [rowguid], [intRowStatus], [idfsDefaultAggregateFunction], [blnShortAddressString], [strLookupFunction], [strLookupFunctionIdField], [strLookupFunctionNameField], [strLookupAttribute], [blnAllowMissedReferenceValues], [strReservedAttribute]) VALUES (10080973, 10081006, 10082058, NULL, NULL, 'sflHC_PatientAge', NULL, NULL, NULL, NULL, NULL, NEWID(), 0, 10004001, 0, NULL, NULL, NULL, NULL, 0, NULL);

-- Add 'Outbreak Human Case Samples' - object
ALTER TABLE dbo.trtBaseReference DISABLE TRIGGER ALL
INSERT INTO [dbo].[trtBaseReference] ([idfsBaseReference], [idfsReferenceType], [strBaseReferenceCode], [strDefault], [intHACode], [intOrder], [blnSystem], [intRowStatus], [rowguid], [strMaintenanceFlag], [strReservedAttribute])
VALUES (10082059, 19000082, NULL, 'Outbreak Human Case Samples', 32, 0, 1, 0, NEWID(), NULL, NULL)
GO

INSERT INTO [dbo].[tasSearchObject] ([idfsSearchObject], [idfsFormType], [blnPrimary], [rowguid], [intRowStatus], [blnShowReportType], [strReservedAttribute])
VALUES (10082059, NULL, 0, NEWID(), 0, 0, NULL)
GO

INSERT INTO [dbo].[trtStringNameTranslation] ([idfsBaseReference], [idfsLanguage], [strTextString], [intRowStatus], [rowguid], [strMaintenanceFlag], [strReservedAttribute])
VALUES(10082059, 10049003,N'Outbreak Human Case Samples', 0, NEWID(), NULL, NULL)
INSERT INTO [dbo].[trtStringNameTranslation] ([idfsBaseReference], [idfsLanguage], [strTextString], [intRowStatus], [rowguid], [strMaintenanceFlag], [strReservedAttribute])
VALUES(10082059, 10049004,N'აფეთქების ადამიანის დაავადების შემთხვევის ნიმუშები', 0, NEWID(), NULL, NULL)
INSERT INTO [dbo].[trtStringNameTranslation] ([idfsBaseReference], [idfsLanguage], [strTextString], [intRowStatus], [rowguid], [strMaintenanceFlag], [strReservedAttribute])
VALUES(10082059, 10049001,N'Alovlanma İnsan xəstəliyi hadisəsi Nümunələr', 0, NEWID(), NULL, NULL)
INSERT INTO [dbo].[trtStringNameTranslation] ([idfsBaseReference], [idfsLanguage], [strTextString], [intRowStatus], [rowguid], [strMaintenanceFlag], [strReservedAttribute])
VALUES(10082059, 10049011,N'عيّنة عن حالة تفشي الأمراض البشرية', 0, NEWID(), NULL, NULL)
GO
ALTER TABLE dbo.trtBaseReference ENABLE TRIGGER ALL

-- Add relations - 'Outbreak Human Case Samples' child of 'Outbreak Human Case', used idfsParentSearchObject 10082016 as an example. 
INSERT INTO [dbo].[tasSearchObjectToSearchObject] ([idfsRelatedSearchObject], [idfsParentSearchObject], [rowguid], [strSubQueryJoinCondition], [blnUseForSubQuery], [strReservedAttribute])
VALUES(10082059, 10082057, NEWID(), 'v_{6}.[PKField] = v.[PKField] and v_{6}.[PKField_4582900000000] = v.[PKField_4582900000000] and v_{6}.[PKField_4582670000000] is not null', 0, NULL) -- TODO: verify value of [strSubQueryJoinCondition] with Mandar.
GO

-- Outbreak Human Case Samples - fields
INSERT INTO [dbo].[trtBaseReference] ([idfsBaseReference], [idfsReferenceType], [strBaseReferenceCode], [strDefault], [intHACode], [intOrder], [blnSystem], [intRowStatus], [rowguid], [strMaintenanceFlag], [strReservedAttribute]) VALUES (10080974, 19000080, 'sflSpecimenType', 'Outbreak Human Case Samples – Sample Type', 226, 0, NULL, 0, NEWID(), NULL, NULL);  -- using 10080122 as an example
INSERT INTO [dbo].[trtBaseReference] ([idfsBaseReference], [idfsReferenceType], [strBaseReferenceCode], [strDefault], [intHACode], [intOrder], [blnSystem], [intRowStatus], [rowguid], [strMaintenanceFlag], [strReservedAttribute]) VALUES (10080975, 19000080, 'sflLocalSampleID', 'Outbreak Human Case Samples – Local Sample ID', 226, 1, NULL, 0, NEWID(), NULL, NULL);  -- using 10080103 as an example
INSERT INTO [dbo].[trtBaseReference] ([idfsBaseReference], [idfsReferenceType], [strBaseReferenceCode], [strDefault], [intHACode], [intOrder], [blnSystem], [intRowStatus], [rowguid], [strMaintenanceFlag], [strReservedAttribute]) VALUES (10080976, 19000080, 'sflCollectionDate', 'Outbreak Human Case Samples – Collection Date', 226, 2, NULL, 0, NEWID(), NULL, NULL);  -- using 10080016 as an example
INSERT INTO [dbo].[trtBaseReference] ([idfsBaseReference], [idfsReferenceType], [strBaseReferenceCode], [strDefault], [intHACode], [intOrder], [blnSystem], [intRowStatus], [rowguid], [strMaintenanceFlag], [strReservedAttribute]) VALUES (10080977, 19000080, 'sflHCSample_ICS_CollectedByInst', 'Outbreak Human Case Samples – Collected by Institution', 2, 3, 1, 0, NEWID(), NULL, NULL);  -- using 10080723 as an example
INSERT INTO [dbo].[trtBaseReference] ([idfsBaseReference], [idfsReferenceType], [strBaseReferenceCode], [strDefault], [intHACode], [intOrder], [blnSystem], [intRowStatus], [rowguid], [strMaintenanceFlag], [strReservedAttribute]) VALUES (10080978, 19000080, 'sflSpeciemenSentDate', 'Outbreak Human Case Samples – Sent Date', 226, 4, NULL, 0, NEWID(), NULL, NULL);  -- using 10080121 as an example
INSERT INTO [dbo].[trtBaseReference] ([idfsBaseReference], [idfsReferenceType], [strBaseReferenceCode], [strDefault], [intHACode], [intOrder], [blnSystem], [intRowStatus], [rowguid], [strMaintenanceFlag], [strReservedAttribute]) VALUES (10080979, 19000080, 'sflHCSample_ICS_SentToOrganization', 'Outbreak Human Case Samples – Sent to Organization', 2, 5, 1, 0, NEWID(), NULL, NULL);  -- using 10080725 as an example
INSERT INTO [dbo].[trtBaseReference] ([idfsBaseReference], [idfsReferenceType], [strBaseReferenceCode], [strDefault], [intHACode], [intOrder], [blnSystem], [intRowStatus], [rowguid], [strMaintenanceFlag], [strReservedAttribute]) VALUES (10080980, 19000080, 'sflHCSample_ICS_AccessionDate', 'Outbreak Human Case Samples – Accession Date', 2, 6, 1, 0, NEWID(), NULL, NULL);  -- using 10080726 as an example
INSERT INTO [dbo].[trtBaseReference] ([idfsBaseReference], [idfsReferenceType], [strBaseReferenceCode], [strDefault], [intHACode], [intOrder], [blnSystem], [intRowStatus], [rowguid], [strMaintenanceFlag], [strReservedAttribute]) VALUES (10080981, 19000080, 'sflVPSample_ConditionReceived', 'Outbreak Human Case Samples – Sample Condition Received', 226, 7, 1, 0, NEWID(), NULL, NULL);  -- using 10080386 as an example

INSERT INTO [dbo].[trtStringNameTranslation] ([idfsBaseReference], [idfsLanguage], [strTextString], [intRowStatus], [rowguid], [strMaintenanceFlag], [strReservedAttribute]) VALUES (10080974, 10049003, N'Outbreak Human Case Samples – Sample Type', 0, NEWID(), NULL, NULL);
INSERT INTO [dbo].[trtStringNameTranslation] ([idfsBaseReference], [idfsLanguage], [strTextString], [intRowStatus], [rowguid], [strMaintenanceFlag], [strReservedAttribute]) VALUES (10080974, 10049004, N'აფეთქების ადამიანის დაავადების შემთხვევის ნიმუშები - ნიმუშის ტიპი', 0, NEWID(), NULL, NULL);
INSERT INTO [dbo].[trtStringNameTranslation] ([idfsBaseReference], [idfsLanguage], [strTextString], [intRowStatus], [rowguid], [strMaintenanceFlag], [strReservedAttribute]) VALUES (10080974, 10049001, N'Alovlanma İnsan Xəstəliyi Hadisəsi Nümunələr - Nümunənin növü', 0, NEWID(), NULL, NULL);
INSERT INTO [dbo].[trtStringNameTranslation] ([idfsBaseReference], [idfsLanguage], [strTextString], [intRowStatus], [rowguid], [strMaintenanceFlag], [strReservedAttribute]) VALUES (10080974, 10049011, N'عينات لحالة تفشي المرض البشري - نوع العينة ', 0, NEWID(), NULL, NULL);

INSERT INTO [dbo].[trtStringNameTranslation] ([idfsBaseReference], [idfsLanguage], [strTextString], [intRowStatus], [rowguid], [strMaintenanceFlag], [strReservedAttribute]) VALUES (10080975, 10049003, N'Outbreak Human Case Samples – Local Sample ID', 0, NEWID(), NULL, NULL);
INSERT INTO [dbo].[trtStringNameTranslation] ([idfsBaseReference], [idfsLanguage], [strTextString], [intRowStatus], [rowguid], [strMaintenanceFlag], [strReservedAttribute]) VALUES (10080975, 10049004, N'აფეთქების ადამიანის დაავადების შემთხვევის ნიმუშები - ადგილობრივი ნიმუშის ID', 0, NEWID(), NULL, NULL);
INSERT INTO [dbo].[trtStringNameTranslation] ([idfsBaseReference], [idfsLanguage], [strTextString], [intRowStatus], [rowguid], [strMaintenanceFlag], [strReservedAttribute]) VALUES (10080975, 10049001, N'Alovlanma İnsan Xəstəliyi Hadisəsi Nümunələr - Nümunənin yerli Q/N-si', 0, NEWID(), NULL, NULL);
INSERT INTO [dbo].[trtStringNameTranslation] ([idfsBaseReference], [idfsLanguage], [strTextString], [intRowStatus], [rowguid], [strMaintenanceFlag], [strReservedAttribute]) VALUES (10080975, 10049011, N'عينات لحالة تفشي المرض البشري -معرّف العينة المحلية ', 0, NEWID(), NULL, NULL);

INSERT INTO [dbo].[trtStringNameTranslation] ([idfsBaseReference], [idfsLanguage], [strTextString], [intRowStatus], [rowguid], [strMaintenanceFlag], [strReservedAttribute]) VALUES (10080976, 10049003, N'Outbreak Human Case Samples – Collection Date', 0, NEWID(), NULL, NULL);
INSERT INTO [dbo].[trtStringNameTranslation] ([idfsBaseReference], [idfsLanguage], [strTextString], [intRowStatus], [rowguid], [strMaintenanceFlag], [strReservedAttribute]) VALUES (10080976, 10049004, N'აფეთქების ადამიანის დაავადების შემთხვევის ნიმუშები - აღების თარიღი', 0, NEWID(), NULL, NULL);
INSERT INTO [dbo].[trtStringNameTranslation] ([idfsBaseReference], [idfsLanguage], [strTextString], [intRowStatus], [rowguid], [strMaintenanceFlag], [strReservedAttribute]) VALUES (10080976, 10049001, N'Alovlanma İnsan Xəstəliyi Hadisəsi Nümunələr - Toplama tarixi', 0, NEWID(), NULL, NULL);
INSERT INTO [dbo].[trtStringNameTranslation] ([idfsBaseReference], [idfsLanguage], [strTextString], [intRowStatus], [rowguid], [strMaintenanceFlag], [strReservedAttribute]) VALUES (10080976, 10049011, N'عينات لحالة تفشي المرض البشري -تاريخ الجمع ', 0, NEWID(), NULL, NULL);

INSERT INTO [dbo].[trtStringNameTranslation] ([idfsBaseReference], [idfsLanguage], [strTextString], [intRowStatus], [rowguid], [strMaintenanceFlag], [strReservedAttribute]) VALUES (10080977, 10049003, N'Outbreak Human Case Samples – Collected by Institution', 0, NEWID(), NULL, NULL);
INSERT INTO [dbo].[trtStringNameTranslation] ([idfsBaseReference], [idfsLanguage], [strTextString], [intRowStatus], [rowguid], [strMaintenanceFlag], [strReservedAttribute]) VALUES (10080977, 10049004, N'აფეთქების ადამიანის დაავადების შემთხვევის ნიმუშები - აღებულია დაწესებულების მიერ', 0, NEWID(), NULL, NULL);
INSERT INTO [dbo].[trtStringNameTranslation] ([idfsBaseReference], [idfsLanguage], [strTextString], [intRowStatus], [rowguid], [strMaintenanceFlag], [strReservedAttribute]) VALUES (10080977, 10049001, N'Alovlanma İnsan Xəstəliyi Hadisəsi Nümunələr - Toplayan müəssisə', 0, NEWID(), NULL, NULL);
INSERT INTO [dbo].[trtStringNameTranslation] ([idfsBaseReference], [idfsLanguage], [strTextString], [intRowStatus], [rowguid], [strMaintenanceFlag], [strReservedAttribute]) VALUES (10080977, 10049011, N'عينات لحالة تفشي المرض البشري - جمعتها المؤسسة ', 0, NEWID(), NULL, NULL);

INSERT INTO [dbo].[trtStringNameTranslation] ([idfsBaseReference], [idfsLanguage], [strTextString], [intRowStatus], [rowguid], [strMaintenanceFlag], [strReservedAttribute]) VALUES (10080978, 10049003, N'Outbreak Human Case Samples – Sent Date', 0, NEWID(), NULL, NULL);
INSERT INTO [dbo].[trtStringNameTranslation] ([idfsBaseReference], [idfsLanguage], [strTextString], [intRowStatus], [rowguid], [strMaintenanceFlag], [strReservedAttribute]) VALUES (10080978, 10049004, N'აფეთქების ადამიანის დაავადების შემთხვევის ნიმუშები -გაგზავნის თარიღი', 0, NEWID(), NULL, NULL);
INSERT INTO [dbo].[trtStringNameTranslation] ([idfsBaseReference], [idfsLanguage], [strTextString], [intRowStatus], [rowguid], [strMaintenanceFlag], [strReservedAttribute]) VALUES (10080978, 10049001, N'Alovlanma İnsan Xəstəliyi Hadisəsi Nümunələr - Göndərilmə tarixi', 0, NEWID(), NULL, NULL);
INSERT INTO [dbo].[trtStringNameTranslation] ([idfsBaseReference], [idfsLanguage], [strTextString], [intRowStatus], [rowguid], [strMaintenanceFlag], [strReservedAttribute]) VALUES (10080978, 10049011, N'عينات لحالة تفشي المرض البشري - تاريخ الارسال ', 0, NEWID(), NULL, NULL);

INSERT INTO [dbo].[trtStringNameTranslation] ([idfsBaseReference], [idfsLanguage], [strTextString], [intRowStatus], [rowguid], [strMaintenanceFlag], [strReservedAttribute]) VALUES (10080979, 10049003, N'Outbreak Human Case Samples – Sent to Organization', 0, NEWID(), NULL, NULL);
INSERT INTO [dbo].[trtStringNameTranslation] ([idfsBaseReference], [idfsLanguage], [strTextString], [intRowStatus], [rowguid], [strMaintenanceFlag], [strReservedAttribute]) VALUES (10080979, 10049004, N'აფეთქების ადამიანის დაავადების შემთხვევის ნიმუშები - გაგზავნილია ორგანიზაციაში', 0, NEWID(), NULL, NULL);
INSERT INTO [dbo].[trtStringNameTranslation] ([idfsBaseReference], [idfsLanguage], [strTextString], [intRowStatus], [rowguid], [strMaintenanceFlag], [strReservedAttribute]) VALUES (10080979, 10049001, N'Alovlanma İnsan Xəstəliyi Hadisəsi Nümunələr - Hara göndərilib', 0, NEWID(), NULL, NULL);
INSERT INTO [dbo].[trtStringNameTranslation] ([idfsBaseReference], [idfsLanguage], [strTextString], [intRowStatus], [rowguid], [strMaintenanceFlag], [strReservedAttribute]) VALUES (10080979, 10049011, N'عينات لحالة تفشي المرض البشري - اُرسل إلى المنظمة ', 0, NEWID(), NULL, NULL);

INSERT INTO [dbo].[trtStringNameTranslation] ([idfsBaseReference], [idfsLanguage], [strTextString], [intRowStatus], [rowguid], [strMaintenanceFlag], [strReservedAttribute]) VALUES (10080980, 10049003, N'Outbreak Human Case Samples – Accession Date', 0, NEWID(), NULL, NULL);
INSERT INTO [dbo].[trtStringNameTranslation] ([idfsBaseReference], [idfsLanguage], [strTextString], [intRowStatus], [rowguid], [strMaintenanceFlag], [strReservedAttribute]) VALUES (10080980, 10049004, N'აფეთქების ადამიანის დაავადების შემთხვევის ნიმუშები - მიღების თარიღი', 0, NEWID(), NULL, NULL);
INSERT INTO [dbo].[trtStringNameTranslation] ([idfsBaseReference], [idfsLanguage], [strTextString], [intRowStatus], [rowguid], [strMaintenanceFlag], [strReservedAttribute]) VALUES (10080980, 10049001, N'Alovlanma İnsan Xəstəliyi Hadisəsi Nümunələr - Qəbul edilmə tarixi', 0, NEWID(), NULL, NULL);
INSERT INTO [dbo].[trtStringNameTranslation] ([idfsBaseReference], [idfsLanguage], [strTextString], [intRowStatus], [rowguid], [strMaintenanceFlag], [strReservedAttribute]) VALUES (10080980, 10049011, N'عينات لحالة تفشي المرض البشري - تاريخ الانضمام ', 0, NEWID(), NULL, NULL);

INSERT INTO [dbo].[trtStringNameTranslation] ([idfsBaseReference], [idfsLanguage], [strTextString], [intRowStatus], [rowguid], [strMaintenanceFlag], [strReservedAttribute]) VALUES (10080981, 10049003, N'Outbreak Human Case Samples – Sample Condition Received', 0, NEWID(), NULL, NULL);
INSERT INTO [dbo].[trtStringNameTranslation] ([idfsBaseReference], [idfsLanguage], [strTextString], [intRowStatus], [rowguid], [strMaintenanceFlag], [strReservedAttribute]) VALUES (10080981, 10049004, N'აფეთქების ადამიანის დაავადების შემთხვევის ნიმუშები - ნიმუშის მდგომარეობა მიღებისას', 0, NEWID(), NULL, NULL);
INSERT INTO [dbo].[trtStringNameTranslation] ([idfsBaseReference], [idfsLanguage], [strTextString], [intRowStatus], [rowguid], [strMaintenanceFlag], [strReservedAttribute]) VALUES (10080981, 10049001, N'Alovlanma İnsan Xəstəliyi Hadisəsi Nümunələr - Qəbul zamanı nümunənin vəziyyəti', 0, NEWID(), NULL, NULL);
INSERT INTO [dbo].[trtStringNameTranslation] ([idfsBaseReference], [idfsLanguage], [strTextString], [intRowStatus], [rowguid], [strMaintenanceFlag], [strReservedAttribute]) VALUES (10080981, 10049011, N'عينات لحالة تفشي المرض البشري - وضع الحالة عند الاستلام ', 0, NEWID(), NULL, NULL);

INSERT INTO [dbo].[tasSearchField] ([idfsSearchField], [idfsSearchFieldType], [idfsSearchObject], [idfsReferenceType], [idfsGISReferenceType], [strSearchFieldAlias], [strLookupTable], [intMapDisplayOrder], [intIncidenceDisplayOrder], [blnGeoLocationString], [strCalculatedFieldText], [rowguid], [intRowStatus], [idfsDefaultAggregateFunction], [blnShortAddressString], [strLookupFunction], [strLookupFunctionIdField], [strLookupFunctionNameField], [strLookupAttribute], [blnAllowMissedReferenceValues], [strReservedAttribute]) VALUES (10080974, 10081007, 10082059, 19000087, NULL, 'sflHCSample_SampleType', 'rftSampleType', NULL, NULL, NULL, NULL, NEWID(), 0, 10004003, 0, NULL, NULL, NULL, 'name', 1, NULL);
INSERT INTO [dbo].[tasSearchField] ([idfsSearchField], [idfsSearchFieldType], [idfsSearchObject], [idfsReferenceType], [idfsGISReferenceType], [strSearchFieldAlias], [strLookupTable], [intMapDisplayOrder], [intIncidenceDisplayOrder], [blnGeoLocationString], [strCalculatedFieldText], [rowguid], [intRowStatus], [idfsDefaultAggregateFunction], [blnShortAddressString], [strLookupFunction], [strLookupFunctionIdField], [strLookupFunctionNameField], [strLookupAttribute], [blnAllowMissedReferenceValues], [strReservedAttribute]) VALUES (10080975, 10081007, 10082059, NULL, NULL, 'sflHCSample_FieldSampleID', NULL, NULL, NULL, NULL, NULL, NEWID(), 0, 10004020, 0, NULL, NULL, NULL, NULL, 1, NULL);
INSERT INTO [dbo].[tasSearchField] ([idfsSearchField], [idfsSearchFieldType], [idfsSearchObject], [idfsReferenceType], [idfsGISReferenceType], [strSearchFieldAlias], [strLookupTable], [intMapDisplayOrder], [intIncidenceDisplayOrder], [blnGeoLocationString], [strCalculatedFieldText], [rowguid], [intRowStatus], [idfsDefaultAggregateFunction], [blnShortAddressString], [strLookupFunction], [strLookupFunctionIdField], [strLookupFunctionNameField], [strLookupAttribute], [blnAllowMissedReferenceValues], [strReservedAttribute]) VALUES (10080976, 10081002, 10082059, NULL, NULL, 'sflHCSample_CollectionDate', NULL, NULL, NULL, NULL, NULL, NEWID(), 0, 10004003, 0, NULL, NULL, NULL, NULL, 1, NULL);
INSERT INTO [dbo].[tasSearchField] ([idfsSearchField], [idfsSearchFieldType], [idfsSearchObject], [idfsReferenceType], [idfsGISReferenceType], [strSearchFieldAlias], [strLookupTable], [intMapDisplayOrder], [intIncidenceDisplayOrder], [blnGeoLocationString], [strCalculatedFieldText], [rowguid], [intRowStatus], [idfsDefaultAggregateFunction], [blnShortAddressString], [strLookupFunction], [strLookupFunctionIdField], [strLookupFunctionNameField], [strLookupAttribute], [blnAllowMissedReferenceValues], [strReservedAttribute]) VALUES (10080977, 10081007, 10082059, 19000046, NULL, 'sflHCSample_ICS_CollectedByInst', 'Organization', NULL, NULL, 0, NULL, NEWID(), 0, 10004003, 0, NULL, NULL, NULL, 'FullName', 1, NULL);
INSERT INTO [dbo].[tasSearchField] ([idfsSearchField], [idfsSearchFieldType], [idfsSearchObject], [idfsReferenceType], [idfsGISReferenceType], [strSearchFieldAlias], [strLookupTable], [intMapDisplayOrder], [intIncidenceDisplayOrder], [blnGeoLocationString], [strCalculatedFieldText], [rowguid], [intRowStatus], [idfsDefaultAggregateFunction], [blnShortAddressString], [strLookupFunction], [strLookupFunctionIdField], [strLookupFunctionNameField], [strLookupAttribute], [blnAllowMissedReferenceValues], [strReservedAttribute]) VALUES (10080978, 10081002, 10082059, NULL, NULL, 'sflHCSample_SentDate', NULL, NULL, NULL, NULL, NULL, NEWID(), 0, 10004003, 0, NULL, NULL, NULL, NULL, 1, NULL);
INSERT INTO [dbo].[tasSearchField] ([idfsSearchField], [idfsSearchFieldType], [idfsSearchObject], [idfsReferenceType], [idfsGISReferenceType], [strSearchFieldAlias], [strLookupTable], [intMapDisplayOrder], [intIncidenceDisplayOrder], [blnGeoLocationString], [strCalculatedFieldText], [rowguid], [intRowStatus], [idfsDefaultAggregateFunction], [blnShortAddressString], [strLookupFunction], [strLookupFunctionIdField], [strLookupFunctionNameField], [strLookupAttribute], [blnAllowMissedReferenceValues], [strReservedAttribute]) VALUES (10080979, 10081007, 10082059, 19000046, NULL, 'sflHCSample_ICS_SentToOrganization', 'Organization', NULL, NULL, 0, NULL, NEWID(), 0, 10004003, 0, NULL, NULL, NULL, 'FullName', 1, NULL);
INSERT INTO [dbo].[tasSearchField] ([idfsSearchField], [idfsSearchFieldType], [idfsSearchObject], [idfsReferenceType], [idfsGISReferenceType], [strSearchFieldAlias], [strLookupTable], [intMapDisplayOrder], [intIncidenceDisplayOrder], [blnGeoLocationString], [strCalculatedFieldText], [rowguid], [intRowStatus], [idfsDefaultAggregateFunction], [blnShortAddressString], [strLookupFunction], [strLookupFunctionIdField], [strLookupFunctionNameField], [strLookupAttribute], [blnAllowMissedReferenceValues], [strReservedAttribute]) VALUES (10080980, 10081002, 10082059, NULL, NULL, 'sflHCSample_ICS_AccessionDate', NULL, NULL, NULL, 0, NULL, NEWID(), 0, 10004003, 0, NULL, NULL, NULL, NULL, 1, NULL);
INSERT INTO [dbo].[tasSearchField] ([idfsSearchField], [idfsSearchFieldType], [idfsSearchObject], [idfsReferenceType], [idfsGISReferenceType], [strSearchFieldAlias], [strLookupTable], [intMapDisplayOrder], [intIncidenceDisplayOrder], [blnGeoLocationString], [strCalculatedFieldText], [rowguid], [intRowStatus], [idfsDefaultAggregateFunction], [blnShortAddressString], [strLookupFunction], [strLookupFunctionIdField], [strLookupFunctionNameField], [strLookupAttribute], [blnAllowMissedReferenceValues], [strReservedAttribute]) VALUES (10080981, 10081007, 10082059, NULL, NULL, 'sflVPSample_ConditionReceived', NULL, NULL, NULL, 0, NULL, NEWID(), 0, 10004003, 0, NULL, NULL, NULL, NULL, 0, NULL);

-- Add 'Outbreak Human Case Tests' - object
ALTER TABLE dbo.trtBaseReference DISABLE TRIGGER ALL
INSERT INTO [dbo].[trtBaseReference] ([idfsBaseReference], [idfsReferenceType], [strBaseReferenceCode], [strDefault], [intHACode], [intOrder], [blnSystem], [intRowStatus], [rowguid], [strMaintenanceFlag], [strReservedAttribute])
VALUES (10082060, 19000082, NULL, 'Outbreak Human Case Tests', 32, 0, 1, 0, NEWID(), NULL, NULL)
GO

INSERT INTO [dbo].[tasSearchObject] ([idfsSearchObject], [idfsFormType], [blnPrimary], [rowguid], [intRowStatus], [blnShowReportType], [strReservedAttribute])
VALUES (10082060, NULL, 0, NEWID(), 0, 0, NULL)
GO

INSERT INTO [dbo].[trtStringNameTranslation] ([idfsBaseReference], [idfsLanguage], [strTextString], [intRowStatus], [rowguid], [strMaintenanceFlag], [strReservedAttribute])
VALUES(10082060, 10049003,N'Outbreak Human Case Tests', 0, NEWID(), NULL, NULL)
INSERT INTO [dbo].[trtStringNameTranslation] ([idfsBaseReference], [idfsLanguage], [strTextString], [intRowStatus], [rowguid], [strMaintenanceFlag], [strReservedAttribute])
VALUES(10082060, 10049004,N'აფეთქების ადამიანის დაავადების შემთხვევის ტესტები', 0, NEWID(), NULL, NULL)
INSERT INTO [dbo].[trtStringNameTranslation] ([idfsBaseReference], [idfsLanguage], [strTextString], [intRowStatus], [rowguid], [strMaintenanceFlag], [strReservedAttribute])
VALUES(10082060, 10049001,N'Alovlanma İnsan xəstəliyi hadisəsi Testlər', 0, NEWID(), NULL, NULL)
INSERT INTO [dbo].[trtStringNameTranslation] ([idfsBaseReference], [idfsLanguage], [strTextString], [intRowStatus], [rowguid], [strMaintenanceFlag], [strReservedAttribute])
VALUES(10082060, 10049011,N'إختبارات حالة تفشي الأمراض البشرية', 0, NEWID(), NULL, NULL)
GO
ALTER TABLE dbo.trtBaseReference ENABLE TRIGGER ALL

-- Add relations - 'Outbreak Human Case Tests' child of 'Outbreak Human Case', used idfsParentSearchObject 10082016 as an example. 
INSERT INTO [dbo].[tasSearchObjectToSearchObject] ([idfsRelatedSearchObject], [idfsParentSearchObject], [rowguid], [strSubQueryJoinCondition], [blnUseForSubQuery], [strReservedAttribute])
VALUES(10082060, 10082057, NEWID(), 'v_{6}.[PKField] = v.[PKField] and v_{6}.[PKField_4582900000000] = v.[PKField_4582900000000] and v_{6}.[PKField_4582670000000] is not null', 0, NULL) -- TODO: verify value of [strSubQueryJoinCondition] with Mandar.
GO

-- Outbreak Human Case Tests - fields
INSERT INTO [dbo].[trtBaseReference] ([idfsBaseReference], [idfsReferenceType], [strBaseReferenceCode], [strDefault], [intHACode], [intOrder], [blnSystem], [intRowStatus], [rowguid], [strMaintenanceFlag], [strReservedAttribute]) VALUES (10080982, 19000080, 'sflSpecimenType', 'Outbreak Human Case Tests – Sample Type', 226, 0, NULL, 0, NEWID(), NULL, NULL);  -- using 10080122 as an example
INSERT INTO [dbo].[trtBaseReference] ([idfsBaseReference], [idfsReferenceType], [strBaseReferenceCode], [strDefault], [intHACode], [intOrder], [blnSystem], [intRowStatus], [rowguid], [strMaintenanceFlag], [strReservedAttribute]) VALUES (10080983, 19000080, 'sflLocalSampleID', 'Outbreak Human Case Tests – Local Sample ID', 226, 1, NULL, 0, NEWID(), NULL, NULL);  -- using 10080103 as an example
INSERT INTO [dbo].[trtBaseReference] ([idfsBaseReference], [idfsReferenceType], [strBaseReferenceCode], [strDefault], [intHACode], [intOrder], [blnSystem], [intRowStatus], [rowguid], [strMaintenanceFlag], [strReservedAttribute]) VALUES (10080984, 19000080, 'sflLabSampleID', 'Outbreak Human Case Tests – Lab Sample ID', 226, 2, NULL, 0, NEWID(), NULL, NULL);  -- using 10080101 as an example
INSERT INTO [dbo].[trtBaseReference] ([idfsBaseReference], [idfsReferenceType], [strBaseReferenceCode], [strDefault], [intHACode], [intOrder], [blnSystem], [intRowStatus], [rowguid], [strMaintenanceFlag], [strReservedAttribute]) VALUES (10080985, 19000080, 'sflTest_Type', 'Outbreak Human Case Tests – Test Name', 226, 3, NULL, 0, NEWID(), NULL, NULL);  -- using 10080132 as an example
INSERT INTO [dbo].[trtBaseReference] ([idfsBaseReference], [idfsReferenceType], [strBaseReferenceCode], [strDefault], [intHACode], [intOrder], [blnSystem], [intRowStatus], [rowguid], [strMaintenanceFlag], [strReservedAttribute]) VALUES (10080986, 19000080, 'sflTestResult', 'Outbreak Human Case Tests – Test Result', 226, 4, NULL, 0, NEWID(), NULL, NULL);  -- using 10080134 as an example
INSERT INTO [dbo].[trtBaseReference] ([idfsBaseReference], [idfsReferenceType], [strBaseReferenceCode], [strDefault], [intHACode], [intOrder], [blnSystem], [intRowStatus], [rowguid], [strMaintenanceFlag], [strReservedAttribute]) VALUES (10080987, 19000080, NULL, 'Outbreak Human Case Tests – Result Date', 2, 5, 1, 0, NEWID(), NULL, NULL);  -- using 10080280 as an example
INSERT INTO [dbo].[trtBaseReference] ([idfsBaseReference], [idfsReferenceType], [strBaseReferenceCode], [strDefault], [intHACode], [intOrder], [blnSystem], [intRowStatus], [rowguid], [strMaintenanceFlag], [strReservedAttribute]) VALUES (10080988, 19000080, 'sflHACD_StartDate', 'Outbreak Human Case Tests – Test Started Date', 2, 6, 1, 0, NEWID(), NULL, NULL);  -- using 10080691 as an example
INSERT INTO [dbo].[trtBaseReference] ([idfsBaseReference], [idfsReferenceType], [strBaseReferenceCode], [strDefault], [intHACode], [intOrder], [blnSystem], [intRowStatus], [rowguid], [strMaintenanceFlag], [strReservedAttribute]) VALUES (10080989, 19000080, 'sflHCTest_TestCategory', 'Outbreak Human Case Tests – Test Category', 226, 7, 1, 0, NEWID(), NULL, NULL);  -- using 10080510 as an example
INSERT INTO [dbo].[trtBaseReference] ([idfsBaseReference], [idfsReferenceType], [strBaseReferenceCode], [strDefault], [intHACode], [intOrder], [blnSystem], [intRowStatus], [rowguid], [strMaintenanceFlag], [strReservedAttribute]) VALUES (10080990, 19000080, 'sflOHCT_RuleInOut', 'Outbreak Human Case Tests – Rule In/Rule Out', 226, 8, 1, 0, NEWID(), NULL, NULL);  -- no examples, rule in and rule out values as an example 
INSERT INTO [dbo].[trtBaseReference] ([idfsBaseReference], [idfsReferenceType], [strBaseReferenceCode], [strDefault], [intHACode], [intOrder], [blnSystem], [intRowStatus], [rowguid], [strMaintenanceFlag], [strReservedAttribute]) VALUES (10080991, 19000080, 'sflOHCT_DateInterpreted', 'Outbreak Human Case Tests – Date Interpreted', 226, 9, 1, 0, NEWID(), NULL, NULL);  -- using 10080926 as an example
INSERT INTO [dbo].[trtBaseReference] ([idfsBaseReference], [idfsReferenceType], [strBaseReferenceCode], [strDefault], [intHACode], [intOrder], [blnSystem], [intRowStatus], [rowguid], [strMaintenanceFlag], [strReservedAttribute]) VALUES (10080992, 19000080, 'sflOHCT_InterpretedBy', 'Outbreak Human Case Tests – Interpreted by', 226, 10, 1, 0, NEWID(), NULL, NULL);  -- no examples
INSERT INTO [dbo].[trtBaseReference] ([idfsBaseReference], [idfsReferenceType], [strBaseReferenceCode], [strDefault], [intHACode], [intOrder], [blnSystem], [intRowStatus], [rowguid], [strMaintenanceFlag], [strReservedAttribute]) VALUES (10080993, 19000080, 'sflOHCT_Validated', 'Outbreak Human Case Tests – Validated', 226, 11, 1, 0, NEWID(), NULL, NULL);  -- using 10080556 as an example, Yes No value
INSERT INTO [dbo].[trtBaseReference] ([idfsBaseReference], [idfsReferenceType], [strBaseReferenceCode], [strDefault], [intHACode], [intOrder], [blnSystem], [intRowStatus], [rowguid], [strMaintenanceFlag], [strReservedAttribute]) VALUES (10080994, 19000080, 'sflOHCT_DateValidated', 'Outbreak Human Case Tests – Date Validated', 226, 12, 1, 0, NEWID(), NULL, NULL);  -- no examples 

INSERT INTO [dbo].[trtStringNameTranslation] ([idfsBaseReference], [idfsLanguage], [strTextString], [intRowStatus], [rowguid], [strMaintenanceFlag], [strReservedAttribute]) VALUES (10080982, 10049003, N'Outbreak Human Case Tests – Sample Type', 0, NEWID(), NULL, NULL);
INSERT INTO [dbo].[trtStringNameTranslation] ([idfsBaseReference], [idfsLanguage], [strTextString], [intRowStatus], [rowguid], [strMaintenanceFlag], [strReservedAttribute]) VALUES (10080982, 10049004, N'აფეთქების ადამიანის დაავადების შემთხვევის ტესტები - ნიმუშის ტიპი', 0, NEWID(), NULL, NULL);
INSERT INTO [dbo].[trtStringNameTranslation] ([idfsBaseReference], [idfsLanguage], [strTextString], [intRowStatus], [rowguid], [strMaintenanceFlag], [strReservedAttribute]) VALUES (10080982, 10049001, N'Alovlanma İnsan Xəstəliyi Hadisəsi Testlər - Nümunənin növü', 0, NEWID(), NULL, NULL);
INSERT INTO [dbo].[trtStringNameTranslation] ([idfsBaseReference], [idfsLanguage], [strTextString], [intRowStatus], [rowguid], [strMaintenanceFlag], [strReservedAttribute]) VALUES (10080982, 10049011, N'اختبار لحالة تفشي المرض البشري - نوع العينة ', 0, NEWID(), NULL, NULL);

INSERT INTO [dbo].[trtStringNameTranslation] ([idfsBaseReference], [idfsLanguage], [strTextString], [intRowStatus], [rowguid], [strMaintenanceFlag], [strReservedAttribute]) VALUES (10080983, 10049003, N'Outbreak Human Case Tests – Local Sample ID', 0, NEWID(), NULL, NULL);
INSERT INTO [dbo].[trtStringNameTranslation] ([idfsBaseReference], [idfsLanguage], [strTextString], [intRowStatus], [rowguid], [strMaintenanceFlag], [strReservedAttribute]) VALUES (10080983, 10049004, N'აფეთქების ადამიანის დაავადების შემთხვევის ტესტები - ადგილობრივი ნიმუშის ID', 0, NEWID(), NULL, NULL);
INSERT INTO [dbo].[trtStringNameTranslation] ([idfsBaseReference], [idfsLanguage], [strTextString], [intRowStatus], [rowguid], [strMaintenanceFlag], [strReservedAttribute]) VALUES (10080983, 10049001, N'Alovlanma İnsan Xəstəliyi Hadisəsi Testlər - Nümunənin yerli Q/N-si', 0, NEWID(), NULL, NULL);
INSERT INTO [dbo].[trtStringNameTranslation] ([idfsBaseReference], [idfsLanguage], [strTextString], [intRowStatus], [rowguid], [strMaintenanceFlag], [strReservedAttribute]) VALUES (10080983, 10049011, N'اختبار لحالة تفشي المرض البشري - معرّف العينة المحلية ', 0, NEWID(), NULL, NULL);

INSERT INTO [dbo].[trtStringNameTranslation] ([idfsBaseReference], [idfsLanguage], [strTextString], [intRowStatus], [rowguid], [strMaintenanceFlag], [strReservedAttribute]) VALUES (10080984, 10049003, N'Outbreak Human Case Tests – Lab Sample ID', 0, NEWID(), NULL, NULL);
INSERT INTO [dbo].[trtStringNameTranslation] ([idfsBaseReference], [idfsLanguage], [strTextString], [intRowStatus], [rowguid], [strMaintenanceFlag], [strReservedAttribute]) VALUES (10080984, 10049004, N'აფეთქების ადამიანის დაავადების შემთხვევის ტესტები - ლაბორატორიული ნიმუშის ID', 0, NEWID(), NULL, NULL);
INSERT INTO [dbo].[trtStringNameTranslation] ([idfsBaseReference], [idfsLanguage], [strTextString], [intRowStatus], [rowguid], [strMaintenanceFlag], [strReservedAttribute]) VALUES (10080984, 10049001, N'Alovlanma İnsan Xəstəliyi Hadisəsi Testlər - Laborator nümunənin Q/N-si', 0, NEWID(), NULL, NULL);
INSERT INTO [dbo].[trtStringNameTranslation] ([idfsBaseReference], [idfsLanguage], [strTextString], [intRowStatus], [rowguid], [strMaintenanceFlag], [strReservedAttribute]) VALUES (10080984, 10049011, N'اختبار لحالة تفشي المرض البشري -معرّف العينة المخبرية ', 0, NEWID(), NULL, NULL);

INSERT INTO [dbo].[trtStringNameTranslation] ([idfsBaseReference], [idfsLanguage], [strTextString], [intRowStatus], [rowguid], [strMaintenanceFlag], [strReservedAttribute]) VALUES (10080985, 10049003, N'Outbreak Human Case Tests – Test Name', 0, NEWID(), NULL, NULL);
INSERT INTO [dbo].[trtStringNameTranslation] ([idfsBaseReference], [idfsLanguage], [strTextString], [intRowStatus], [rowguid], [strMaintenanceFlag], [strReservedAttribute]) VALUES (10080985, 10049004, N'აფეთქების ადამიანის დაავადების შემთხვევის ტესტები - ტესტის დასახელება', 0, NEWID(), NULL, NULL);
INSERT INTO [dbo].[trtStringNameTranslation] ([idfsBaseReference], [idfsLanguage], [strTextString], [intRowStatus], [rowguid], [strMaintenanceFlag], [strReservedAttribute]) VALUES (10080985, 10049001, N'Alovlanma İnsan Xəstəliyi Hadisəsi Testlər - Testin adı', 0, NEWID(), NULL, NULL);
INSERT INTO [dbo].[trtStringNameTranslation] ([idfsBaseReference], [idfsLanguage], [strTextString], [intRowStatus], [rowguid], [strMaintenanceFlag], [strReservedAttribute]) VALUES (10080985, 10049011, N'اختبار لحالة تفشي المرض البشري - اسم الاختبار ', 0, NEWID(), NULL, NULL);

INSERT INTO [dbo].[trtStringNameTranslation] ([idfsBaseReference], [idfsLanguage], [strTextString], [intRowStatus], [rowguid], [strMaintenanceFlag], [strReservedAttribute]) VALUES (10080986, 10049003, N'Outbreak Human Case Tests – Test Result', 0, NEWID(), NULL, NULL);
INSERT INTO [dbo].[trtStringNameTranslation] ([idfsBaseReference], [idfsLanguage], [strTextString], [intRowStatus], [rowguid], [strMaintenanceFlag], [strReservedAttribute]) VALUES (10080986, 10049004, N'აფეთქების ადამიანის დაავადების შემთხვევის ტესტები - ტესტის შედეგი', 0, NEWID(), NULL, NULL);
INSERT INTO [dbo].[trtStringNameTranslation] ([idfsBaseReference], [idfsLanguage], [strTextString], [intRowStatus], [rowguid], [strMaintenanceFlag], [strReservedAttribute]) VALUES (10080986, 10049001, N'Alovlanma İnsan Xəstəliyi Hadisəsi Testlər - Testin nəticəsi', 0, NEWID(), NULL, NULL);
INSERT INTO [dbo].[trtStringNameTranslation] ([idfsBaseReference], [idfsLanguage], [strTextString], [intRowStatus], [rowguid], [strMaintenanceFlag], [strReservedAttribute]) VALUES (10080986, 10049011, N'اختبار لحالة تفشي المرض البشري - نتيجة الاختبار ', 0, NEWID(), NULL, NULL);

INSERT INTO [dbo].[trtStringNameTranslation] ([idfsBaseReference], [idfsLanguage], [strTextString], [intRowStatus], [rowguid], [strMaintenanceFlag], [strReservedAttribute]) VALUES (10080987, 10049003, N'Outbreak Human Case Tests – Result Date', 0, NEWID(), NULL, NULL);
INSERT INTO [dbo].[trtStringNameTranslation] ([idfsBaseReference], [idfsLanguage], [strTextString], [intRowStatus], [rowguid], [strMaintenanceFlag], [strReservedAttribute]) VALUES (10080987, 10049004, N'აფეთქების ადამიანის დაავადების შემთხვევის ტესტები - შედეგის თარიღი', 0, NEWID(), NULL, NULL);
INSERT INTO [dbo].[trtStringNameTranslation] ([idfsBaseReference], [idfsLanguage], [strTextString], [intRowStatus], [rowguid], [strMaintenanceFlag], [strReservedAttribute]) VALUES (10080987, 10049001, N'Alovlanma İnsan Xəstəliyi Hadisəsi Testlər - Nəticənin tarixi', 0, NEWID(), NULL, NULL);
INSERT INTO [dbo].[trtStringNameTranslation] ([idfsBaseReference], [idfsLanguage], [strTextString], [intRowStatus], [rowguid], [strMaintenanceFlag], [strReservedAttribute]) VALUES (10080987, 10049011, N'اختبار لحالة تفشي المرض البشري - تاريخ النتيجة ', 0, NEWID(), NULL, NULL);

INSERT INTO [dbo].[trtStringNameTranslation] ([idfsBaseReference], [idfsLanguage], [strTextString], [intRowStatus], [rowguid], [strMaintenanceFlag], [strReservedAttribute]) VALUES (10080988, 10049003, N'Outbreak Human Case Tests – Test Started Date', 0, NEWID(), NULL, NULL);
INSERT INTO [dbo].[trtStringNameTranslation] ([idfsBaseReference], [idfsLanguage], [strTextString], [intRowStatus], [rowguid], [strMaintenanceFlag], [strReservedAttribute]) VALUES (10080988, 10049004, N'აფეთქების ადამიანის დაავადების შემთხვევის ტესტები - ტესტის დაწყების თარიღი', 0, NEWID(), NULL, NULL);
INSERT INTO [dbo].[trtStringNameTranslation] ([idfsBaseReference], [idfsLanguage], [strTextString], [intRowStatus], [rowguid], [strMaintenanceFlag], [strReservedAttribute]) VALUES (10080988, 10049001, N'Alovlanma İnsan Xəstəliyi Hadisəsi Testlər - Testin başlanma tarixi', 0, NEWID(), NULL, NULL);
INSERT INTO [dbo].[trtStringNameTranslation] ([idfsBaseReference], [idfsLanguage], [strTextString], [intRowStatus], [rowguid], [strMaintenanceFlag], [strReservedAttribute]) VALUES (10080988, 10049011, N'اختبار لحالة تفشي المرض البشري - تاريخ بدء الاختبار ', 0, NEWID(), NULL, NULL);

INSERT INTO [dbo].[trtStringNameTranslation] ([idfsBaseReference], [idfsLanguage], [strTextString], [intRowStatus], [rowguid], [strMaintenanceFlag], [strReservedAttribute]) VALUES (10080989, 10049003, N'Outbreak Human Case Tests – Test Category', 0, NEWID(), NULL, NULL);
INSERT INTO [dbo].[trtStringNameTranslation] ([idfsBaseReference], [idfsLanguage], [strTextString], [intRowStatus], [rowguid], [strMaintenanceFlag], [strReservedAttribute]) VALUES (10080989, 10049004, N'აფეთქების ადამიანის დაავადების შემთხვევის ტესტები - ტესტის კატეგორია', 0, NEWID(), NULL, NULL);
INSERT INTO [dbo].[trtStringNameTranslation] ([idfsBaseReference], [idfsLanguage], [strTextString], [intRowStatus], [rowguid], [strMaintenanceFlag], [strReservedAttribute]) VALUES (10080989, 10049001, N'Alovlanma İnsan Xəstəliyi Hadisəsi Testlər - Testin kateqoriyası', 0, NEWID(), NULL, NULL);
INSERT INTO [dbo].[trtStringNameTranslation] ([idfsBaseReference], [idfsLanguage], [strTextString], [intRowStatus], [rowguid], [strMaintenanceFlag], [strReservedAttribute]) VALUES (10080989, 10049011, N'اختبار لحالة تفشي المرض البشري - فئة الاختبار ', 0, NEWID(), NULL, NULL);

INSERT INTO [dbo].[trtStringNameTranslation] ([idfsBaseReference], [idfsLanguage], [strTextString], [intRowStatus], [rowguid], [strMaintenanceFlag], [strReservedAttribute]) VALUES (10080990, 10049003, N'Outbreak Human Case Tests – Rule In/Rule Out', 0, NEWID(), NULL, NULL);
INSERT INTO [dbo].[trtStringNameTranslation] ([idfsBaseReference], [idfsLanguage], [strTextString], [intRowStatus], [rowguid], [strMaintenanceFlag], [strReservedAttribute]) VALUES (10080990, 10049004, N'აფეთქების ადამიანის დაავადების შემთხვევის ტესტები - დადასტურება/უკუგდება', 0, NEWID(), NULL, NULL);
INSERT INTO [dbo].[trtStringNameTranslation] ([idfsBaseReference], [idfsLanguage], [strTextString], [intRowStatus], [rowguid], [strMaintenanceFlag], [strReservedAttribute]) VALUES (10080990, 10049001, N'Alovlanma İnsan Xəstəliyi Hadisəsi Testlər - Təsdiq olunma /İnkar olunma', 0, NEWID(), NULL, NULL);
INSERT INTO [dbo].[trtStringNameTranslation] ([idfsBaseReference], [idfsLanguage], [strTextString], [intRowStatus], [rowguid], [strMaintenanceFlag], [strReservedAttribute]) VALUES (10080990, 10049011, N'اختبار لحالة تفشي المرض البشري - التأكيد / الاستبعاد', 0, NEWID(), NULL, NULL);

INSERT INTO [dbo].[trtStringNameTranslation] ([idfsBaseReference], [idfsLanguage], [strTextString], [intRowStatus], [rowguid], [strMaintenanceFlag], [strReservedAttribute]) VALUES (10080991, 10049003, N'Outbreak Human Case Tests – Date Interpreted', 0, NEWID(), NULL, NULL);
INSERT INTO [dbo].[trtStringNameTranslation] ([idfsBaseReference], [idfsLanguage], [strTextString], [intRowStatus], [rowguid], [strMaintenanceFlag], [strReservedAttribute]) VALUES (10080991, 10049004, N'აფეთქების ადამიანის დაავადების შემთხვევის ტესტები - ინტერპრეტაციის თარიღი', 0, NEWID(), NULL, NULL);
INSERT INTO [dbo].[trtStringNameTranslation] ([idfsBaseReference], [idfsLanguage], [strTextString], [intRowStatus], [rowguid], [strMaintenanceFlag], [strReservedAttribute]) VALUES (10080991, 10049001, N'Alovlanma İnsan Xəstəliyi Hadisəsi Testlər - Şərh edilmə tarixi', 0, NEWID(), NULL, NULL);
INSERT INTO [dbo].[trtStringNameTranslation] ([idfsBaseReference], [idfsLanguage], [strTextString], [intRowStatus], [rowguid], [strMaintenanceFlag], [strReservedAttribute]) VALUES (10080991, 10049011, N'اختبار لحالة تفشي المرض البشري - تاريخ  التفسير ', 0, NEWID(), NULL, NULL);

INSERT INTO [dbo].[trtStringNameTranslation] ([idfsBaseReference], [idfsLanguage], [strTextString], [intRowStatus], [rowguid], [strMaintenanceFlag], [strReservedAttribute]) VALUES (10080992, 10049003, N'Outbreak Human Case Tests – Interpreted by', 0, NEWID(), NULL, NULL);
INSERT INTO [dbo].[trtStringNameTranslation] ([idfsBaseReference], [idfsLanguage], [strTextString], [intRowStatus], [rowguid], [strMaintenanceFlag], [strReservedAttribute]) VALUES (10080992, 10049004, N'აფეთქების ადამიანის დაავადების შემთხვევის ტესტები - ვის მიერ არის ინტერპრეტირებული', 0, NEWID(), NULL, NULL);
INSERT INTO [dbo].[trtStringNameTranslation] ([idfsBaseReference], [idfsLanguage], [strTextString], [intRowStatus], [rowguid], [strMaintenanceFlag], [strReservedAttribute]) VALUES (10080992, 10049001, N'Alovlanma İnsan Xəstəliyi Hadisəsi Testlər - Şərh edən ', 0, NEWID(), NULL, NULL);
INSERT INTO [dbo].[trtStringNameTranslation] ([idfsBaseReference], [idfsLanguage], [strTextString], [intRowStatus], [rowguid], [strMaintenanceFlag], [strReservedAttribute]) VALUES (10080992, 10049011, N'اختبار لحالة تفشي المرض البشري -  تم تفسيره من خلال ', 0, NEWID(), NULL, NULL);

INSERT INTO [dbo].[trtStringNameTranslation] ([idfsBaseReference], [idfsLanguage], [strTextString], [intRowStatus], [rowguid], [strMaintenanceFlag], [strReservedAttribute]) VALUES (10080993, 10049003, N'Outbreak Human Case Tests – Validated', 0, NEWID(), NULL, NULL);
INSERT INTO [dbo].[trtStringNameTranslation] ([idfsBaseReference], [idfsLanguage], [strTextString], [intRowStatus], [rowguid], [strMaintenanceFlag], [strReservedAttribute]) VALUES (10080993, 10049004, N'აფეთქების ადამიანის დაავადების შემთხვევის ტესტები - დამტკიცებული', 0, NEWID(), NULL, NULL);
INSERT INTO [dbo].[trtStringNameTranslation] ([idfsBaseReference], [idfsLanguage], [strTextString], [intRowStatus], [rowguid], [strMaintenanceFlag], [strReservedAttribute]) VALUES (10080993, 10049001, N'Alovlanma İnsan Xəstəliyi Hadisəsi Testlər - Təsdiq olundu', 0, NEWID(), NULL, NULL);
INSERT INTO [dbo].[trtStringNameTranslation] ([idfsBaseReference], [idfsLanguage], [strTextString], [intRowStatus], [rowguid], [strMaintenanceFlag], [strReservedAttribute]) VALUES (10080993, 10049011, N'اختبار لحالة تفشي المرض البشري - تم التأكيد ', 0, NEWID(), NULL, NULL);

INSERT INTO [dbo].[trtStringNameTranslation] ([idfsBaseReference], [idfsLanguage], [strTextString], [intRowStatus], [rowguid], [strMaintenanceFlag], [strReservedAttribute]) VALUES (10080994, 10049003, N'Outbreak Human Case Tests – Date Validated', 0, NEWID(), NULL, NULL);
INSERT INTO [dbo].[trtStringNameTranslation] ([idfsBaseReference], [idfsLanguage], [strTextString], [intRowStatus], [rowguid], [strMaintenanceFlag], [strReservedAttribute]) VALUES (10080994, 10049004, N'აფეთქების ადამიანის დაავადების შემთხვევის ტესტები - დამტკიცების თარიღი', 0, NEWID(), NULL, NULL);
INSERT INTO [dbo].[trtStringNameTranslation] ([idfsBaseReference], [idfsLanguage], [strTextString], [intRowStatus], [rowguid], [strMaintenanceFlag], [strReservedAttribute]) VALUES (10080994, 10049001, N'Alovlanma İnsan Xəstəliyi Hadisəsi Testlər - Təsdiq olunma tarixi', 0, NEWID(), NULL, NULL);
INSERT INTO [dbo].[trtStringNameTranslation] ([idfsBaseReference], [idfsLanguage], [strTextString], [intRowStatus], [rowguid], [strMaintenanceFlag], [strReservedAttribute]) VALUES (10080994, 10049011, N'اختبار لحالة تفشي المرض البشري - تاريخ التأكيد', 0, NEWID(), NULL, NULL);

INSERT INTO [dbo].[tasSearchField] ([idfsSearchField], [idfsSearchFieldType], [idfsSearchObject], [idfsReferenceType], [idfsGISReferenceType], [strSearchFieldAlias], [strLookupTable], [intMapDisplayOrder], [intIncidenceDisplayOrder], [blnGeoLocationString], [strCalculatedFieldText], [rowguid], [intRowStatus], [idfsDefaultAggregateFunction], [blnShortAddressString], [strLookupFunction], [strLookupFunctionIdField], [strLookupFunctionNameField], [strLookupAttribute], [blnAllowMissedReferenceValues], [strReservedAttribute]) VALUES (10080982, 10081007, 10082060, 19000087, NULL, 'sflHCSample_SampleType', 'rftSampleType', NULL, NULL, NULL, NULL, NEWID(), 0, 10004003, 0, NULL, NULL, NULL, 'name', 1, NULL);
INSERT INTO [dbo].[tasSearchField] ([idfsSearchField], [idfsSearchFieldType], [idfsSearchObject], [idfsReferenceType], [idfsGISReferenceType], [strSearchFieldAlias], [strLookupTable], [intMapDisplayOrder], [intIncidenceDisplayOrder], [blnGeoLocationString], [strCalculatedFieldText], [rowguid], [intRowStatus], [idfsDefaultAggregateFunction], [blnShortAddressString], [strLookupFunction], [strLookupFunctionIdField], [strLookupFunctionNameField], [strLookupAttribute], [blnAllowMissedReferenceValues], [strReservedAttribute]) VALUES (10080983, 10081007, 10082060, NULL, NULL, 'sflHCSample_FieldSampleID', NULL, NULL, NULL, NULL, NULL, NEWID(), 0, 10004020, 0, NULL, NULL, NULL, NULL, 0, NULL);
INSERT INTO [dbo].[tasSearchField] ([idfsSearchField], [idfsSearchFieldType], [idfsSearchObject], [idfsReferenceType], [idfsGISReferenceType], [strSearchFieldAlias], [strLookupTable], [intMapDisplayOrder], [intIncidenceDisplayOrder], [blnGeoLocationString], [strCalculatedFieldText], [rowguid], [intRowStatus], [idfsDefaultAggregateFunction], [blnShortAddressString], [strLookupFunction], [strLookupFunctionIdField], [strLookupFunctionNameField], [strLookupAttribute], [blnAllowMissedReferenceValues], [strReservedAttribute]) VALUES (10080984, 10081007, 10082060, NULL, NULL, 'sflHCSample_LabSampleID', NULL, NULL, NULL, NULL, NULL, NEWID(), 0, 10004020, 0, NULL, NULL, NULL, NULL, 0, NULL);
INSERT INTO [dbo].[tasSearchField] ([idfsSearchField], [idfsSearchFieldType], [idfsSearchObject], [idfsReferenceType], [idfsGISReferenceType], [strSearchFieldAlias], [strLookupTable], [intMapDisplayOrder], [intIncidenceDisplayOrder], [blnGeoLocationString], [strCalculatedFieldText], [rowguid], [intRowStatus], [idfsDefaultAggregateFunction], [blnShortAddressString], [strLookupFunction], [strLookupFunctionIdField], [strLookupFunctionNameField], [strLookupAttribute], [blnAllowMissedReferenceValues], [strReservedAttribute]) VALUES (10080985, 10081007, 10082060, 19000097, NULL, 'sflHCTest_TestType', 'rftTestName', NULL, NULL, NULL, NULL, NEWID(), 0, 10004003, 0, NULL, NULL, NULL, 'name', 1, NULL);
INSERT INTO [dbo].[tasSearchField] ([idfsSearchField], [idfsSearchFieldType], [idfsSearchObject], [idfsReferenceType], [idfsGISReferenceType], [strSearchFieldAlias], [strLookupTable], [intMapDisplayOrder], [intIncidenceDisplayOrder], [blnGeoLocationString], [strCalculatedFieldText], [rowguid], [intRowStatus], [idfsDefaultAggregateFunction], [blnShortAddressString], [strLookupFunction], [strLookupFunctionIdField], [strLookupFunctionNameField], [strLookupAttribute], [blnAllowMissedReferenceValues], [strReservedAttribute]) VALUES (10080986, 10081007, 10082060, 19000096, NULL, 'sflHCTest_TestResult', 'TestResult', NULL, NULL, NULL, NULL, NEWID(), 0, 10004003, 0, NULL, NULL, NULL, 'name', 1, NULL);
INSERT INTO [dbo].[tasSearchField] ([idfsSearchField], [idfsSearchFieldType], [idfsSearchObject], [idfsReferenceType], [idfsGISReferenceType], [strSearchFieldAlias], [strLookupTable], [intMapDisplayOrder], [intIncidenceDisplayOrder], [blnGeoLocationString], [strCalculatedFieldText], [rowguid], [intRowStatus], [idfsDefaultAggregateFunction], [blnShortAddressString], [strLookupFunction], [strLookupFunctionIdField], [strLookupFunctionNameField], [strLookupAttribute], [blnAllowMissedReferenceValues], [strReservedAttribute]) VALUES (10080987, 10081002, 10082060, NULL, NULL, 'sflHCTest_ValidatedDate', NULL, NULL, NULL, 0, NULL, NEWID(), 0, 10004003, 0, NULL, NULL, NULL, NULL, 1, NULL);
INSERT INTO [dbo].[tasSearchField] ([idfsSearchField], [idfsSearchFieldType], [idfsSearchObject], [idfsReferenceType], [idfsGISReferenceType], [strSearchFieldAlias], [strLookupTable], [intMapDisplayOrder], [intIncidenceDisplayOrder], [blnGeoLocationString], [strCalculatedFieldText], [rowguid], [intRowStatus], [idfsDefaultAggregateFunction], [blnShortAddressString], [strLookupFunction], [strLookupFunctionIdField], [strLookupFunctionNameField], [strLookupAttribute], [blnAllowMissedReferenceValues], [strReservedAttribute]) VALUES (10080988, 10081002, 10082060, NULL, NULL, 'sflHACD_StartDate', NULL, NULL, NULL, 0, NULL, NEWID(), 0, 10004003, 0, NULL, NULL, NULL, NULL, 1, NULL);
INSERT INTO [dbo].[tasSearchField] ([idfsSearchField], [idfsSearchFieldType], [idfsSearchObject], [idfsReferenceType], [idfsGISReferenceType], [strSearchFieldAlias], [strLookupTable], [intMapDisplayOrder], [intIncidenceDisplayOrder], [blnGeoLocationString], [strCalculatedFieldText], [rowguid], [intRowStatus], [idfsDefaultAggregateFunction], [blnShortAddressString], [strLookupFunction], [strLookupFunctionIdField], [strLookupFunctionNameField], [strLookupAttribute], [blnAllowMissedReferenceValues], [strReservedAttribute]) VALUES (10080989, 10081007, 10082060, 19000095, NULL, 'sflHCTest_TestCategory', 'rftTestCategory', NULL, NULL, 0, NULL, NEWID(), 0, 10004003, 0, NULL, NULL, NULL, 'name', 1, NULL);
INSERT INTO [dbo].[tasSearchField] ([idfsSearchField], [idfsSearchFieldType], [idfsSearchObject], [idfsReferenceType], [idfsGISReferenceType], [strSearchFieldAlias], [strLookupTable], [intMapDisplayOrder], [intIncidenceDisplayOrder], [blnGeoLocationString], [strCalculatedFieldText], [rowguid], [intRowStatus], [idfsDefaultAggregateFunction], [blnShortAddressString], [strLookupFunction], [strLookupFunctionIdField], [strLookupFunctionNameField], [strLookupAttribute], [blnAllowMissedReferenceValues], [strReservedAttribute]) VALUES (10080990, 10081007, 10082060, NULL, NULL, 'sflOHCT_RuleInOut', NULL, NULL, NULL, 0, NULL, NEWID(), 0, 10004003, 0, NULL, NULL, NULL, NULL, 1, NULL);
INSERT INTO [dbo].[tasSearchField] ([idfsSearchField], [idfsSearchFieldType], [idfsSearchObject], [idfsReferenceType], [idfsGISReferenceType], [strSearchFieldAlias], [strLookupTable], [intMapDisplayOrder], [intIncidenceDisplayOrder], [blnGeoLocationString], [strCalculatedFieldText], [rowguid], [intRowStatus], [idfsDefaultAggregateFunction], [blnShortAddressString], [strLookupFunction], [strLookupFunctionIdField], [strLookupFunctionNameField], [strLookupAttribute], [blnAllowMissedReferenceValues], [strReservedAttribute]) VALUES (10080991, 10081002, 10082060, NULL, NULL, 'sflHASS_EnteredDate', NULL, NULL, NULL, 0, NULL, NEWID(), 0, 10004003, 0, NULL, NULL, NULL, NULL, 0, NULL);
INSERT INTO [dbo].[tasSearchField] ([idfsSearchField], [idfsSearchFieldType], [idfsSearchObject], [idfsReferenceType], [idfsGISReferenceType], [strSearchFieldAlias], [strLookupTable], [intMapDisplayOrder], [intIncidenceDisplayOrder], [blnGeoLocationString], [strCalculatedFieldText], [rowguid], [intRowStatus], [idfsDefaultAggregateFunction], [blnShortAddressString], [strLookupFunction], [strLookupFunctionIdField], [strLookupFunctionNameField], [strLookupAttribute], [blnAllowMissedReferenceValues], [strReservedAttribute]) VALUES (10080992, 10081007, 10082060, NULL, NULL, 'sflOHCT_InterpretedBy', NULL, NULL, NULL, 0, NULL, NEWID(), 0, 10004003, 0, NULL, NULL, NULL, NULL, 1, NULL);
INSERT INTO [dbo].[tasSearchField] ([idfsSearchField], [idfsSearchFieldType], [idfsSearchObject], [idfsReferenceType], [idfsGISReferenceType], [strSearchFieldAlias], [strLookupTable], [intMapDisplayOrder], [intIncidenceDisplayOrder], [blnGeoLocationString], [strCalculatedFieldText], [rowguid], [intRowStatus], [idfsDefaultAggregateFunction], [blnShortAddressString], [strLookupFunction], [strLookupFunctionIdField], [strLookupFunctionNameField], [strLookupAttribute], [blnAllowMissedReferenceValues], [strReservedAttribute]) VALUES (10080993, 10081007, 10082060, 19000100, NULL, 'sflZD_IsZoonotic', 'rftYesNoValue', NULL, NULL, 0, NULL, NEWID(), 0, 10004003, 0, NULL, NULL, NULL, 'name', 0, NULL);
INSERT INTO [dbo].[tasSearchField] ([idfsSearchField], [idfsSearchFieldType], [idfsSearchObject], [idfsReferenceType], [idfsGISReferenceType], [strSearchFieldAlias], [strLookupTable], [intMapDisplayOrder], [intIncidenceDisplayOrder], [blnGeoLocationString], [strCalculatedFieldText], [rowguid], [intRowStatus], [idfsDefaultAggregateFunction], [blnShortAddressString], [strLookupFunction], [strLookupFunctionIdField], [strLookupFunctionNameField], [strLookupAttribute], [blnAllowMissedReferenceValues], [strReservedAttribute]) VALUES (10080994, 10081002, 10082060, NULL, NULL, 'sflOHCT_DateValidated', NULL, NULL, NULL, 0, NULL, NEWID(), 0, 10004003, 0, NULL, NULL, NULL, NULL, 1, NULL);


---- Outbreak Veterinary Case (10082061) ----- 
-- New root search object 
ALTER TABLE dbo.trtBaseReference DISABLE TRIGGER ALL
INSERT INTO [dbo].[trtBaseReference] ([idfsBaseReference], [idfsReferenceType], [strBaseReferenceCode], [strDefault], [intHACode], [intOrder], [blnSystem], [intRowStatus], [rowguid], [strMaintenanceFlag], [strReservedAttribute])
VALUES (10082061, 19000082, NULL, 'Outbreak Veterinary Case', 32, 0, 1, 0, NEWID(),NULL, NULL)
GO

INSERT INTO [dbo].[tasSearchObject] ([idfsSearchObject], [idfsFormType], [blnPrimary], [rowguid], [intRowStatus], [blnShowReportType], [strReservedAttribute])
VALUES (10082061, NULL, 1, NEWID(), 0, 0, NULL)
GO

INSERT INTO [dbo].[trtStringNameTranslation] ([idfsBaseReference], [idfsLanguage], [strTextString], [intRowStatus], [rowguid], [strMaintenanceFlag], [strReservedAttribute])
VALUES(10082061,10049003,'Outbreak Veterinary Case',0,NEWID(),NULL,NULL)
INSERT INTO [dbo].[trtStringNameTranslation] ([idfsBaseReference], [idfsLanguage], [strTextString], [intRowStatus], [rowguid], [strMaintenanceFlag], [strReservedAttribute])
VALUES(10082061,10049004,N'აფეთქების ვეტერინარული დაავადების შემთხვევა',0,NEWID(),NULL,NULL)
INSERT INTO [dbo].[trtStringNameTranslation] ([idfsBaseReference], [idfsLanguage], [strTextString], [intRowStatus], [rowguid], [strMaintenanceFlag], [strReservedAttribute])
VALUES(10082061,10049001,N'Alovlanma Baytarlıq xəstəliyi hadisəsi',0,NEWID(),NULL,NULL)
INSERT INTO [dbo].[trtStringNameTranslation] ([idfsBaseReference], [idfsLanguage], [strTextString], [intRowStatus], [rowguid], [strMaintenanceFlag], [strReservedAttribute])
VALUES(10082061,10049011,N'حالة تفشي الأمراض البيطرية',0,NEWID(),NULL,NULL)
GO
ALTER TABLE dbo.trtBaseReference ENABLE TRIGGER ALL

-- Outbreak Veterinary Case - fields
INSERT INTO [dbo].[trtBaseReference] ([idfsBaseReference], [idfsReferenceType], [strBaseReferenceCode], [strDefault], [intHACode], [intOrder], [blnSystem], [intRowStatus], [rowguid], [strMaintenanceFlag], [strReservedAttribute]) VALUES (10080995, 19000080, 'sflVCOutbreakID', N'Outbreak Veterinary Case – Outbreak ID', 226, 0, NULL, 0, NEWID(), NULL, NULL); -- using 10080182 as an example
INSERT INTO [dbo].[trtBaseReference] ([idfsBaseReference], [idfsReferenceType], [strBaseReferenceCode], [strDefault], [intHACode], [intOrder], [blnSystem], [intRowStatus], [rowguid], [strMaintenanceFlag], [strReservedAttribute]) VALUES (10080996, 19000080, 'rftOutbreakType', N'Outbreak Veterinary Case – Outbreak Type', 32, 1, NULL, 0, NEWID(), NULL, NULL); -- using 10080886 as an example
INSERT INTO [dbo].[trtBaseReference] ([idfsBaseReference], [idfsReferenceType], [strBaseReferenceCode], [strDefault], [intHACode], [intOrder], [blnSystem], [intRowStatus], [rowguid], [strMaintenanceFlag], [strReservedAttribute]) VALUES (10080997, 19000080, 'sflOBOutbreakID', N'Outbreak Veterinary Case – Outbreak Case ID', 226, 2, NULL, 0, NEWID(), NULL, NULL); -- using 10080110 as an example
INSERT INTO [dbo].[trtBaseReference] ([idfsBaseReference], [idfsReferenceType], [strBaseReferenceCode], [strDefault], [intHACode], [intOrder], [blnSystem], [intRowStatus], [rowguid], [strMaintenanceFlag], [strReservedAttribute]) VALUES (10080998, 19000080, 'sflVCFarmID', N'Outbreak Veterinary Case – Farm ID', 226, 3, NULL, 0, NEWID(), NULL, NULL); -- using 10080155 as an example
INSERT INTO [dbo].[trtBaseReference] ([idfsBaseReference], [idfsReferenceType], [strBaseReferenceCode], [strDefault], [intHACode], [intOrder], [blnSystem], [intRowStatus], [rowguid], [strMaintenanceFlag], [strReservedAttribute]) VALUES (10080999, 19000080, 'sflVCCaseType', N'Outbreak Veterinary Case – Type of Case', 226, 4, NULL, 0, NEWID(), NULL, NULL); -- using 10080150 as an example
INSERT INTO [dbo].[trtBaseReference] ([idfsBaseReference], [idfsReferenceType], [strBaseReferenceCode], [strDefault], [intHACode], [intOrder], [blnSystem], [intRowStatus], [rowguid], [strMaintenanceFlag], [strReservedAttribute]) VALUES (10081100, 19000080, 'sflOSC_EnteredDate', N'Outbreak Veterinary Case – Date Entered', 226, 5, NULL, 0, NEWID(), NULL, NULL); -- using 10080893 as an example. *** We can't use 10081000 so we are starting with 10081100 value.
INSERT INTO [dbo].[trtBaseReference] ([idfsBaseReference], [idfsReferenceType], [strBaseReferenceCode], [strDefault], [intHACode], [intOrder], [blnSystem], [intRowStatus], [rowguid], [strMaintenanceFlag], [strReservedAttribute]) VALUES (10081101, 19000080, 'sflVCCaseStatus', N'Outbreak Veterinary Case – Case Status', 226, 6, NULL, 0, NEWID(), NULL, NULL); -- using 10080149 as an example
INSERT INTO [dbo].[trtBaseReference] ([idfsBaseReference], [idfsReferenceType], [strBaseReferenceCode], [strDefault], [intHACode], [intOrder], [blnSystem], [intRowStatus], [rowguid], [strMaintenanceFlag], [strReservedAttribute]) VALUES (10081102, 19000080, 'sflVCRegion', N'Outbreak Veterinary Case – Region', 226, 7, NULL, 0, NEWID(), NULL, NULL); -- using 10080188 as an example
INSERT INTO [dbo].[trtBaseReference] ([idfsBaseReference], [idfsReferenceType], [strBaseReferenceCode], [strDefault], [intHACode], [intOrder], [blnSystem], [intRowStatus], [rowguid], [strMaintenanceFlag], [strReservedAttribute]) VALUES (10081103, 19000080, 'sflVCRayon', N'Outbreak Veterinary Case – Rayon', 226, 8, NULL, 0, NEWID(), NULL, NULL); -- using 10080186 as an example
INSERT INTO [dbo].[trtBaseReference] ([idfsBaseReference], [idfsReferenceType], [strBaseReferenceCode], [strDefault], [intHACode], [intOrder], [blnSystem], [intRowStatus], [rowguid], [strMaintenanceFlag], [strReservedAttribute]) VALUES (10081104, 19000080, 'sflVCRayon', N'Outbreak Veterinary Case – Settlement', 226, 9, NULL, 0, NEWID(), NULL, NULL); -- using 10080191 as an example
INSERT INTO [dbo].[trtBaseReference] ([idfsBaseReference], [idfsReferenceType], [strBaseReferenceCode], [strDefault], [intHACode], [intOrder], [blnSystem], [intRowStatus], [rowguid], [strMaintenanceFlag], [strReservedAttribute]) VALUES (10081105, 19000080, 'sflVC_FarmLocationLatitude', N'Outbreak Veterinary Case – Latitude', 226, 10, NULL, 0, NEWID(), NULL, NULL); -- using 10080519 as an example
INSERT INTO [dbo].[trtBaseReference] ([idfsBaseReference], [idfsReferenceType], [strBaseReferenceCode], [strDefault], [intHACode], [intOrder], [blnSystem], [intRowStatus], [rowguid], [strMaintenanceFlag], [strReservedAttribute]) VALUES (10081106, 19000080, 'sflVC_FarmLocationLongitude', N'Outbreak Veterinary Case – Longitude', 226, 11, NULL, 0, NEWID(), NULL, NULL); -- using 10080518 as an example
INSERT INTO [dbo].[trtBaseReference] ([idfsBaseReference], [idfsReferenceType], [strBaseReferenceCode], [strDefault], [intHACode], [intOrder], [blnSystem], [intRowStatus], [rowguid], [strMaintenanceFlag], [strReservedAttribute]) VALUES (10081107, 19000080, 'sflVCFinalDiagnosis', N'Outbreak Veterinary Case – Disease', 226, 12, NULL, 0, NEWID(), NULL, NULL); -- using 10080162 as an example
INSERT INTO [dbo].[trtBaseReference] ([idfsBaseReference], [idfsReferenceType], [strBaseReferenceCode], [strDefault], [intHACode], [intOrder], [blnSystem], [intRowStatus], [rowguid], [strMaintenanceFlag], [strReservedAttribute]) VALUES (10081108, 19000080, 'sflVCFinalDiagnosis', N'Outbreak Veterinary Case – Date of Disease', 226, 13, NULL, 0, NEWID(), NULL, NULL); -- using 10080163 as an example
INSERT INTO [dbo].[trtBaseReference] ([idfsBaseReference], [idfsReferenceType], [strBaseReferenceCode], [strDefault], [intHACode], [intOrder], [blnSystem], [intRowStatus], [rowguid], [strMaintenanceFlag], [strReservedAttribute]) VALUES (10081109, 19000080, 'sflBss_DateOfSymptomsOnset', N'Outbreak Veterinary Case – Date of Symptoms Onset', 226, 14, 1, 0, NEWID(), NULL, NULL); -- using 10080642 as an example
INSERT INTO [dbo].[trtBaseReference] ([idfsBaseReference], [idfsReferenceType], [strBaseReferenceCode], [strDefault], [intHACode], [intOrder], [blnSystem], [intRowStatus], [rowguid], [strMaintenanceFlag], [strReservedAttribute]) VALUES (10081110, 19000080, 'sflZD_CaseClassification', N'Outbreak Veterinary Case – Case Classification', 226, 15, 1, 0, NEWID(), NULL, NULL); -- using 10080469 as an example
INSERT INTO [dbo].[trtBaseReference] ([idfsBaseReference], [idfsReferenceType], [strBaseReferenceCode], [strDefault], [intHACode], [intOrder], [blnSystem], [intRowStatus], [rowguid], [strMaintenanceFlag], [strReservedAttribute]) VALUES (10081111, 19000080, 'sflHCDateEntered', N'Outbreak Veterinary Case – Date of Notification', 226, 16, NULL, 0, NEWID(), NULL, NULL); -- using 10080040 as an example
INSERT INTO [dbo].[trtBaseReference] ([idfsBaseReference], [idfsReferenceType], [strBaseReferenceCode], [strDefault], [intHACode], [intOrder], [blnSystem], [intRowStatus], [rowguid], [strMaintenanceFlag], [strReservedAttribute]) VALUES (10081112, 19000080, 'sflHCFacilitySentName', N'Outbreak Veterinary Case – Notification Sent by Facility', 226, 17, NULL, 0, NEWID(), NULL, NULL); -- using 10080062 as an example
INSERT INTO [dbo].[trtBaseReference] ([idfsBaseReference], [idfsReferenceType], [strBaseReferenceCode], [strDefault], [intHACode], [intOrder], [blnSystem], [intRowStatus], [rowguid], [strMaintenanceFlag], [strReservedAttribute]) VALUES (10081113, 19000080, 'sflHCFacilityReceivedName', N'Outbreak Veterinary Case – Notification Received by Facility', 226, 18, NULL, 0, NEWID(), NULL, NULL); -- using 10080061 as an example
INSERT INTO [dbo].[trtBaseReference] ([idfsBaseReference], [idfsReferenceType], [strBaseReferenceCode], [strDefault], [intHACode], [intOrder], [blnSystem], [intRowStatus], [rowguid], [strMaintenanceFlag], [strReservedAttribute]) VALUES (10081114, 19000080, 'sflHCSample_SentToOrganization', N'Outbreak Veterinary Case – Investigator Organization', 226, 19, NULL, 0, NEWID(), NULL, NULL); -- using 10080509 as an example
INSERT INTO [dbo].[trtBaseReference] ([idfsBaseReference], [idfsReferenceType], [strBaseReferenceCode], [strDefault], [intHACode], [intOrder], [blnSystem], [intRowStatus], [rowguid], [strMaintenanceFlag], [strReservedAttribute]) VALUES (10081115, 19000080, 'sflHCSample_SentToOrganization', N'Outbreak Veterinary Case – Investigator Name', 226, 20, NULL, 0, NEWID(), NULL, NULL); -- using 10080178 as an example
INSERT INTO [dbo].[trtBaseReference] ([idfsBaseReference], [idfsReferenceType], [strBaseReferenceCode], [strDefault], [intHACode], [intOrder], [blnSystem], [intRowStatus], [rowguid], [strMaintenanceFlag], [strReservedAttribute]) VALUES (10081116, 19000080, 'sflHCStartingDateOfInvestigation', N'Outbreak Veterinary Case – Starting date of investigation', 226, 21, NULL, 0, NEWID(), NULL, NULL); -- using 10080090 as an example
INSERT INTO [dbo].[trtBaseReference] ([idfsBaseReference], [idfsReferenceType], [strBaseReferenceCode], [strDefault], [intHACode], [intOrder], [blnSystem], [intRowStatus], [rowguid], [strMaintenanceFlag], [strReservedAttribute]) VALUES (10081117, 19000080, 'sflOVC_PrimaryCase', N'Outbreak Veterinary Case – Primary Case', 226, 22, NULL, 0, NEWID(), NULL, NULL); -- using xxx as an example
INSERT INTO [dbo].[trtBaseReference] ([idfsBaseReference], [idfsReferenceType], [strBaseReferenceCode], [strDefault], [intHACode], [intOrder], [blnSystem], [intRowStatus], [rowguid], [strMaintenanceFlag], [strReservedAttribute]) VALUES (10081118, 19000080, 'sflOVC_CaseMonitoringQuestions', 'Outbreak Veterinary Case – Case Questionnaire (Flexible forms)', 32, 23, 1, 0, NEWID(), NULL, NULL); -- using xxx as an example, TODO: we have to display templates for this field maybe use a dropdown above Fields List, text field for now
INSERT INTO [dbo].[trtBaseReference] ([idfsBaseReference], [idfsReferenceType], [strBaseReferenceCode], [strDefault], [intHACode], [intOrder], [blnSystem], [intRowStatus], [rowguid], [strMaintenanceFlag], [strReservedAttribute]) VALUES (10081119, 19000080, 'sflOVC_CaseMonitoring', N'Outbreak Veterinary Case – Case Monitoring (Flexible forms)', 226, 24, NULL, 0, NEWID(), NULL, NULL); -- using xxxx as an example TODO: same above
INSERT INTO [dbo].[trtBaseReference] ([idfsBaseReference], [idfsReferenceType], [strBaseReferenceCode], [strDefault], [intHACode], [intOrder], [blnSystem], [intRowStatus], [rowguid], [strMaintenanceFlag], [strReservedAttribute]) VALUES (10081120, 19000080, 'sflOVC_NumberOfContacts', N'Outbreak Veterinary Case – Number of Contacts (sum of the total records in the contacts grid)', 226, 25, NULL, 0, NEWID(), NULL, NULL); -- using xxxx as an example TODO: same above
INSERT INTO [dbo].[trtBaseReference] ([idfsBaseReference], [idfsReferenceType], [strBaseReferenceCode], [strDefault], [intHACode], [intOrder], [blnSystem], [intRowStatus], [rowguid], [strMaintenanceFlag], [strReservedAttribute]) VALUES (10081121, 19000080, 'sflOVC_TestsConducted', N'Outbreak Veterinary Case – Tests Conducted', 226, 26, NULL, 0, NEWID(), NULL, NULL); -- using 10080556 as an example, Yes No value

INSERT INTO [dbo].[trtStringNameTranslation] ([idfsBaseReference], [idfsLanguage], [strTextString], [intRowStatus], [rowguid], [strMaintenanceFlag], [strReservedAttribute]) VALUES (10080995, 10049003, N'Outbreak Veterinary Case – Outbreak ID', 0, NEWID(), NULL, NULL);
INSERT INTO [dbo].[trtStringNameTranslation] ([idfsBaseReference], [idfsLanguage], [strTextString], [intRowStatus], [rowguid], [strMaintenanceFlag], [strReservedAttribute]) VALUES (10080995, 10049004, N'აფეთქების ვეტერინარული შემთხვევა - აფეთქების ID', 0, NEWID(), NULL, NULL);
INSERT INTO [dbo].[trtStringNameTranslation] ([idfsBaseReference], [idfsLanguage], [strTextString], [intRowStatus], [rowguid], [strMaintenanceFlag], [strReservedAttribute]) VALUES (10080995, 10049001, N'Alovlanma Baytarlıq Xəstəliyi Hadisəsi - Alovlanmanın Q/N-si', 0, NEWID(), NULL, NULL);
INSERT INTO [dbo].[trtStringNameTranslation] ([idfsBaseReference], [idfsLanguage], [strTextString], [intRowStatus], [rowguid], [strMaintenanceFlag], [strReservedAttribute]) VALUES (10080995, 10049011, N'حالة تفشي الامراض البيطرية -  معرّف التفشي ', 0, NEWID(), NULL, NULL);

INSERT INTO [dbo].[trtStringNameTranslation] ([idfsBaseReference], [idfsLanguage], [strTextString], [intRowStatus], [rowguid], [strMaintenanceFlag], [strReservedAttribute]) VALUES (10080996, 10049003, N'Outbreak Veterinary Case – Outbreak Type', 0, NEWID(), NULL, NULL);
INSERT INTO [dbo].[trtStringNameTranslation] ([idfsBaseReference], [idfsLanguage], [strTextString], [intRowStatus], [rowguid], [strMaintenanceFlag], [strReservedAttribute]) VALUES (10080996, 10049004, N'აფეთქების ვეტერინარული შემთხვევა - აფეთქების ტიპი', 0, NEWID(), NULL, NULL);
INSERT INTO [dbo].[trtStringNameTranslation] ([idfsBaseReference], [idfsLanguage], [strTextString], [intRowStatus], [rowguid], [strMaintenanceFlag], [strReservedAttribute]) VALUES (10080996, 10049001, N'Alovlanma Baytarlıq Xəstəliyi Hadisəsi - Alovlanmanın növü', 0, NEWID(), NULL, NULL);
INSERT INTO [dbo].[trtStringNameTranslation] ([idfsBaseReference], [idfsLanguage], [strTextString], [intRowStatus], [rowguid], [strMaintenanceFlag], [strReservedAttribute]) VALUES (10080996, 10049011, N'حالة تفشي الامراض البيطرية - نوع التفشي ', 0, NEWID(), NULL, NULL);

INSERT INTO [dbo].[trtStringNameTranslation] ([idfsBaseReference], [idfsLanguage], [strTextString], [intRowStatus], [rowguid], [strMaintenanceFlag], [strReservedAttribute]) VALUES (10080997, 10049003, N'Outbreak Veterinary Case – Outbreak Case ID', 0, NEWID(), NULL, NULL);
INSERT INTO [dbo].[trtStringNameTranslation] ([idfsBaseReference], [idfsLanguage], [strTextString], [intRowStatus], [rowguid], [strMaintenanceFlag], [strReservedAttribute]) VALUES (10080997, 10049004, N'აფეთქების ვეტერინარული შემთხვევა - აფეთქების შემთხვევის  ID', 0, NEWID(), NULL, NULL);
INSERT INTO [dbo].[trtStringNameTranslation] ([idfsBaseReference], [idfsLanguage], [strTextString], [intRowStatus], [rowguid], [strMaintenanceFlag], [strReservedAttribute]) VALUES (10080997, 10049001, N'Alovlanma Baytarlıq Xəstəliyi Hadisəsi - Alovlanma hadisəsinin Q/N-si', 0, NEWID(), NULL, NULL);
INSERT INTO [dbo].[trtStringNameTranslation] ([idfsBaseReference], [idfsLanguage], [strTextString], [intRowStatus], [rowguid], [strMaintenanceFlag], [strReservedAttribute]) VALUES (10080997, 10049011, N'حالة تفشي الامراض البيطرية - معرّف حالة التفشي ', 0, NEWID(), NULL, NULL);

INSERT INTO [dbo].[trtStringNameTranslation] ([idfsBaseReference], [idfsLanguage], [strTextString], [intRowStatus], [rowguid], [strMaintenanceFlag], [strReservedAttribute]) VALUES (10080998, 10049003, N'Outbreak Veterinary Case – Farm ID', 0, NEWID(), NULL, NULL);
INSERT INTO [dbo].[trtStringNameTranslation] ([idfsBaseReference], [idfsLanguage], [strTextString], [intRowStatus], [rowguid], [strMaintenanceFlag], [strReservedAttribute]) VALUES (10080998, 10049004, N'აფეთქების ვეტერინარული შემთხვევა - ფერმის ID', 0, NEWID(), NULL, NULL);
INSERT INTO [dbo].[trtStringNameTranslation] ([idfsBaseReference], [idfsLanguage], [strTextString], [intRowStatus], [rowguid], [strMaintenanceFlag], [strReservedAttribute]) VALUES (10080998, 10049001, N'Alovlanma Baytarlıq Xəstəliyi Hadisəsi - Fermanın Q/N-si', 0, NEWID(), NULL, NULL);
INSERT INTO [dbo].[trtStringNameTranslation] ([idfsBaseReference], [idfsLanguage], [strTextString], [intRowStatus], [rowguid], [strMaintenanceFlag], [strReservedAttribute]) VALUES (10080998, 10049011, N'حالة تفشي الامراض البيطرية - معرّف المزرعة ', 0, NEWID(), NULL, NULL);

INSERT INTO [dbo].[trtStringNameTranslation] ([idfsBaseReference], [idfsLanguage], [strTextString], [intRowStatus], [rowguid], [strMaintenanceFlag], [strReservedAttribute]) VALUES (10080999, 10049003, N'Outbreak Veterinary Case – Type of Case', 0, NEWID(), NULL, NULL);
INSERT INTO [dbo].[trtStringNameTranslation] ([idfsBaseReference], [idfsLanguage], [strTextString], [intRowStatus], [rowguid], [strMaintenanceFlag], [strReservedAttribute]) VALUES (10080999, 10049004, N'აფეთქების ვეტერინარული შემთხვევა - შემთხვევის ტიპი', 0, NEWID(), NULL, NULL);
INSERT INTO [dbo].[trtStringNameTranslation] ([idfsBaseReference], [idfsLanguage], [strTextString], [intRowStatus], [rowguid], [strMaintenanceFlag], [strReservedAttribute]) VALUES (10080999, 10049001, N'Alovlanma Baytarlıq Xəstəliyi Hadisəsi - Hadisənin növü', 0, NEWID(), NULL, NULL);
INSERT INTO [dbo].[trtStringNameTranslation] ([idfsBaseReference], [idfsLanguage], [strTextString], [intRowStatus], [rowguid], [strMaintenanceFlag], [strReservedAttribute]) VALUES (10080999, 10049011, N'حالة تفشي الامراض البيطرية - نوع الحالة ', 0, NEWID(), NULL, NULL);

INSERT INTO [dbo].[trtStringNameTranslation] ([idfsBaseReference], [idfsLanguage], [strTextString], [intRowStatus], [rowguid], [strMaintenanceFlag], [strReservedAttribute]) VALUES (10081100, 10049003, N'Outbreak Veterinary Case – Date Entered', 0, NEWID(), NULL, NULL);
INSERT INTO [dbo].[trtStringNameTranslation] ([idfsBaseReference], [idfsLanguage], [strTextString], [intRowStatus], [rowguid], [strMaintenanceFlag], [strReservedAttribute]) VALUES (10081100, 10049004, N'აფეთქების ვეტერინარული შემთხვევა - შეყვანის თარიღი', 0, NEWID(), NULL, NULL);
INSERT INTO [dbo].[trtStringNameTranslation] ([idfsBaseReference], [idfsLanguage], [strTextString], [intRowStatus], [rowguid], [strMaintenanceFlag], [strReservedAttribute]) VALUES (10081100, 10049001, N'Alovlanma Baytarlıq Xəstəliyi Hadisəsi - Daxil edilmə tarixi', 0, NEWID(), NULL, NULL);
INSERT INTO [dbo].[trtStringNameTranslation] ([idfsBaseReference], [idfsLanguage], [strTextString], [intRowStatus], [rowguid], [strMaintenanceFlag], [strReservedAttribute]) VALUES (10081100, 10049011, N'حالة تفشي الامراض البيطرية -  تاريخ الدخول ', 0, NEWID(), NULL, NULL);

INSERT INTO [dbo].[trtStringNameTranslation] ([idfsBaseReference], [idfsLanguage], [strTextString], [intRowStatus], [rowguid], [strMaintenanceFlag], [strReservedAttribute]) VALUES (10081101, 10049003, N'Outbreak Veterinary Case – Case Status', 0, NEWID(), NULL, NULL);
INSERT INTO [dbo].[trtStringNameTranslation] ([idfsBaseReference], [idfsLanguage], [strTextString], [intRowStatus], [rowguid], [strMaintenanceFlag], [strReservedAttribute]) VALUES (10081101, 10049004, N'აფეთქების ვეტერინარული შემთხვევა - შემთხვევის სტატუსი', 0, NEWID(), NULL, NULL);
INSERT INTO [dbo].[trtStringNameTranslation] ([idfsBaseReference], [idfsLanguage], [strTextString], [intRowStatus], [rowguid], [strMaintenanceFlag], [strReservedAttribute]) VALUES (10081101, 10049001, N'Alovlanma Baytarlıq Xəstəliyi Hadisəsi - Hadisənin statusu', 0, NEWID(), NULL, NULL);
INSERT INTO [dbo].[trtStringNameTranslation] ([idfsBaseReference], [idfsLanguage], [strTextString], [intRowStatus], [rowguid], [strMaintenanceFlag], [strReservedAttribute]) VALUES (10081101, 10049011, N'حالة تفشي الامراض البيطرية - وضع الحالة ', 0, NEWID(), NULL, NULL);

INSERT INTO [dbo].[trtStringNameTranslation] ([idfsBaseReference], [idfsLanguage], [strTextString], [intRowStatus], [rowguid], [strMaintenanceFlag], [strReservedAttribute]) VALUES (10081102, 10049003, N'Outbreak Veterinary Case – Region', 0, NEWID(), NULL, NULL);
INSERT INTO [dbo].[trtStringNameTranslation] ([idfsBaseReference], [idfsLanguage], [strTextString], [intRowStatus], [rowguid], [strMaintenanceFlag], [strReservedAttribute]) VALUES (10081102, 10049004, N'აფეთქების ვეტერინარული შემთხვევა - რეგიონი', 0, NEWID(), NULL, NULL);
INSERT INTO [dbo].[trtStringNameTranslation] ([idfsBaseReference], [idfsLanguage], [strTextString], [intRowStatus], [rowguid], [strMaintenanceFlag], [strReservedAttribute]) VALUES (10081102, 10049001, N'Alovlanma Baytarlıq Xəstəliyi Hadisəsi - Region', 0, NEWID(), NULL, NULL);
INSERT INTO [dbo].[trtStringNameTranslation] ([idfsBaseReference], [idfsLanguage], [strTextString], [intRowStatus], [rowguid], [strMaintenanceFlag], [strReservedAttribute]) VALUES (10081102, 10049011, N'حالة تفشي الامراض البيطرية -  المنطقة ', 0, NEWID(), NULL, NULL);

INSERT INTO [dbo].[trtStringNameTranslation] ([idfsBaseReference], [idfsLanguage], [strTextString], [intRowStatus], [rowguid], [strMaintenanceFlag], [strReservedAttribute]) VALUES (10081103, 10049003, N'Outbreak Veterinary Case – Rayon', 0, NEWID(), NULL, NULL);
INSERT INTO [dbo].[trtStringNameTranslation] ([idfsBaseReference], [idfsLanguage], [strTextString], [intRowStatus], [rowguid], [strMaintenanceFlag], [strReservedAttribute]) VALUES (10081103, 10049004, N'აფეთქების ვეტერინარული შემთხვევა - რაიონი', 0, NEWID(), NULL, NULL);
INSERT INTO [dbo].[trtStringNameTranslation] ([idfsBaseReference], [idfsLanguage], [strTextString], [intRowStatus], [rowguid], [strMaintenanceFlag], [strReservedAttribute]) VALUES (10081103, 10049001, N'Alovlanma Baytarlıq Xəstəliyi Hadisəsi - Rayon', 0, NEWID(), NULL, NULL);
INSERT INTO [dbo].[trtStringNameTranslation] ([idfsBaseReference], [idfsLanguage], [strTextString], [intRowStatus], [rowguid], [strMaintenanceFlag], [strReservedAttribute]) VALUES (10081103, 10049011, N'حالة تفشي الامراض البيطرية - رايون ', 0, NEWID(), NULL, NULL);

INSERT INTO [dbo].[trtStringNameTranslation] ([idfsBaseReference], [idfsLanguage], [strTextString], [intRowStatus], [rowguid], [strMaintenanceFlag], [strReservedAttribute]) VALUES (10081104, 10049003, N'Outbreak Veterinary Case – Settlement', 0, NEWID(), NULL, NULL);
INSERT INTO [dbo].[trtStringNameTranslation] ([idfsBaseReference], [idfsLanguage], [strTextString], [intRowStatus], [rowguid], [strMaintenanceFlag], [strReservedAttribute]) VALUES (10081104, 10049004, N'აფეთქების ვეტერინარული შემთხვევა - დასახლება', 0, NEWID(), NULL, NULL);
INSERT INTO [dbo].[trtStringNameTranslation] ([idfsBaseReference], [idfsLanguage], [strTextString], [intRowStatus], [rowguid], [strMaintenanceFlag], [strReservedAttribute]) VALUES (10081104, 10049001, N'Alovlanma Baytarlıq Xəstəliyi Hadisəsi - Yaşayış məntəqəsi', 0, NEWID(), NULL, NULL);
INSERT INTO [dbo].[trtStringNameTranslation] ([idfsBaseReference], [idfsLanguage], [strTextString], [intRowStatus], [rowguid], [strMaintenanceFlag], [strReservedAttribute]) VALUES (10081104, 10049011, N'حالة تفشي الامراض البيطرية -  الاقامة ', 0, NEWID(), NULL, NULL);

INSERT INTO [dbo].[trtStringNameTranslation] ([idfsBaseReference], [idfsLanguage], [strTextString], [intRowStatus], [rowguid], [strMaintenanceFlag], [strReservedAttribute]) VALUES (10081105, 10049003, N'Outbreak Veterinary Case – Latitude', 0, NEWID(), NULL, NULL);
INSERT INTO [dbo].[trtStringNameTranslation] ([idfsBaseReference], [idfsLanguage], [strTextString], [intRowStatus], [rowguid], [strMaintenanceFlag], [strReservedAttribute]) VALUES (10081105, 10049004, N'აფეთქების ვეტერინარული შემთხვევა - განედი', 0, NEWID(), NULL, NULL);
INSERT INTO [dbo].[trtStringNameTranslation] ([idfsBaseReference], [idfsLanguage], [strTextString], [intRowStatus], [rowguid], [strMaintenanceFlag], [strReservedAttribute]) VALUES (10081105, 10049001, N'Alovlanma Baytarlıq Xəstəliyi Hadisəsi - En dairəsi', 0, NEWID(), NULL, NULL);
INSERT INTO [dbo].[trtStringNameTranslation] ([idfsBaseReference], [idfsLanguage], [strTextString], [intRowStatus], [rowguid], [strMaintenanceFlag], [strReservedAttribute]) VALUES (10081105, 10049011, N'حالة تفشي الامراض البيطرية - خط العرض ', 0, NEWID(), NULL, NULL);

INSERT INTO [dbo].[trtStringNameTranslation] ([idfsBaseReference], [idfsLanguage], [strTextString], [intRowStatus], [rowguid], [strMaintenanceFlag], [strReservedAttribute]) VALUES (10081106, 10049003, N'Outbreak Veterinary Case – Longitude', 0, NEWID(), NULL, NULL);
INSERT INTO [dbo].[trtStringNameTranslation] ([idfsBaseReference], [idfsLanguage], [strTextString], [intRowStatus], [rowguid], [strMaintenanceFlag], [strReservedAttribute]) VALUES (10081106, 10049004, N'აფეთქების ვეტერინარული შემთხვევა - გრძედი', 0, NEWID(), NULL, NULL);
INSERT INTO [dbo].[trtStringNameTranslation] ([idfsBaseReference], [idfsLanguage], [strTextString], [intRowStatus], [rowguid], [strMaintenanceFlag], [strReservedAttribute]) VALUES (10081106, 10049001, N'Alovlanma Baytarlıq Xəstəliyi Hadisəsi - Uzunluq dairəsi', 0, NEWID(), NULL, NULL);
INSERT INTO [dbo].[trtStringNameTranslation] ([idfsBaseReference], [idfsLanguage], [strTextString], [intRowStatus], [rowguid], [strMaintenanceFlag], [strReservedAttribute]) VALUES (10081106, 10049011, N'حالة تفشي الامراض البيطرية -  خط الطول ', 0, NEWID(), NULL, NULL);

INSERT INTO [dbo].[trtStringNameTranslation] ([idfsBaseReference], [idfsLanguage], [strTextString], [intRowStatus], [rowguid], [strMaintenanceFlag], [strReservedAttribute]) VALUES (10081107, 10049003, N'Outbreak Veterinary Case – Disease', 0, NEWID(), NULL, NULL);
INSERT INTO [dbo].[trtStringNameTranslation] ([idfsBaseReference], [idfsLanguage], [strTextString], [intRowStatus], [rowguid], [strMaintenanceFlag], [strReservedAttribute]) VALUES (10081107, 10049004, N'აფეთქების ვეტერინარული შემთხვევა - დაავადება', 0, NEWID(), NULL, NULL);
INSERT INTO [dbo].[trtStringNameTranslation] ([idfsBaseReference], [idfsLanguage], [strTextString], [intRowStatus], [rowguid], [strMaintenanceFlag], [strReservedAttribute]) VALUES (10081107, 10049001, N'Alovlanma Baytarlıq Xəstəliyi Hadisəsi - Xəstəlik', 0, NEWID(), NULL, NULL);
INSERT INTO [dbo].[trtStringNameTranslation] ([idfsBaseReference], [idfsLanguage], [strTextString], [intRowStatus], [rowguid], [strMaintenanceFlag], [strReservedAttribute]) VALUES (10081107, 10049011, N'حالة تفشي الامراض البيطرية -  المرض ', 0, NEWID(), NULL, NULL);

INSERT INTO [dbo].[trtStringNameTranslation] ([idfsBaseReference], [idfsLanguage], [strTextString], [intRowStatus], [rowguid], [strMaintenanceFlag], [strReservedAttribute]) VALUES (10081108, 10049003, N'Outbreak Veterinary Case – Date of Disease', 0, NEWID(), NULL, NULL);
INSERT INTO [dbo].[trtStringNameTranslation] ([idfsBaseReference], [idfsLanguage], [strTextString], [intRowStatus], [rowguid], [strMaintenanceFlag], [strReservedAttribute]) VALUES (10081108, 10049004, N'აფეთქების ვეტერინარული შემთხვევა - დაავადების თარიღი', 0, NEWID(), NULL, NULL);
INSERT INTO [dbo].[trtStringNameTranslation] ([idfsBaseReference], [idfsLanguage], [strTextString], [intRowStatus], [rowguid], [strMaintenanceFlag], [strReservedAttribute]) VALUES (10081108, 10049001, N'Alovlanma Baytarlıq Xəstəliyi Hadisəsi - Xəstəliyin aşkar olunma tarixi', 0, NEWID(), NULL, NULL);
INSERT INTO [dbo].[trtStringNameTranslation] ([idfsBaseReference], [idfsLanguage], [strTextString], [intRowStatus], [rowguid], [strMaintenanceFlag], [strReservedAttribute]) VALUES (10081108, 10049011, N'حالة تفشي الامراض البيطرية -  تاريخ المرض ', 0, NEWID(), NULL, NULL);

INSERT INTO [dbo].[trtStringNameTranslation] ([idfsBaseReference], [idfsLanguage], [strTextString], [intRowStatus], [rowguid], [strMaintenanceFlag], [strReservedAttribute]) VALUES (10081109, 10049003, N'Outbreak Veterinary Case – Date of Symptoms Onset', 0, NEWID(), NULL, NULL);
INSERT INTO [dbo].[trtStringNameTranslation] ([idfsBaseReference], [idfsLanguage], [strTextString], [intRowStatus], [rowguid], [strMaintenanceFlag], [strReservedAttribute]) VALUES (10081109, 10049004, N'აფეთქების ვეტერინარული შემთხვევა - სიმპტომების გამოვლენის თარიღი', 0, NEWID(), NULL, NULL);
INSERT INTO [dbo].[trtStringNameTranslation] ([idfsBaseReference], [idfsLanguage], [strTextString], [intRowStatus], [rowguid], [strMaintenanceFlag], [strReservedAttribute]) VALUES (10081109, 10049001, N'Alovlanma Baytarlıq Xəstəliyi Hadisəsi - Simptomların başlanma tarixi', 0, NEWID(), NULL, NULL);
INSERT INTO [dbo].[trtStringNameTranslation] ([idfsBaseReference], [idfsLanguage], [strTextString], [intRowStatus], [rowguid], [strMaintenanceFlag], [strReservedAttribute]) VALUES (10081109, 10049011, N'حالة تفشي الامراض البيطرية - تاريخ بدء ظهور الأعراض ', 0, NEWID(), NULL, NULL);

INSERT INTO [dbo].[trtStringNameTranslation] ([idfsBaseReference], [idfsLanguage], [strTextString], [intRowStatus], [rowguid], [strMaintenanceFlag], [strReservedAttribute]) VALUES (10081110, 10049003, N'Outbreak Veterinary Case – Case Classification', 0, NEWID(), NULL, NULL);
INSERT INTO [dbo].[trtStringNameTranslation] ([idfsBaseReference], [idfsLanguage], [strTextString], [intRowStatus], [rowguid], [strMaintenanceFlag], [strReservedAttribute]) VALUES (10081110, 10049004, N'აფეთქების ვეტერინარული შემთხვევა - შემთხვევის კლასიფიკაცია', 0, NEWID(), NULL, NULL);
INSERT INTO [dbo].[trtStringNameTranslation] ([idfsBaseReference], [idfsLanguage], [strTextString], [intRowStatus], [rowguid], [strMaintenanceFlag], [strReservedAttribute]) VALUES (10081110, 10049001, N'Alovlanma Baytarlıq Xəstəliyi Hadisəsi - Hadisənin təsnifatı', 0, NEWID(), NULL, NULL);
INSERT INTO [dbo].[trtStringNameTranslation] ([idfsBaseReference], [idfsLanguage], [strTextString], [intRowStatus], [rowguid], [strMaintenanceFlag], [strReservedAttribute]) VALUES (10081110, 10049011, N'حالة تفشي الامراض البيطرية - تصنيف الحالة ', 0, NEWID(), NULL, NULL);

INSERT INTO [dbo].[trtStringNameTranslation] ([idfsBaseReference], [idfsLanguage], [strTextString], [intRowStatus], [rowguid], [strMaintenanceFlag], [strReservedAttribute]) VALUES (10081111, 10049003, N'Outbreak Veterinary Case – Date of Notification', 0, NEWID(), NULL, NULL);
INSERT INTO [dbo].[trtStringNameTranslation] ([idfsBaseReference], [idfsLanguage], [strTextString], [intRowStatus], [rowguid], [strMaintenanceFlag], [strReservedAttribute]) VALUES (10081111, 10049004, N'აფეთქების ვეტერინარული შემთხვევა - შეტყობინების თარიღი', 0, NEWID(), NULL, NULL);
INSERT INTO [dbo].[trtStringNameTranslation] ([idfsBaseReference], [idfsLanguage], [strTextString], [intRowStatus], [rowguid], [strMaintenanceFlag], [strReservedAttribute]) VALUES (10081111, 10049001, N'Alovlanma Baytarlıq Xəstəliyi Hadisəsi - Bildiriş tarixi', 0, NEWID(), NULL, NULL);
INSERT INTO [dbo].[trtStringNameTranslation] ([idfsBaseReference], [idfsLanguage], [strTextString], [intRowStatus], [rowguid], [strMaintenanceFlag], [strReservedAttribute]) VALUES (10081111, 10049011, N'حالة تفشي الامراض البيطرية - تاريخ الإخطار ', 0, NEWID(), NULL, NULL);

INSERT INTO [dbo].[trtStringNameTranslation] ([idfsBaseReference], [idfsLanguage], [strTextString], [intRowStatus], [rowguid], [strMaintenanceFlag], [strReservedAttribute]) VALUES (10081112, 10049003, N'Outbreak Veterinary Case – Notification Sent by Facility', 0, NEWID(), NULL, NULL);
INSERT INTO [dbo].[trtStringNameTranslation] ([idfsBaseReference], [idfsLanguage], [strTextString], [intRowStatus], [rowguid], [strMaintenanceFlag], [strReservedAttribute]) VALUES (10081112, 10049004, N'აფეთქების ვეტერინარული შემთხვევა - შეტყობინება გაგზავნილია დაწესებულების მიერ', 0, NEWID(), NULL, NULL);
INSERT INTO [dbo].[trtStringNameTranslation] ([idfsBaseReference], [idfsLanguage], [strTextString], [intRowStatus], [rowguid], [strMaintenanceFlag], [strReservedAttribute]) VALUES (10081112, 10049001, N'Alovlanma Baytarlıq Xəstəliyi Hadisəsi - Bildirişi göndərən müəssisə', 0, NEWID(), NULL, NULL);
INSERT INTO [dbo].[trtStringNameTranslation] ([idfsBaseReference], [idfsLanguage], [strTextString], [intRowStatus], [rowguid], [strMaintenanceFlag], [strReservedAttribute]) VALUES (10081112, 10049011, N'حالة تفشي الامراض البيطرية - تم ارسال الإخطار من المنشأة', 0, NEWID(), NULL, NULL);

INSERT INTO [dbo].[trtStringNameTranslation] ([idfsBaseReference], [idfsLanguage], [strTextString], [intRowStatus], [rowguid], [strMaintenanceFlag], [strReservedAttribute]) VALUES (10081113, 10049003, N'Outbreak Veterinary Case – Notification Received by Facility', 0, NEWID(), NULL, NULL);
INSERT INTO [dbo].[trtStringNameTranslation] ([idfsBaseReference], [idfsLanguage], [strTextString], [intRowStatus], [rowguid], [strMaintenanceFlag], [strReservedAttribute]) VALUES (10081113, 10049004, N'აფეთქების ვეტერინარული შემთხვევა - შეტყობინება მიღებულია დაწესებულების მიერ', 0, NEWID(), NULL, NULL);
INSERT INTO [dbo].[trtStringNameTranslation] ([idfsBaseReference], [idfsLanguage], [strTextString], [intRowStatus], [rowguid], [strMaintenanceFlag], [strReservedAttribute]) VALUES (10081113, 10049001, N'Alovlanma Baytarlıq Xəstəliyi Hadisəsi - Bildirişi qəbul edən müəssisə', 0, NEWID(), NULL, NULL);
INSERT INTO [dbo].[trtStringNameTranslation] ([idfsBaseReference], [idfsLanguage], [strTextString], [intRowStatus], [rowguid], [strMaintenanceFlag], [strReservedAttribute]) VALUES (10081113, 10049011, N'حالة تفشي الامراض البيطرية -  تم استلام الإخطار من المنشأة ', 0, NEWID(), NULL, NULL);

INSERT INTO [dbo].[trtStringNameTranslation] ([idfsBaseReference], [idfsLanguage], [strTextString], [intRowStatus], [rowguid], [strMaintenanceFlag], [strReservedAttribute]) VALUES (10081114, 10049003, N'Outbreak Veterinary Case – Investigator Organization', 0, NEWID(), NULL, NULL);
INSERT INTO [dbo].[trtStringNameTranslation] ([idfsBaseReference], [idfsLanguage], [strTextString], [intRowStatus], [rowguid], [strMaintenanceFlag], [strReservedAttribute]) VALUES (10081114, 10049004, N'აფეთქების ვეტერინარული შემთხვევა -  მკვლევარი ორგანიზაცია', 0, NEWID(), NULL, NULL);
INSERT INTO [dbo].[trtStringNameTranslation] ([idfsBaseReference], [idfsLanguage], [strTextString], [intRowStatus], [rowguid], [strMaintenanceFlag], [strReservedAttribute]) VALUES (10081114, 10049001, N'Alovlanma Baytarlıq Xəstəliyi Hadisəsi - Tədqiqatı aparan təşkilat', 0, NEWID(), NULL, NULL);
INSERT INTO [dbo].[trtStringNameTranslation] ([idfsBaseReference], [idfsLanguage], [strTextString], [intRowStatus], [rowguid], [strMaintenanceFlag], [strReservedAttribute]) VALUES (10081114, 10049011, N'حالة تفشي الامراض البيطرية - محقق المنظمة ', 0, NEWID(), NULL, NULL);

INSERT INTO [dbo].[trtStringNameTranslation] ([idfsBaseReference], [idfsLanguage], [strTextString], [intRowStatus], [rowguid], [strMaintenanceFlag], [strReservedAttribute]) VALUES (10081115, 10049003, N'Outbreak Veterinary Case – Investigator Name', 0, NEWID(), NULL, NULL);
INSERT INTO [dbo].[trtStringNameTranslation] ([idfsBaseReference], [idfsLanguage], [strTextString], [intRowStatus], [rowguid], [strMaintenanceFlag], [strReservedAttribute]) VALUES (10081115, 10049004, N'აფეთქების ვეტერინარული შემთხვევა - მკვლევარის სახელი', 0, NEWID(), NULL, NULL);
INSERT INTO [dbo].[trtStringNameTranslation] ([idfsBaseReference], [idfsLanguage], [strTextString], [intRowStatus], [rowguid], [strMaintenanceFlag], [strReservedAttribute]) VALUES (10081115, 10049001, N'Alovlanma Baytarlıq Xəstəliyi Hadisəsi - Tədqiqatçının adı', 0, NEWID(), NULL, NULL);
INSERT INTO [dbo].[trtStringNameTranslation] ([idfsBaseReference], [idfsLanguage], [strTextString], [intRowStatus], [rowguid], [strMaintenanceFlag], [strReservedAttribute]) VALUES (10081115, 10049011, N'حالة تفشي الامراض البيطرية - اسم الباحث', 0, NEWID(), NULL, NULL);

INSERT INTO [dbo].[trtStringNameTranslation] ([idfsBaseReference], [idfsLanguage], [strTextString], [intRowStatus], [rowguid], [strMaintenanceFlag], [strReservedAttribute]) VALUES (10081116, 10049003, N'Outbreak Veterinary Case – Starting date of investigation', 0, NEWID(), NULL, NULL);
INSERT INTO [dbo].[trtStringNameTranslation] ([idfsBaseReference], [idfsLanguage], [strTextString], [intRowStatus], [rowguid], [strMaintenanceFlag], [strReservedAttribute]) VALUES (10081116, 10049004, N'აფეთქების ვეტერინარული შემთხვევა - გამოკვლევის დაწყების თარიღი', 0, NEWID(), NULL, NULL);
INSERT INTO [dbo].[trtStringNameTranslation] ([idfsBaseReference], [idfsLanguage], [strTextString], [intRowStatus], [rowguid], [strMaintenanceFlag], [strReservedAttribute]) VALUES (10081116, 10049001, N'Alovlanma Baytarlıq Xəstəliyi Hadisəsi - Tədqiqatın başlanma tarixi', 0, NEWID(), NULL, NULL);
INSERT INTO [dbo].[trtStringNameTranslation] ([idfsBaseReference], [idfsLanguage], [strTextString], [intRowStatus], [rowguid], [strMaintenanceFlag], [strReservedAttribute]) VALUES (10081116, 10049011, N'حالة تفشي الامراض البيطرية -  تاريخ بدء البحث ', 0, NEWID(), NULL, NULL);

INSERT INTO [dbo].[trtStringNameTranslation] ([idfsBaseReference], [idfsLanguage], [strTextString], [intRowStatus], [rowguid], [strMaintenanceFlag], [strReservedAttribute]) VALUES (10081117, 10049003, N'Outbreak Veterinary Case – Primary Case', 0, NEWID(), NULL, NULL);
INSERT INTO [dbo].[trtStringNameTranslation] ([idfsBaseReference], [idfsLanguage], [strTextString], [intRowStatus], [rowguid], [strMaintenanceFlag], [strReservedAttribute]) VALUES (10081117, 10049004, N'აფეთქების ვეტერინარული შემთხვევა - პირველადი შემთხვევა', 0, NEWID(), NULL, NULL);
INSERT INTO [dbo].[trtStringNameTranslation] ([idfsBaseReference], [idfsLanguage], [strTextString], [intRowStatus], [rowguid], [strMaintenanceFlag], [strReservedAttribute]) VALUES (10081117, 10049001, N'Alovlanma Baytarlıq Xəstəliyi Hadisəsi - İlkin hadisə', 0, NEWID(), NULL, NULL);
INSERT INTO [dbo].[trtStringNameTranslation] ([idfsBaseReference], [idfsLanguage], [strTextString], [intRowStatus], [rowguid], [strMaintenanceFlag], [strReservedAttribute]) VALUES (10081117, 10049011, N'حالة تفشي الامراض البيطرية - الحالة الأولية ', 0, NEWID(), NULL, NULL);

INSERT INTO [dbo].[trtStringNameTranslation] ([idfsBaseReference], [idfsLanguage], [strTextString], [intRowStatus], [rowguid], [strMaintenanceFlag], [strReservedAttribute]) VALUES (10081118, 10049003, N'Outbreak Veterinary Case – Case Questionnaire (Flexible forms)', 0, NEWID(), NULL, NULL);
INSERT INTO [dbo].[trtStringNameTranslation] ([idfsBaseReference], [idfsLanguage], [strTextString], [intRowStatus], [rowguid], [strMaintenanceFlag], [strReservedAttribute]) VALUES (10081118, 10049004, N'აფეთქების ვეტერინარული შემთხვევა - შემთხვევის კითხვარი (მოქნილი ფორმები)', 0, NEWID(), NULL, NULL);
INSERT INTO [dbo].[trtStringNameTranslation] ([idfsBaseReference], [idfsLanguage], [strTextString], [intRowStatus], [rowguid], [strMaintenanceFlag], [strReservedAttribute]) VALUES (10081118, 10049001, N'Alovlanma Baytarlıq Xəstəliyi Hadisəsi - Hadisə üzrə sorğu vərəqəsi (Əlavə formalar)', 0, NEWID(), NULL, NULL);
INSERT INTO [dbo].[trtStringNameTranslation] ([idfsBaseReference], [idfsLanguage], [strTextString], [intRowStatus], [rowguid], [strMaintenanceFlag], [strReservedAttribute]) VALUES (10081118, 10049011, N'حالة تفشي الامراض البيطرية - استبيان الحالة ( نماذج مرنة )', 0, NEWID(), NULL, NULL);

INSERT INTO [dbo].[trtStringNameTranslation] ([idfsBaseReference], [idfsLanguage], [strTextString], [intRowStatus], [rowguid], [strMaintenanceFlag], [strReservedAttribute]) VALUES (10081119, 10049003, N'Outbreak Veterinary Case – Case Monitoring (Flexible forms)', 0, NEWID(), NULL, NULL);
INSERT INTO [dbo].[trtStringNameTranslation] ([idfsBaseReference], [idfsLanguage], [strTextString], [intRowStatus], [rowguid], [strMaintenanceFlag], [strReservedAttribute]) VALUES (10081119, 10049004, N'აფეთქების ვეტერინარული შემთხვევა - შემთხვევის მონიტორინგი (მოქნილი ფორმები)', 0, NEWID(), NULL, NULL);
INSERT INTO [dbo].[trtStringNameTranslation] ([idfsBaseReference], [idfsLanguage], [strTextString], [intRowStatus], [rowguid], [strMaintenanceFlag], [strReservedAttribute]) VALUES (10081119, 10049001, N'Alovlanma Baytarlıq Xəstəliyi Hadisəsi - Hadisənin monitorinqi (Əlavə formalar)', 0, NEWID(), NULL, NULL);
INSERT INTO [dbo].[trtStringNameTranslation] ([idfsBaseReference], [idfsLanguage], [strTextString], [intRowStatus], [rowguid], [strMaintenanceFlag], [strReservedAttribute]) VALUES (10081119, 10049011, N'حالة تفشي الامراض البيطرية -  مراقبة الحالة ( نماذج مرنة ) ', 0, NEWID(), NULL, NULL);

INSERT INTO [dbo].[trtStringNameTranslation] ([idfsBaseReference], [idfsLanguage], [strTextString], [intRowStatus], [rowguid], [strMaintenanceFlag], [strReservedAttribute]) VALUES (10081120, 10049003, N'Outbreak Veterinary Case – Number of Contacts (sum of the total records in the contacts grid)', 0, NEWID(), NULL, NULL);
INSERT INTO [dbo].[trtStringNameTranslation] ([idfsBaseReference], [idfsLanguage], [strTextString], [intRowStatus], [rowguid], [strMaintenanceFlag], [strReservedAttribute]) VALUES (10081120, 10049004, N'აფეთქების ვეტერინარული შემთხვევა - კონტაქტების რაოდენობა ( საერთო ჩანაწერების ჯამი კონტაქტების ცხრილში)', 0, NEWID(), NULL, NULL);
INSERT INTO [dbo].[trtStringNameTranslation] ([idfsBaseReference], [idfsLanguage], [strTextString], [intRowStatus], [rowguid], [strMaintenanceFlag], [strReservedAttribute]) VALUES (10081120, 10049001, N'Alovlanma Baytarlıq Xəstəliyi Hadisəsi - Təmasda olanların sayı (təmaslar cədvəlində yazıların ümumi sayı)', 0, NEWID(), NULL, NULL);
INSERT INTO [dbo].[trtStringNameTranslation] ([idfsBaseReference], [idfsLanguage], [strTextString], [intRowStatus], [rowguid], [strMaintenanceFlag], [strReservedAttribute]) VALUES (10081120, 10049011, N'حالة تفشي الامراض البيطرية -  عدد جهات الاتصال (مجموع  إجمالي السجلات في شبكة جهات الاتصالات)', 0, NEWID(), NULL, NULL);

INSERT INTO [dbo].[trtStringNameTranslation] ([idfsBaseReference], [idfsLanguage], [strTextString], [intRowStatus], [rowguid], [strMaintenanceFlag], [strReservedAttribute]) VALUES (10081121, 10049003, N'Outbreak Veterinary Case – Tests Conducted', 0, NEWID(), NULL, NULL);
INSERT INTO [dbo].[trtStringNameTranslation] ([idfsBaseReference], [idfsLanguage], [strTextString], [intRowStatus], [rowguid], [strMaintenanceFlag], [strReservedAttribute]) VALUES (10081121, 10049004, N'აფეთქების ვეტერინარული შემთხვევა - ჩატარებული ტესტები', 0, NEWID(), NULL, NULL);
INSERT INTO [dbo].[trtStringNameTranslation] ([idfsBaseReference], [idfsLanguage], [strTextString], [intRowStatus], [rowguid], [strMaintenanceFlag], [strReservedAttribute]) VALUES (10081121, 10049001, N'Alovlanma Baytarlıq Xəstəliyi Hadisəsi - Aparılan testlər', 0, NEWID(), NULL, NULL);
INSERT INTO [dbo].[trtStringNameTranslation] ([idfsBaseReference], [idfsLanguage], [strTextString], [intRowStatus], [rowguid], [strMaintenanceFlag], [strReservedAttribute]) VALUES (10081121, 10049011, N'حالة تفشي الامراض البيطرية - الاختبارات التي أجريت ', 0, NEWID(), NULL, NULL);

INSERT INTO [dbo].[tasSearchField] ([idfsSearchField], [idfsSearchFieldType], [idfsSearchObject], [idfsReferenceType], [idfsGISReferenceType], [strSearchFieldAlias], [strLookupTable], [intMapDisplayOrder], [intIncidenceDisplayOrder], [blnGeoLocationString], [strCalculatedFieldText], [rowguid], [intRowStatus], [idfsDefaultAggregateFunction], [blnShortAddressString], [strLookupFunction], [strLookupFunctionIdField], [strLookupFunctionNameField], [strLookupAttribute], [blnAllowMissedReferenceValues], [strReservedAttribute]) VALUES (10080995, 10081007, 10082061, NULL, NULL, 'sflVC_OutbreakID', NULL, NULL, NULL, 0, NULL, NEWID(), 0, 10004020, 0, NULL, NULL, NULL, NULL, 0, NULL);
INSERT INTO [dbo].[tasSearchField] ([idfsSearchField], [idfsSearchFieldType], [idfsSearchObject], [idfsReferenceType], [idfsGISReferenceType], [strSearchFieldAlias], [strLookupTable], [intMapDisplayOrder], [intIncidenceDisplayOrder], [blnGeoLocationString], [strCalculatedFieldText], [rowguid], [intRowStatus], [idfsDefaultAggregateFunction], [blnShortAddressString], [strLookupFunction], [strLookupFunctionIdField], [strLookupFunctionNameField], [strLookupAttribute], [blnAllowMissedReferenceValues], [strReservedAttribute]) VALUES (10080996, 10081007, 10082061, 19000513, NULL, 'sflOS_Type', 'OutbreakType', NULL, NULL, 0, NULL, NEWID(), 0, 10004003, 0, NULL, NULL, NULL, 'name', 1, NULL);
INSERT INTO [dbo].[tasSearchField] ([idfsSearchField], [idfsSearchFieldType], [idfsSearchObject], [idfsReferenceType], [idfsGISReferenceType], [strSearchFieldAlias], [strLookupTable], [intMapDisplayOrder], [intIncidenceDisplayOrder], [blnGeoLocationString], [strCalculatedFieldText], [rowguid], [intRowStatus], [idfsDefaultAggregateFunction], [blnShortAddressString], [strLookupFunction], [strLookupFunctionIdField], [strLookupFunctionNameField], [strLookupAttribute], [blnAllowMissedReferenceValues], [strReservedAttribute]) VALUES (10080997, 10081007, 10082061, NULL, NULL, 'sflOutbreak_ID', NULL, NULL, NULL, 0, NULL, NEWID(), 0, 10004020, 0, NULL, NULL, NULL, NULL, 0, NULL);
INSERT INTO [dbo].[tasSearchField] ([idfsSearchField], [idfsSearchFieldType], [idfsSearchObject], [idfsReferenceType], [idfsGISReferenceType], [strSearchFieldAlias], [strLookupTable], [intMapDisplayOrder], [intIncidenceDisplayOrder], [blnGeoLocationString], [strCalculatedFieldText], [rowguid], [intRowStatus], [idfsDefaultAggregateFunction], [blnShortAddressString], [strLookupFunction], [strLookupFunctionIdField], [strLookupFunctionNameField], [strLookupAttribute], [blnAllowMissedReferenceValues], [strReservedAttribute]) VALUES (10080998, 10081007, 10082061, NULL, NULL, 'sflVC_FarmID', NULL, NULL, NULL, 0, NULL, NEWID(), 0, 10004020, 0, NULL, NULL, NULL, NULL, 0, NULL);
INSERT INTO [dbo].[tasSearchField] ([idfsSearchField], [idfsSearchFieldType], [idfsSearchObject], [idfsReferenceType], [idfsGISReferenceType], [strSearchFieldAlias], [strLookupTable], [intMapDisplayOrder], [intIncidenceDisplayOrder], [blnGeoLocationString], [strCalculatedFieldText], [rowguid], [intRowStatus], [idfsDefaultAggregateFunction], [blnShortAddressString], [strLookupFunction], [strLookupFunctionIdField], [strLookupFunctionNameField], [strLookupAttribute], [blnAllowMissedReferenceValues], [strReservedAttribute]) VALUES (10080999, 10081007, 10082061, 19000012, NULL, 'sflVC_CaseType', 'rftCaseType', NULL, NULL, 0, NULL, NEWID(), 0, 10004003, 0, NULL, NULL, NULL, 'name', 1, NULL);
INSERT INTO [dbo].[tasSearchField] ([idfsSearchField], [idfsSearchFieldType], [idfsSearchObject], [idfsReferenceType], [idfsGISReferenceType], [strSearchFieldAlias], [strLookupTable], [intMapDisplayOrder], [intIncidenceDisplayOrder], [blnGeoLocationString], [strCalculatedFieldText], [rowguid], [intRowStatus], [idfsDefaultAggregateFunction], [blnShortAddressString], [strLookupFunction], [strLookupFunctionIdField], [strLookupFunctionNameField], [strLookupAttribute], [blnAllowMissedReferenceValues], [strReservedAttribute]) VALUES (10081100, 10081002, 10082061, NULL, NULL, 'sflOSC_EnteredDate', NULL, NULL, NULL, NULL, NULL, NEWID(), 0, 10004003, 0, NULL, NULL, NULL, NULL, 0, NULL);
INSERT INTO [dbo].[tasSearchField] ([idfsSearchField], [idfsSearchFieldType], [idfsSearchObject], [idfsReferenceType], [idfsGISReferenceType], [strSearchFieldAlias], [strLookupTable], [intMapDisplayOrder], [intIncidenceDisplayOrder], [blnGeoLocationString], [strCalculatedFieldText], [rowguid], [intRowStatus], [idfsDefaultAggregateFunction], [blnShortAddressString], [strLookupFunction], [strLookupFunctionIdField], [strLookupFunctionNameField], [strLookupAttribute], [blnAllowMissedReferenceValues], [strReservedAttribute]) VALUES (10081101, 10081007, 10082061, 19000011, NULL, 'sflVC_CaseClassification', 'rftCaseClassification', NULL, NULL, NULL, NULL, NEWID(), 0, 10004003, 0, NULL, NULL, NULL, 'name', 1, NULL);
INSERT INTO [dbo].[tasSearchField] ([idfsSearchField], [idfsSearchFieldType], [idfsSearchObject], [idfsReferenceType], [idfsGISReferenceType], [strSearchFieldAlias], [strLookupTable], [intMapDisplayOrder], [intIncidenceDisplayOrder], [blnGeoLocationString], [strCalculatedFieldText], [rowguid], [intRowStatus], [idfsDefaultAggregateFunction], [blnShortAddressString], [strLookupFunction], [strLookupFunctionIdField], [strLookupFunctionNameField], [strLookupAttribute], [blnAllowMissedReferenceValues], [strReservedAttribute]) VALUES (10081102, 10081007, 10082061, NULL, 19000003, 'sflVC_FarmAddressRegion', 'Region', 170, NULL, NULL, NULL, NEWID(), 0, 10004003, 0, NULL, NULL, NULL, 'strRegionExtendedName', 1, NULL);
INSERT INTO [dbo].[tasSearchField] ([idfsSearchField], [idfsSearchFieldType], [idfsSearchObject], [idfsReferenceType], [idfsGISReferenceType], [strSearchFieldAlias], [strLookupTable], [intMapDisplayOrder], [intIncidenceDisplayOrder], [blnGeoLocationString], [strCalculatedFieldText], [rowguid], [intRowStatus], [idfsDefaultAggregateFunction], [blnShortAddressString], [strLookupFunction], [strLookupFunctionIdField], [strLookupFunctionNameField], [strLookupAttribute], [blnAllowMissedReferenceValues], [strReservedAttribute]) VALUES (10081103, 10081007, 10082061, NULL, 19000002, 'sflVC_FarmAddressRayon', 'Rayon', 110, NULL, NULL, NULL, NEWID(), 0, 10004003, 0, NULL, NULL, NULL, 'strRayonExtendedName', 1, NULL);
INSERT INTO [dbo].[tasSearchField] ([idfsSearchField], [idfsSearchFieldType], [idfsSearchObject], [idfsReferenceType], [idfsGISReferenceType], [strSearchFieldAlias], [strLookupTable], [intMapDisplayOrder], [intIncidenceDisplayOrder], [blnGeoLocationString], [strCalculatedFieldText], [rowguid], [intRowStatus], [idfsDefaultAggregateFunction], [blnShortAddressString], [strLookupFunction], [strLookupFunctionIdField], [strLookupFunctionNameField], [strLookupAttribute], [blnAllowMissedReferenceValues], [strReservedAttribute]) VALUES (10081104, 10081007, 10082061, NULL, 19000004, 'sflVC_FarmAddressSettlement', 'Settlement', 50, NULL, NULL, NULL, NEWID(), 0, 10004003, 0, NULL, NULL, NULL, 'strSettlementExtendedName', 1, NULL);
INSERT INTO [dbo].[tasSearchField] ([idfsSearchField], [idfsSearchFieldType], [idfsSearchObject], [idfsReferenceType], [idfsGISReferenceType], [strSearchFieldAlias], [strLookupTable], [intMapDisplayOrder], [intIncidenceDisplayOrder], [blnGeoLocationString], [strCalculatedFieldText], [rowguid], [intRowStatus], [idfsDefaultAggregateFunction], [blnShortAddressString], [strLookupFunction], [strLookupFunctionIdField], [strLookupFunctionNameField], [strLookupAttribute], [blnAllowMissedReferenceValues], [strReservedAttribute]) VALUES (10081105, 10081004, 10082061, NULL, NULL, 'sflVC_FarmLocationLatitude', NULL, NULL, NULL, 0, NULL, NEWID(), 0, 10004003, 0, NULL, NULL, NULL, NULL, 0, NULL);
INSERT INTO [dbo].[tasSearchField] ([idfsSearchField], [idfsSearchFieldType], [idfsSearchObject], [idfsReferenceType], [idfsGISReferenceType], [strSearchFieldAlias], [strLookupTable], [intMapDisplayOrder], [intIncidenceDisplayOrder], [blnGeoLocationString], [strCalculatedFieldText], [rowguid], [intRowStatus], [idfsDefaultAggregateFunction], [blnShortAddressString], [strLookupFunction], [strLookupFunctionIdField], [strLookupFunctionNameField], [strLookupAttribute], [blnAllowMissedReferenceValues], [strReservedAttribute]) VALUES (10081106, 10081004, 10082061, NULL, NULL, 'sflVC_FarmLocationLongitude', NULL, NULL, NULL, 0, NULL, NEWID(), 0, 10004003, 0, NULL, NULL, NULL, NULL, 0, NULL);
INSERT INTO [dbo].[tasSearchField] ([idfsSearchField], [idfsSearchFieldType], [idfsSearchObject], [idfsReferenceType], [idfsGISReferenceType], [strSearchFieldAlias], [strLookupTable], [intMapDisplayOrder], [intIncidenceDisplayOrder], [blnGeoLocationString], [strCalculatedFieldText], [rowguid], [intRowStatus], [idfsDefaultAggregateFunction], [blnShortAddressString], [strLookupFunction], [strLookupFunctionIdField], [strLookupFunctionNameField], [strLookupAttribute], [blnAllowMissedReferenceValues], [strReservedAttribute]) VALUES (10081107, 10081007, 10082061, 19000019, NULL, 'sflVC_FinalDiagnosis', 'VetStandardDiagnosis', NULL, NULL, NULL, NULL, NEWID(), 0, 10004003, 0, NULL, NULL, NULL, 'name', 1, NULL);
INSERT INTO [dbo].[tasSearchField] ([idfsSearchField], [idfsSearchFieldType], [idfsSearchObject], [idfsReferenceType], [idfsGISReferenceType], [strSearchFieldAlias], [strLookupTable], [intMapDisplayOrder], [intIncidenceDisplayOrder], [blnGeoLocationString], [strCalculatedFieldText], [rowguid], [intRowStatus], [idfsDefaultAggregateFunction], [blnShortAddressString], [strLookupFunction], [strLookupFunctionIdField], [strLookupFunctionNameField], [strLookupAttribute], [blnAllowMissedReferenceValues], [strReservedAttribute]) VALUES (10081108, 10081002, 10082061, NULL, NULL, 'sflVC_FinalDiagnosisDate', NULL, NULL, NULL, NULL, NULL, NEWID(), 0, 10004003, 0, NULL, NULL, NULL, NULL, 1, NULL);
INSERT INTO [dbo].[tasSearchField] ([idfsSearchField], [idfsSearchFieldType], [idfsSearchObject], [idfsReferenceType], [idfsGISReferenceType], [strSearchFieldAlias], [strLookupTable], [intMapDisplayOrder], [intIncidenceDisplayOrder], [blnGeoLocationString], [strCalculatedFieldText], [rowguid], [intRowStatus], [idfsDefaultAggregateFunction], [blnShortAddressString], [strLookupFunction], [strLookupFunctionIdField], [strLookupFunctionNameField], [strLookupAttribute], [blnAllowMissedReferenceValues], [strReservedAttribute]) VALUES (10081109, 10081002, 10082061, NULL, NULL, 'sflBss_DateOfSymptomsOnset', NULL, NULL, NULL, 0, NULL, NEWID(), 0, 10004003, 0, NULL, NULL, NULL, NULL, 1, NULL);
INSERT INTO [dbo].[tasSearchField] ([idfsSearchField], [idfsSearchFieldType], [idfsSearchObject], [idfsReferenceType], [idfsGISReferenceType], [strSearchFieldAlias], [strLookupTable], [intMapDisplayOrder], [intIncidenceDisplayOrder], [blnGeoLocationString], [strCalculatedFieldText], [rowguid], [intRowStatus], [idfsDefaultAggregateFunction], [blnShortAddressString], [strLookupFunction], [strLookupFunctionIdField], [strLookupFunctionNameField], [strLookupAttribute], [blnAllowMissedReferenceValues], [strReservedAttribute]) VALUES (10081110, 10081007, 10082061, 19000011, NULL, 'sflZD_CaseClassification', 'rftCaseClassification', NULL, NULL, 0, NULL, NEWID(), 0, 10004003, 0, NULL, NULL, NULL, 'name', 1, NULL);
INSERT INTO [dbo].[tasSearchField] ([idfsSearchField], [idfsSearchFieldType], [idfsSearchObject], [idfsReferenceType], [idfsGISReferenceType], [strSearchFieldAlias], [strLookupTable], [intMapDisplayOrder], [intIncidenceDisplayOrder], [blnGeoLocationString], [strCalculatedFieldText], [rowguid], [intRowStatus], [idfsDefaultAggregateFunction], [blnShortAddressString], [strLookupFunction], [strLookupFunctionIdField], [strLookupFunctionNameField], [strLookupAttribute], [blnAllowMissedReferenceValues], [strReservedAttribute]) VALUES (10081111, 10081002, 10082061, NULL, NULL, 'sflHC_EnteredDate', NULL, NULL, NULL, NULL, NULL, NEWID(), 0, 10004003, 0, NULL, NULL, NULL, NULL, 1, NULL);
INSERT INTO [dbo].[tasSearchField] ([idfsSearchField], [idfsSearchFieldType], [idfsSearchObject], [idfsReferenceType], [idfsGISReferenceType], [strSearchFieldAlias], [strLookupTable], [intMapDisplayOrder], [intIncidenceDisplayOrder], [blnGeoLocationString], [strCalculatedFieldText], [rowguid], [intRowStatus], [idfsDefaultAggregateFunction], [blnShortAddressString], [strLookupFunction], [strLookupFunctionIdField], [strLookupFunctionNameField], [strLookupAttribute], [blnAllowMissedReferenceValues], [strReservedAttribute]) VALUES (10081112, 10081007, 10082061, 19000046, NULL, 'sflHC_SentByOffice', 'Organization', NULL, NULL, NULL, NULL, NEWID(), 0, 10004003, 0, NULL, NULL, NULL, 'FullName', 1, NULL);
INSERT INTO [dbo].[tasSearchField] ([idfsSearchField], [idfsSearchFieldType], [idfsSearchObject], [idfsReferenceType], [idfsGISReferenceType], [strSearchFieldAlias], [strLookupTable], [intMapDisplayOrder], [intIncidenceDisplayOrder], [blnGeoLocationString], [strCalculatedFieldText], [rowguid], [intRowStatus], [idfsDefaultAggregateFunction], [blnShortAddressString], [strLookupFunction], [strLookupFunctionIdField], [strLookupFunctionNameField], [strLookupAttribute], [blnAllowMissedReferenceValues], [strReservedAttribute]) VALUES (10081113, 10081007, 10082061, 19000046, NULL, 'sflHC_ReceivedByOffice', 'Organization', NULL, NULL, NULL, NULL, NEWID(), 0, 10004003, 0, NULL, NULL, NULL, 'FullName', 1, NULL);
INSERT INTO [dbo].[tasSearchField] ([idfsSearchField], [idfsSearchFieldType], [idfsSearchObject], [idfsReferenceType], [idfsGISReferenceType], [strSearchFieldAlias], [strLookupTable], [intMapDisplayOrder], [intIncidenceDisplayOrder], [blnGeoLocationString], [strCalculatedFieldText], [rowguid], [intRowStatus], [idfsDefaultAggregateFunction], [blnShortAddressString], [strLookupFunction], [strLookupFunctionIdField], [strLookupFunctionNameField], [strLookupAttribute], [blnAllowMissedReferenceValues], [strReservedAttribute]) VALUES (10081114, 10081007, 10082061, 19000046, NULL, 'sflHCSample_SentToOrganization', 'Organization', NULL, NULL, 0, NULL, NEWID(), 0, 10004003, 0, NULL, NULL, NULL, 'FullName', 1, NULL);
INSERT INTO [dbo].[tasSearchField] ([idfsSearchField], [idfsSearchFieldType], [idfsSearchObject], [idfsReferenceType], [idfsGISReferenceType], [strSearchFieldAlias], [strLookupTable], [intMapDisplayOrder], [intIncidenceDisplayOrder], [blnGeoLocationString], [strCalculatedFieldText], [rowguid], [intRowStatus], [idfsDefaultAggregateFunction], [blnShortAddressString], [strLookupFunction], [strLookupFunctionIdField], [strLookupFunctionNameField], [strLookupAttribute], [blnAllowMissedReferenceValues], [strReservedAttribute]) VALUES (10081115, 10081007, 10082061, NULL, NULL, 'sflVC_InvestigatedByPerson', NULL, NULL, NULL, 0, NULL, NEWID(), 0, 10004003, 0, NULL, NULL, NULL, NULL, 0, NULL);
INSERT INTO [dbo].[tasSearchField] ([idfsSearchField], [idfsSearchFieldType], [idfsSearchObject], [idfsReferenceType], [idfsGISReferenceType], [strSearchFieldAlias], [strLookupTable], [intMapDisplayOrder], [intIncidenceDisplayOrder], [blnGeoLocationString], [strCalculatedFieldText], [rowguid], [intRowStatus], [idfsDefaultAggregateFunction], [blnShortAddressString], [strLookupFunction], [strLookupFunctionIdField], [strLookupFunctionNameField], [strLookupAttribute], [blnAllowMissedReferenceValues], [strReservedAttribute]) VALUES (10081116, 10081002, 10082061, NULL, NULL, 'sflHC_InvestigationStartDate', NULL, NULL, NULL, 0, NULL, NEWID(), 0, 10004003, 0, NULL, NULL, NULL, NULL, 1, NULL);
INSERT INTO [dbo].[tasSearchField] ([idfsSearchField], [idfsSearchFieldType], [idfsSearchObject], [idfsReferenceType], [idfsGISReferenceType], [strSearchFieldAlias], [strLookupTable], [intMapDisplayOrder], [intIncidenceDisplayOrder], [blnGeoLocationString], [strCalculatedFieldText], [rowguid], [intRowStatus], [idfsDefaultAggregateFunction], [blnShortAddressString], [strLookupFunction], [strLookupFunctionIdField], [strLookupFunctionNameField], [strLookupAttribute], [blnAllowMissedReferenceValues], [strReservedAttribute]) VALUES (10081117, 10081007, 10082061, NULL, NULL, 'sflOVC_PrimaryCase', NULL, NULL, NULL, NULL, NULL, NEWID(), 0, 10004003, 0, NULL, NULL, NULL, NULL, 1, NULL);
INSERT INTO [dbo].[tasSearchField] ([idfsSearchField], [idfsSearchFieldType], [idfsSearchObject], [idfsReferenceType], [idfsGISReferenceType], [strSearchFieldAlias], [strLookupTable], [intMapDisplayOrder], [intIncidenceDisplayOrder], [blnGeoLocationString], [strCalculatedFieldText], [rowguid], [intRowStatus], [idfsDefaultAggregateFunction], [blnShortAddressString], [strLookupFunction], [strLookupFunctionIdField], [strLookupFunctionNameField], [strLookupAttribute], [blnAllowMissedReferenceValues], [strReservedAttribute]) VALUES (10081118, 10081007, 10082061, NULL, NULL, 'sflOVC_CaseMonitoringQuestions', NULL, NULL, NULL, NULL, NULL, NEWID(), 0, 10004003, 0, NULL, NULL, NULL, NULL, 1, NULL);
INSERT INTO [dbo].[tasSearchField] ([idfsSearchField], [idfsSearchFieldType], [idfsSearchObject], [idfsReferenceType], [idfsGISReferenceType], [strSearchFieldAlias], [strLookupTable], [intMapDisplayOrder], [intIncidenceDisplayOrder], [blnGeoLocationString], [strCalculatedFieldText], [rowguid], [intRowStatus], [idfsDefaultAggregateFunction], [blnShortAddressString], [strLookupFunction], [strLookupFunctionIdField], [strLookupFunctionNameField], [strLookupAttribute], [blnAllowMissedReferenceValues], [strReservedAttribute]) VALUES (10081119, 10081007, 10082061, NULL, NULL, 'sflOVC_CaseMonitoring', NULL, NULL, NULL, NULL, NULL, NEWID(), 0, 10004003, 0, NULL, NULL, NULL, NULL, 1, NULL);
INSERT INTO [dbo].[tasSearchField] ([idfsSearchField], [idfsSearchFieldType], [idfsSearchObject], [idfsReferenceType], [idfsGISReferenceType], [strSearchFieldAlias], [strLookupTable], [intMapDisplayOrder], [intIncidenceDisplayOrder], [blnGeoLocationString], [strCalculatedFieldText], [rowguid], [intRowStatus], [idfsDefaultAggregateFunction], [blnShortAddressString], [strLookupFunction], [strLookupFunctionIdField], [strLookupFunctionNameField], [strLookupAttribute], [blnAllowMissedReferenceValues], [strReservedAttribute]) VALUES (10081120, 10081007, 10082061, NULL, NULL, 'sflOVC_NumberOfContacts', NULL, NULL, NULL, NULL, NULL, NEWID(), 0, 10004003, 0, NULL, NULL, NULL, NULL, 1, NULL);
INSERT INTO [dbo].[tasSearchField] ([idfsSearchField], [idfsSearchFieldType], [idfsSearchObject], [idfsReferenceType], [idfsGISReferenceType], [strSearchFieldAlias], [strLookupTable], [intMapDisplayOrder], [intIncidenceDisplayOrder], [blnGeoLocationString], [strCalculatedFieldText], [rowguid], [intRowStatus], [idfsDefaultAggregateFunction], [blnShortAddressString], [strLookupFunction], [strLookupFunctionIdField], [strLookupFunctionNameField], [strLookupAttribute], [blnAllowMissedReferenceValues], [strReservedAttribute]) VALUES (10081121, 10081007, 10082061, 19000100, NULL, 'sflZD_IsZoonotic', 'rftYesNoValue', NULL, NULL, 0, NULL, NEWID(), 0, 10004003, 0, NULL, NULL, NULL, 'name', 0, NULL);
GO

-- Add 'Outbreak Vet Case Herd/Flock/Species' - object
ALTER TABLE dbo.trtBaseReference DISABLE TRIGGER ALL
INSERT INTO [dbo].[trtBaseReference] ([idfsBaseReference], [idfsReferenceType], [strBaseReferenceCode], [strDefault], [intHACode], [intOrder], [blnSystem], [intRowStatus], [rowguid], [strMaintenanceFlag], [strReservedAttribute])
VALUES (10082062, 19000082, NULL, 'Outbreak Vet Case Herd/Flock/Species', 32, 0, 1, 0, NEWID(), NULL, NULL)
GO

INSERT INTO [dbo].[tasSearchObject] ([idfsSearchObject], [idfsFormType], [blnPrimary], [rowguid], [intRowStatus], [blnShowReportType], [strReservedAttribute])
VALUES (10082062, NULL, 0, NEWID(), 0, 0, NULL)
GO

INSERT INTO [dbo].[trtStringNameTranslation] ([idfsBaseReference], [idfsLanguage], [strTextString], [intRowStatus], [rowguid], [strMaintenanceFlag], [strReservedAttribute])
VALUES(10082062, 10049003,N'Outbreak Vet Case Herd/Flock/Species', 0, NEWID(), NULL, NULL)
INSERT INTO [dbo].[trtStringNameTranslation] ([idfsBaseReference], [idfsLanguage], [strTextString], [intRowStatus], [rowguid], [strMaintenanceFlag], [strReservedAttribute])
VALUES(10082062, 10049004,N'აფეთქების ვეტერინარული დაავადების შემთხვევა, ჯოგი/ფარა სახეობა', 0, NEWID(), NULL, NULL)
INSERT INTO [dbo].[trtStringNameTranslation] ([idfsBaseReference], [idfsLanguage], [strTextString], [intRowStatus], [rowguid], [strMaintenanceFlag], [strReservedAttribute])
VALUES(10082062, 10049001,N'Alovlanma Baytarlıq xəstəliyi hadisəsi Sürü/Dəstə/Heyvan növü', 0, NEWID(), NULL, NULL)
INSERT INTO [dbo].[trtStringNameTranslation] ([idfsBaseReference], [idfsLanguage], [strTextString], [intRowStatus], [rowguid], [strMaintenanceFlag], [strReservedAttribute])
VALUES(10082062, 10049011,N'حالة تفشي الأمراض البيطرية للقطيع\السرب\ الفصيلة', 0, NEWID(), NULL, NULL)
GO
ALTER TABLE dbo.trtBaseReference ENABLE TRIGGER ALL

-- Add relations - 'Outbreak Vet Case Herd/Flock/Species' child of 'Outbreak Veterinary Case', used idfsParentSearchObject 10082016 as an example. 
INSERT INTO [dbo].[tasSearchObjectToSearchObject] ([idfsRelatedSearchObject], [idfsParentSearchObject], [rowguid], [strSubQueryJoinCondition], [blnUseForSubQuery], [strReservedAttribute])
VALUES(10082062, 10082061, NEWID(), 'v_{6}.[PKField] = v.[PKField] and v_{6}.[PKField_4582900000000] = v.[PKField_4582900000000] and v_{6}.[PKField_4582670000000] is not null', 0, NULL) -- TODO: verify value of [strSubQueryJoinCondition] with Mandar.
GO
ALTER TABLE dbo.trtBaseReference ENABLE TRIGGER ALL

-- Outbreak Veterinary Case Herd/Flock/Species - fields
INSERT INTO [dbo].[trtBaseReference] ([idfsBaseReference], [idfsReferenceType], [strBaseReferenceCode], [strDefault], [intHACode], [intOrder], [blnSystem], [intRowStatus], [rowguid], [strMaintenanceFlag], [strReservedAttribute]) VALUES (10081122, 19000080, NULL, N'Outbreak Veterinary Case Herd/Flock/Species – Herd/Flock ID', 226, 0, NULL, 0, NEWID(), NULL, NULL); -- using 10080256 as an example
INSERT INTO [dbo].[trtBaseReference] ([idfsBaseReference], [idfsReferenceType], [strBaseReferenceCode], [strDefault], [intHACode], [intOrder], [blnSystem], [intRowStatus], [rowguid], [strMaintenanceFlag], [strReservedAttribute]) VALUES (10081123, 19000080, 'sflHACD_Total', N'Outbreak Veterinary Case Herd/Flock/Species – Herd/Flock Total', 226, 1, NULL, 0, NEWID(), NULL, NULL); -- using 10080711 as an example
INSERT INTO [dbo].[trtBaseReference] ([idfsBaseReference], [idfsReferenceType], [strBaseReferenceCode], [strDefault], [intHACode], [intOrder], [blnSystem], [intRowStatus], [rowguid], [strMaintenanceFlag], [strReservedAttribute]) VALUES (10081124, 19000080, 'sflHRDSeak', N'Outbreak Veterinary Case Herd/Flock/Species – Herd/Flock Sick', 226, 2, NULL, 0, NEWID(), NULL, NULL); -- using 10080096 as an example
INSERT INTO [dbo].[trtBaseReference] ([idfsBaseReference], [idfsReferenceType], [strBaseReferenceCode], [strDefault], [intHACode], [intOrder], [blnSystem], [intRowStatus], [rowguid], [strMaintenanceFlag], [strReservedAttribute]) VALUES (10081125, 19000080, 'sflHRDDead', N'Outbreak Veterinary Case Herd/Flock/Species – Herd/Flock Dead', 226, 3, NULL, 0, NEWID(), NULL, NULL); -- using 10080093 as an example
INSERT INTO [dbo].[trtBaseReference] ([idfsBaseReference], [idfsReferenceType], [strBaseReferenceCode], [strDefault], [intHACode], [intOrder], [blnSystem], [intRowStatus], [rowguid], [strMaintenanceFlag], [strReservedAttribute]) VALUES (10081126, 19000080, 'sflANMSpecies', N'Outbreak Veterinary Case Herd/Flock/Species – Species', 226, 4, NULL, 0, NEWID(), NULL, NULL); -- using 10080014 as an example
INSERT INTO [dbo].[trtBaseReference] ([idfsBaseReference], [idfsReferenceType], [strBaseReferenceCode], [strDefault], [intHACode], [intOrder], [blnSystem], [intRowStatus], [rowguid], [strMaintenanceFlag], [strReservedAttribute]) VALUES (10081127, 19000080, 'sflZD_TotalNumberOfAnimalsForSpecies', N'Outbreak Veterinary Case Herd/Flock/Species – Species Total', 226, 5, NULL, 0, NEWID(), NULL, NULL); -- using 10080491 as an example
INSERT INTO [dbo].[trtBaseReference] ([idfsBaseReference], [idfsReferenceType], [strBaseReferenceCode], [strDefault], [intHACode], [intOrder], [blnSystem], [intRowStatus], [rowguid], [strMaintenanceFlag], [strReservedAttribute]) VALUES (10081128, 19000080, 'sflZD_NumberOfSickAnimalsForSpecies', N'Outbreak Veterinary Case Herd/Flock/Species – Species Sick', 226, 6, NULL, 0, NEWID(), NULL, NULL); -- using 10080492 as an example
INSERT INTO [dbo].[trtBaseReference] ([idfsBaseReference], [idfsReferenceType], [strBaseReferenceCode], [strDefault], [intHACode], [intOrder], [blnSystem], [intRowStatus], [rowguid], [strMaintenanceFlag], [strReservedAttribute]) VALUES (10081129, 19000080, 'sflZD_NumberOfDeadAnimalsForSpecies', N'Outbreak Veterinary Case Herd/Flock/Species – Species Dead', 226, 7, NULL, 0, NEWID(), NULL, NULL); -- using 10080493 as an example
INSERT INTO [dbo].[trtBaseReference] ([idfsBaseReference], [idfsReferenceType], [strBaseReferenceCode], [strDefault], [intHACode], [intOrder], [blnSystem], [intRowStatus], [rowguid], [strMaintenanceFlag], [strReservedAttribute]) VALUES (10081130, 19000080, 'sflOVC_TotalNumberOfFarms', N'Outbreak Veterinary Case Herd/Flock/Species – Farm Total', 226, 8, NULL, 0, NEWID(), NULL, NULL); -- using xxx as an example calculate total number of farms
INSERT INTO [dbo].[trtBaseReference] ([idfsBaseReference], [idfsReferenceType], [strBaseReferenceCode], [strDefault], [intHACode], [intOrder], [blnSystem], [intRowStatus], [rowguid], [strMaintenanceFlag], [strReservedAttribute]) VALUES (10081131, 19000080, 'sflOVC_FarmSick', N'Outbreak Veterinary Case Herd/Flock/Species – Farm Sick', 226, 9, NULL, 0, NEWID(), NULL, NULL); -- using maybe 10080492 as an example
INSERT INTO [dbo].[trtBaseReference] ([idfsBaseReference], [idfsReferenceType], [strBaseReferenceCode], [strDefault], [intHACode], [intOrder], [blnSystem], [intRowStatus], [rowguid], [strMaintenanceFlag], [strReservedAttribute]) VALUES (10081132, 19000080, 'sflOVC_FarmDead', N'Outbreak Veterinary Case Herd/Flock/Species – Farm Dead', 226, 10, NULL, 0, NEWID(), NULL, NULL); -- using maybe 10080492 as an example

INSERT INTO [dbo].[trtStringNameTranslation] ([idfsBaseReference], [idfsLanguage], [strTextString], [intRowStatus], [rowguid], [strMaintenanceFlag], [strReservedAttribute]) VALUES (10081122, 10049003, N'Outbreak Veterinary Case Herd/Flock/Species – Herd/Flock ID', 0, NEWID(), NULL, NULL);
INSERT INTO [dbo].[trtStringNameTranslation] ([idfsBaseReference], [idfsLanguage], [strTextString], [intRowStatus], [rowguid], [strMaintenanceFlag], [strReservedAttribute]) VALUES (10081122, 10049004, N'აფეთქების ვეტერინარული შემთხვევა ჯოგი/ფარა/სახეობა- ჯოგის/ფარას ID', 0, NEWID(), NULL, NULL);
INSERT INTO [dbo].[trtStringNameTranslation] ([idfsBaseReference], [idfsLanguage], [strTextString], [intRowStatus], [rowguid], [strMaintenanceFlag], [strReservedAttribute]) VALUES (10081122, 10049001, N'Alovlanma Baytarlıq Xəstəliyi Hadisəsi Sürü/Dəstə/heyvan növü - Sürünün/Dəstənin Q/N-si', 0, NEWID(), NULL, NULL);
INSERT INTO [dbo].[trtStringNameTranslation] ([idfsBaseReference], [idfsLanguage], [strTextString], [intRowStatus], [rowguid], [strMaintenanceFlag], [strReservedAttribute]) VALUES (10081122, 10049011, N'حالة تفشي الامراض البيطرية  القطيع/ الانواع - معرّف القطيع ', 0, NEWID(), NULL, NULL);

INSERT INTO [dbo].[trtStringNameTranslation] ([idfsBaseReference], [idfsLanguage], [strTextString], [intRowStatus], [rowguid], [strMaintenanceFlag], [strReservedAttribute]) VALUES (10081123, 10049003, N'Outbreak Veterinary Case Herd/Flock/Species – Herd/Flock Total', 0, NEWID(), NULL, NULL);
INSERT INTO [dbo].[trtStringNameTranslation] ([idfsBaseReference], [idfsLanguage], [strTextString], [intRowStatus], [rowguid], [strMaintenanceFlag], [strReservedAttribute]) VALUES (10081123, 10049004, N'აფეთქების ვეტერინარული შემთხვევა ჯოგი/ფარა/სახეობა- ჯოგის/ფარას საერთო', 0, NEWID(), NULL, NULL);
INSERT INTO [dbo].[trtStringNameTranslation] ([idfsBaseReference], [idfsLanguage], [strTextString], [intRowStatus], [rowguid], [strMaintenanceFlag], [strReservedAttribute]) VALUES (10081123, 10049001, N'Alovlanma Baytarlıq Xəstəliyi Hadisəsi Sürü/Dəstə/heyvan növü - Sürü/Dəstədə cəmi heyvanların sayı', 0, NEWID(), NULL, NULL);
INSERT INTO [dbo].[trtStringNameTranslation] ([idfsBaseReference], [idfsLanguage], [strTextString], [intRowStatus], [rowguid], [strMaintenanceFlag], [strReservedAttribute]) VALUES (10081123, 10049011, N'حالة تفشي الامراض البيطرية  القطيع/ الانواع - إجمالي القطيع ', 0, NEWID(), NULL, NULL);

INSERT INTO [dbo].[trtStringNameTranslation] ([idfsBaseReference], [idfsLanguage], [strTextString], [intRowStatus], [rowguid], [strMaintenanceFlag], [strReservedAttribute]) VALUES (10081124, 10049003, N'Outbreak Veterinary Case Herd/Flock/Species – Herd/Flock Sick', 0, NEWID(), NULL, NULL);
INSERT INTO [dbo].[trtStringNameTranslation] ([idfsBaseReference], [idfsLanguage], [strTextString], [intRowStatus], [rowguid], [strMaintenanceFlag], [strReservedAttribute]) VALUES (10081124, 10049004, N'აფეთქების ვეტერინარული შემთხვევა ჯოგი/ფარა/სახეობა- დაავადებული ჯოგი/ფარა', 0, NEWID(), NULL, NULL);
INSERT INTO [dbo].[trtStringNameTranslation] ([idfsBaseReference], [idfsLanguage], [strTextString], [intRowStatus], [rowguid], [strMaintenanceFlag], [strReservedAttribute]) VALUES (10081124, 10049001, N'Alovlanma Baytarlıq Xəstəliyi Hadisəsi Sürü/Dəstə/heyvan növü - Sürü/Dəstədə xəstə heyvanların sayı', 0, NEWID(), NULL, NULL);
INSERT INTO [dbo].[trtStringNameTranslation] ([idfsBaseReference], [idfsLanguage], [strTextString], [intRowStatus], [rowguid], [strMaintenanceFlag], [strReservedAttribute]) VALUES (10081124, 10049011, N'حالة تفشي الامراض البيطرية  القطيع/ الانواع - القطيع المصاب بالمرض ', 0, NEWID(), NULL, NULL);

INSERT INTO [dbo].[trtStringNameTranslation] ([idfsBaseReference], [idfsLanguage], [strTextString], [intRowStatus], [rowguid], [strMaintenanceFlag], [strReservedAttribute]) VALUES (10081125, 10049003, N'Outbreak Veterinary Case Herd/Flock/Species – Herd/Flock Dead', 0, NEWID(), NULL, NULL);
INSERT INTO [dbo].[trtStringNameTranslation] ([idfsBaseReference], [idfsLanguage], [strTextString], [intRowStatus], [rowguid], [strMaintenanceFlag], [strReservedAttribute]) VALUES (10081125, 10049004, N'აფეთქების ვეტერინარული შემთხვევა ჯოგი/ფარა/სახეობა- დაცემული ჯოგი/ფარა', 0, NEWID(), NULL, NULL);
INSERT INTO [dbo].[trtStringNameTranslation] ([idfsBaseReference], [idfsLanguage], [strTextString], [intRowStatus], [rowguid], [strMaintenanceFlag], [strReservedAttribute]) VALUES (10081125, 10049001, N'Alovlanma Baytarlıq Xəstəliyi Hadisəsi Sürü/Dəstə/heyvan növü - Sürü/Dəstə ölmüş heyvanların sayı', 0, NEWID(), NULL, NULL);
INSERT INTO [dbo].[trtStringNameTranslation] ([idfsBaseReference], [idfsLanguage], [strTextString], [intRowStatus], [rowguid], [strMaintenanceFlag], [strReservedAttribute]) VALUES (10081125, 10049011, N'حالة تفشي الامراض البيطرية  القطيع/ الانواع - وفيات القطعان ', 0, NEWID(), NULL, NULL);

INSERT INTO [dbo].[trtStringNameTranslation] ([idfsBaseReference], [idfsLanguage], [strTextString], [intRowStatus], [rowguid], [strMaintenanceFlag], [strReservedAttribute]) VALUES (10081126, 10049003, N'Outbreak Veterinary Case Herd/Flock/Species – Species', 0, NEWID(), NULL, NULL);
INSERT INTO [dbo].[trtStringNameTranslation] ([idfsBaseReference], [idfsLanguage], [strTextString], [intRowStatus], [rowguid], [strMaintenanceFlag], [strReservedAttribute]) VALUES (10081126, 10049004, N'აფეთქების ვეტერინარული შემთხვევა ჯოგი/ფარა/სახეობა- სახეობა', 0, NEWID(), NULL, NULL);
INSERT INTO [dbo].[trtStringNameTranslation] ([idfsBaseReference], [idfsLanguage], [strTextString], [intRowStatus], [rowguid], [strMaintenanceFlag], [strReservedAttribute]) VALUES (10081126, 10049001, N'Alovlanma Baytarlıq Xəstəliyi Hadisəsi Sürü/Dəstə/heyvan növü - Heyvan növü', 0, NEWID(), NULL, NULL);
INSERT INTO [dbo].[trtStringNameTranslation] ([idfsBaseReference], [idfsLanguage], [strTextString], [intRowStatus], [rowguid], [strMaintenanceFlag], [strReservedAttribute]) VALUES (10081126, 10049011, N'حالة تفشي الامراض البيطرية  القطيع/ الانواع - انواع الحيوانات ', 0, NEWID(), NULL, NULL);

INSERT INTO [dbo].[trtStringNameTranslation] ([idfsBaseReference], [idfsLanguage], [strTextString], [intRowStatus], [rowguid], [strMaintenanceFlag], [strReservedAttribute]) VALUES (10081127, 10049003, N'Outbreak Veterinary Case Herd/Flock/Species – Species Total', 0, NEWID(), NULL, NULL);
INSERT INTO [dbo].[trtStringNameTranslation] ([idfsBaseReference], [idfsLanguage], [strTextString], [intRowStatus], [rowguid], [strMaintenanceFlag], [strReservedAttribute]) VALUES (10081127, 10049004, N'აფეთქების ვეტერინარული შემთხვევა ჯოგი/ფარა/სახეობა- სახეობის საერთო', 0, NEWID(), NULL, NULL);
INSERT INTO [dbo].[trtStringNameTranslation] ([idfsBaseReference], [idfsLanguage], [strTextString], [intRowStatus], [rowguid], [strMaintenanceFlag], [strReservedAttribute]) VALUES (10081127, 10049001, N'Alovlanma Baytarlıq Xəstəliyi Hadisəsi Sürü/Dəstə/heyvan növü - Heyvan növlərinin cəmi', 0, NEWID(), NULL, NULL);
INSERT INTO [dbo].[trtStringNameTranslation] ([idfsBaseReference], [idfsLanguage], [strTextString], [intRowStatus], [rowguid], [strMaintenanceFlag], [strReservedAttribute]) VALUES (10081127, 10049011, N'حالة تفشي الامراض البيطرية  القطيع/ الانواع - إجمالي أنواع الحيوانات ', 0, NEWID(), NULL, NULL);

INSERT INTO [dbo].[trtStringNameTranslation] ([idfsBaseReference], [idfsLanguage], [strTextString], [intRowStatus], [rowguid], [strMaintenanceFlag], [strReservedAttribute]) VALUES (10081128, 10049003, N'Outbreak Veterinary Case Herd/Flock/Species – Species Sick', 0, NEWID(), NULL, NULL);
INSERT INTO [dbo].[trtStringNameTranslation] ([idfsBaseReference], [idfsLanguage], [strTextString], [intRowStatus], [rowguid], [strMaintenanceFlag], [strReservedAttribute]) VALUES (10081128, 10049004, N'აფეთქების ვეტერინარული შემთხვევა ჯოგი/ფარა/სახეობა- დაავადებული სახეობა', 0, NEWID(), NULL, NULL);
INSERT INTO [dbo].[trtStringNameTranslation] ([idfsBaseReference], [idfsLanguage], [strTextString], [intRowStatus], [rowguid], [strMaintenanceFlag], [strReservedAttribute]) VALUES (10081128, 10049001, N'Alovlanma Baytarlıq Xəstəliyi Hadisəsi Sürü/Dəstə/heyvan növü - Xəstə heyvan növləri', 0, NEWID(), NULL, NULL);
INSERT INTO [dbo].[trtStringNameTranslation] ([idfsBaseReference], [idfsLanguage], [strTextString], [intRowStatus], [rowguid], [strMaintenanceFlag], [strReservedAttribute]) VALUES (10081128, 10049011, N'حالة تفشي الامراض البيطرية  القطيع/ الانواع - أنواع  الحيوانات المصابة ', 0, NEWID(), NULL, NULL);

INSERT INTO [dbo].[trtStringNameTranslation] ([idfsBaseReference], [idfsLanguage], [strTextString], [intRowStatus], [rowguid], [strMaintenanceFlag], [strReservedAttribute]) VALUES (10081129, 10049003, N'Outbreak Veterinary Case Herd/Flock/Species – Species Dead', 0, NEWID(), NULL, NULL);
INSERT INTO [dbo].[trtStringNameTranslation] ([idfsBaseReference], [idfsLanguage], [strTextString], [intRowStatus], [rowguid], [strMaintenanceFlag], [strReservedAttribute]) VALUES (10081129, 10049004, N'აფეთქების ვეტერინარული შემთხვევა ჯოგი/ფარა/სახეობა- დაცემული სახეობა', 0, NEWID(), NULL, NULL);
INSERT INTO [dbo].[trtStringNameTranslation] ([idfsBaseReference], [idfsLanguage], [strTextString], [intRowStatus], [rowguid], [strMaintenanceFlag], [strReservedAttribute]) VALUES (10081129, 10049001, N'Alovlanma Baytarlıq Xəstəliyi Hadisəsi Sürü/Dəstə/heyvan növü - Ölmüş heyvan növləri', 0, NEWID(), NULL, NULL);
INSERT INTO [dbo].[trtStringNameTranslation] ([idfsBaseReference], [idfsLanguage], [strTextString], [intRowStatus], [rowguid], [strMaintenanceFlag], [strReservedAttribute]) VALUES (10081129, 10049011, N'حالة تفشي الامراض البيطرية  القطيع/ الانواع - أنواع وفيات الحيوانات  ', 0, NEWID(), NULL, NULL);

INSERT INTO [dbo].[trtStringNameTranslation] ([idfsBaseReference], [idfsLanguage], [strTextString], [intRowStatus], [rowguid], [strMaintenanceFlag], [strReservedAttribute]) VALUES (10081130, 10049003, N'Outbreak Veterinary Case Herd/Flock/Species – Farm Total', 0, NEWID(), NULL, NULL);
INSERT INTO [dbo].[trtStringNameTranslation] ([idfsBaseReference], [idfsLanguage], [strTextString], [intRowStatus], [rowguid], [strMaintenanceFlag], [strReservedAttribute]) VALUES (10081130, 10049004, N'აფეთქების ვეტერინარული შემთხვევა ჯოგი/ფარა/სახეობა- ფერმის საერთო', 0, NEWID(), NULL, NULL);
INSERT INTO [dbo].[trtStringNameTranslation] ([idfsBaseReference], [idfsLanguage], [strTextString], [intRowStatus], [rowguid], [strMaintenanceFlag], [strReservedAttribute]) VALUES (10081130, 10049001, N'Alovlanma Baytarlıq Xəstəliyi Hadisəsi Sürü/Dəstə/heyvan növü - Fermada cəmi heyvanların sayı', 0, NEWID(), NULL, NULL);
INSERT INTO [dbo].[trtStringNameTranslation] ([idfsBaseReference], [idfsLanguage], [strTextString], [intRowStatus], [rowguid], [strMaintenanceFlag], [strReservedAttribute]) VALUES (10081130, 10049011, N'حالة تفشي الامراض البيطرية  القطيع/ الانواع - إجمالي المزرعة ', 0, NEWID(), NULL, NULL);

INSERT INTO [dbo].[trtStringNameTranslation] ([idfsBaseReference], [idfsLanguage], [strTextString], [intRowStatus], [rowguid], [strMaintenanceFlag], [strReservedAttribute]) VALUES (10081131, 10049003, N'Outbreak Veterinary Case Herd/Flock/Species – Farm Sick', 0, NEWID(), NULL, NULL);
INSERT INTO [dbo].[trtStringNameTranslation] ([idfsBaseReference], [idfsLanguage], [strTextString], [intRowStatus], [rowguid], [strMaintenanceFlag], [strReservedAttribute]) VALUES (10081131, 10049004, N'აფეთქების ვეტერინარული შემთხვევა ჯოგი/ფარა/სახეობა- დაავადებული ფერმა', 0, NEWID(), NULL, NULL);
INSERT INTO [dbo].[trtStringNameTranslation] ([idfsBaseReference], [idfsLanguage], [strTextString], [intRowStatus], [rowguid], [strMaintenanceFlag], [strReservedAttribute]) VALUES (10081131, 10049001, N'Alovlanma Baytarlıq Xəstəliyi Hadisəsi Sürü/Dəstə/heyvan növü - Fermada xəstə heyvanların sayı', 0, NEWID(), NULL, NULL);
INSERT INTO [dbo].[trtStringNameTranslation] ([idfsBaseReference], [idfsLanguage], [strTextString], [intRowStatus], [rowguid], [strMaintenanceFlag], [strReservedAttribute]) VALUES (10081131, 10049011, N'حالة تفشي الامراض البيطرية  القطيع/ الانواع -  عدد الحيوانات المصابة في المزرعة ', 0, NEWID(), NULL, NULL);

INSERT INTO [dbo].[trtStringNameTranslation] ([idfsBaseReference], [idfsLanguage], [strTextString], [intRowStatus], [rowguid], [strMaintenanceFlag], [strReservedAttribute]) VALUES (10081132, 10049003, N'Outbreak Veterinary Case Herd/Flock/Species – Farm Dead', 0, NEWID(), NULL, NULL);
INSERT INTO [dbo].[trtStringNameTranslation] ([idfsBaseReference], [idfsLanguage], [strTextString], [intRowStatus], [rowguid], [strMaintenanceFlag], [strReservedAttribute]) VALUES (10081132, 10049004, N'აფეთქების ვეტერინარული შემთხვევა ჯოგი/ფარა/სახეობა- დაცემული ფერმა', 0, NEWID(), NULL, NULL);
INSERT INTO [dbo].[trtStringNameTranslation] ([idfsBaseReference], [idfsLanguage], [strTextString], [intRowStatus], [rowguid], [strMaintenanceFlag], [strReservedAttribute]) VALUES (10081132, 10049001, N'Alovlanma Baytarlıq Xəstəliyi Hadisəsi Sürü/Dəstə/heyvan növü - Fermada ölmüş heyvanların sayı', 0, NEWID(), NULL, NULL);
INSERT INTO [dbo].[trtStringNameTranslation] ([idfsBaseReference], [idfsLanguage], [strTextString], [intRowStatus], [rowguid], [strMaintenanceFlag], [strReservedAttribute]) VALUES (10081132, 10049011, N'حالة تفشي الامراض البيطرية  القطيع/ الانواع - عدد وفيات الحيوانات في المزرعة ', 0, NEWID(), NULL, NULL);

INSERT INTO [dbo].[tasSearchField] ([idfsSearchField], [idfsSearchFieldType], [idfsSearchObject], [idfsReferenceType], [idfsGISReferenceType], [strSearchFieldAlias], [strLookupTable], [intMapDisplayOrder], [intIncidenceDisplayOrder], [blnGeoLocationString], [strCalculatedFieldText], [rowguid], [intRowStatus], [idfsDefaultAggregateFunction], [blnShortAddressString], [strLookupFunction], [strLookupFunctionIdField], [strLookupFunctionNameField], [strLookupAttribute], [blnAllowMissedReferenceValues], [strReservedAttribute]) VALUES (10081122, 10081007, 10082062, NULL, NULL, 'sflAS_Animal_HerdID', NULL, NULL, NULL, 0, NULL, NEWID(), 0, 10004020, 0, NULL, NULL, NULL, NULL, 0, NULL);
INSERT INTO [dbo].[tasSearchField] ([idfsSearchField], [idfsSearchFieldType], [idfsSearchObject], [idfsReferenceType], [idfsGISReferenceType], [strSearchFieldAlias], [strLookupTable], [intMapDisplayOrder], [intIncidenceDisplayOrder], [blnGeoLocationString], [strCalculatedFieldText], [rowguid], [intRowStatus], [idfsDefaultAggregateFunction], [blnShortAddressString], [strLookupFunction], [strLookupFunctionIdField], [strLookupFunctionNameField], [strLookupAttribute], [blnAllowMissedReferenceValues], [strReservedAttribute]) VALUES (10081123, 10081006, 10082062, NULL, NULL, 'sflHACD_Total', NULL, NULL, NULL, 0, NULL, NEWID(), 0, 10004003, 0, NULL, NULL, NULL, NULL, 0, NULL);
INSERT INTO [dbo].[tasSearchField] ([idfsSearchField], [idfsSearchFieldType], [idfsSearchObject], [idfsReferenceType], [idfsGISReferenceType], [strSearchFieldAlias], [strLookupTable], [intMapDisplayOrder], [intIncidenceDisplayOrder], [blnGeoLocationString], [strCalculatedFieldText], [rowguid], [intRowStatus], [idfsDefaultAggregateFunction], [blnShortAddressString], [strLookupFunction], [strLookupFunctionIdField], [strLookupFunctionNameField], [strLookupAttribute], [blnAllowMissedReferenceValues], [strReservedAttribute]) VALUES (10081124, 10081006, 10082062, NULL, NULL, 'sflVC_HerdSickAnimalQty', NULL, NULL, NULL, 0, NULL, NEWID(), 0, 10004001, 0, NULL, NULL, NULL, NULL, 0, NULL);
INSERT INTO [dbo].[tasSearchField] ([idfsSearchField], [idfsSearchFieldType], [idfsSearchObject], [idfsReferenceType], [idfsGISReferenceType], [strSearchFieldAlias], [strLookupTable], [intMapDisplayOrder], [intIncidenceDisplayOrder], [blnGeoLocationString], [strCalculatedFieldText], [rowguid], [intRowStatus], [idfsDefaultAggregateFunction], [blnShortAddressString], [strLookupFunction], [strLookupFunctionIdField], [strLookupFunctionNameField], [strLookupAttribute], [blnAllowMissedReferenceValues], [strReservedAttribute]) VALUES (10081125, 10081006, 10082062, NULL, NULL, 'sflVC_HerdDeadAnimalQty', NULL, NULL, NULL, 0, NULL, NEWID(), 0, 10004001, 0, NULL, NULL, NULL, NULL, 0, NULL);
INSERT INTO [dbo].[tasSearchField] ([idfsSearchField], [idfsSearchFieldType], [idfsSearchObject], [idfsReferenceType], [idfsGISReferenceType], [strSearchFieldAlias], [strLookupTable], [intMapDisplayOrder], [intIncidenceDisplayOrder], [blnGeoLocationString], [strCalculatedFieldText], [rowguid], [intRowStatus], [idfsDefaultAggregateFunction], [blnShortAddressString], [strLookupFunction], [strLookupFunctionIdField], [strLookupFunctionNameField], [strLookupAttribute], [blnAllowMissedReferenceValues], [strReservedAttribute]) VALUES (10081126, 10081007, 10082062, 19000086, NULL, 'sflVC_AnimalSpecies', 'rftSpeciesList', NULL, NULL, 0, NULL, NEWID(), 0, 10004003, 0, NULL, NULL, NULL, 'name', 1, NULL);
INSERT INTO [dbo].[tasSearchField] ([idfsSearchField], [idfsSearchFieldType], [idfsSearchObject], [idfsReferenceType], [idfsGISReferenceType], [strSearchFieldAlias], [strLookupTable], [intMapDisplayOrder], [intIncidenceDisplayOrder], [blnGeoLocationString], [strCalculatedFieldText], [rowguid], [intRowStatus], [idfsDefaultAggregateFunction], [blnShortAddressString], [strLookupFunction], [strLookupFunctionIdField], [strLookupFunctionNameField], [strLookupAttribute], [blnAllowMissedReferenceValues], [strReservedAttribute]) VALUES (10081127, 10081006, 10082062, NULL, NULL, 'sflZD_TotalNumberOfAnimalsForSpecies', NULL, NULL, NULL, 0, NULL, NEWID(), 0, 10004001, 0, NULL, NULL, NULL, NULL, 0, NULL);
INSERT INTO [dbo].[tasSearchField] ([idfsSearchField], [idfsSearchFieldType], [idfsSearchObject], [idfsReferenceType], [idfsGISReferenceType], [strSearchFieldAlias], [strLookupTable], [intMapDisplayOrder], [intIncidenceDisplayOrder], [blnGeoLocationString], [strCalculatedFieldText], [rowguid], [intRowStatus], [idfsDefaultAggregateFunction], [blnShortAddressString], [strLookupFunction], [strLookupFunctionIdField], [strLookupFunctionNameField], [strLookupAttribute], [blnAllowMissedReferenceValues], [strReservedAttribute]) VALUES (10081128, 10081006, 10082062, NULL, NULL, 'sflZD_NumberOfSickAnimalsForSpecies', NULL, NULL, NULL, 0, NULL, NEWID(), 0, 10004001, 0, NULL, NULL, NULL, NULL, 0, NULL);
INSERT INTO [dbo].[tasSearchField] ([idfsSearchField], [idfsSearchFieldType], [idfsSearchObject], [idfsReferenceType], [idfsGISReferenceType], [strSearchFieldAlias], [strLookupTable], [intMapDisplayOrder], [intIncidenceDisplayOrder], [blnGeoLocationString], [strCalculatedFieldText], [rowguid], [intRowStatus], [idfsDefaultAggregateFunction], [blnShortAddressString], [strLookupFunction], [strLookupFunctionIdField], [strLookupFunctionNameField], [strLookupAttribute], [blnAllowMissedReferenceValues], [strReservedAttribute]) VALUES (10081129, 10081006, 10082062, NULL, NULL, 'sflZD_NumberOfDeadAnimalsForSpecies', NULL, NULL, NULL, 0, NULL, NEWID(), 0, 10004001, 0, NULL, NULL, NULL, NULL, 0, NULL);
INSERT INTO [dbo].[tasSearchField] ([idfsSearchField], [idfsSearchFieldType], [idfsSearchObject], [idfsReferenceType], [idfsGISReferenceType], [strSearchFieldAlias], [strLookupTable], [intMapDisplayOrder], [intIncidenceDisplayOrder], [blnGeoLocationString], [strCalculatedFieldText], [rowguid], [intRowStatus], [idfsDefaultAggregateFunction], [blnShortAddressString], [strLookupFunction], [strLookupFunctionIdField], [strLookupFunctionNameField], [strLookupAttribute], [blnAllowMissedReferenceValues], [strReservedAttribute]) VALUES (10081130, 10081006, 10082062, NULL, NULL, 'sflOVC_TotalNumberOfFarms', NULL, NULL, NULL, 0, NULL, NEWID(), 0, 10004003, 0, NULL, NULL, NULL, NULL, 0, NULL);
INSERT INTO [dbo].[tasSearchField] ([idfsSearchField], [idfsSearchFieldType], [idfsSearchObject], [idfsReferenceType], [idfsGISReferenceType], [strSearchFieldAlias], [strLookupTable], [intMapDisplayOrder], [intIncidenceDisplayOrder], [blnGeoLocationString], [strCalculatedFieldText], [rowguid], [intRowStatus], [idfsDefaultAggregateFunction], [blnShortAddressString], [strLookupFunction], [strLookupFunctionIdField], [strLookupFunctionNameField], [strLookupAttribute], [blnAllowMissedReferenceValues], [strReservedAttribute]) VALUES (10081131, 10081006, 10082062, NULL, NULL, 'sflZD_NumberOfSickAnimalsForFarm', NULL, NULL, NULL, 0, NULL, NEWID(), 0, 10004001, 0, NULL, NULL, NULL, NULL, 0, NULL);
INSERT INTO [dbo].[tasSearchField] ([idfsSearchField], [idfsSearchFieldType], [idfsSearchObject], [idfsReferenceType], [idfsGISReferenceType], [strSearchFieldAlias], [strLookupTable], [intMapDisplayOrder], [intIncidenceDisplayOrder], [blnGeoLocationString], [strCalculatedFieldText], [rowguid], [intRowStatus], [idfsDefaultAggregateFunction], [blnShortAddressString], [strLookupFunction], [strLookupFunctionIdField], [strLookupFunctionNameField], [strLookupAttribute], [blnAllowMissedReferenceValues], [strReservedAttribute]) VALUES (10081132, 10081006, 10082062, NULL, NULL, 'sflZD_NumberOfDeadAnimalsForFarm', NULL, NULL, NULL, 0, NULL, NEWID(), 0, 10004001, 0, NULL, NULL, NULL, NULL, 0, NULL);


-- Add 'Outbreak Veterinary Case Clinical' - object
ALTER TABLE dbo.trtBaseReference DISABLE TRIGGER ALL
INSERT INTO [dbo].[trtBaseReference] ([idfsBaseReference], [idfsReferenceType], [strBaseReferenceCode], [strDefault], [intHACode], [intOrder], [blnSystem], [intRowStatus], [rowguid], [strMaintenanceFlag], [strReservedAttribute])
VALUES (10082063, 19000082, NULL, 'Outbreak Veterinary Case Clinical', 32, 0, 1, 0, NEWID(), NULL, NULL)
GO

INSERT INTO [dbo].[tasSearchObject] ([idfsSearchObject], [idfsFormType], [blnPrimary], [rowguid], [intRowStatus], [blnShowReportType], [strReservedAttribute])
VALUES (10082063, NULL, 0, NEWID(), 0, 0, NULL)
GO

INSERT INTO [dbo].[trtStringNameTranslation] ([idfsBaseReference], [idfsLanguage], [strTextString], [intRowStatus], [rowguid], [strMaintenanceFlag], [strReservedAttribute])
VALUES(10082063, 10049003,N'Outbreak Vet Case Clinical', 0, NEWID(), NULL, NULL)
INSERT INTO [dbo].[trtStringNameTranslation] ([idfsBaseReference], [idfsLanguage], [strTextString], [intRowStatus], [rowguid], [strMaintenanceFlag], [strReservedAttribute])
VALUES(10082063, 10049004,N'აფეთქების ვეტერინარული დაავადების შემთხვევა, კლინიკური', 0, NEWID(), NULL, NULL)
INSERT INTO [dbo].[trtStringNameTranslation] ([idfsBaseReference], [idfsLanguage], [strTextString], [intRowStatus], [rowguid], [strMaintenanceFlag], [strReservedAttribute])
VALUES(10082063, 10049001,N'Alovlanma Baytarlıq xəstəliyi hadisəsi Kliniki', 0, NEWID(), NULL, NULL)
INSERT INTO [dbo].[trtStringNameTranslation] ([idfsBaseReference], [idfsLanguage], [strTextString], [intRowStatus], [rowguid], [strMaintenanceFlag], [strReservedAttribute])
VALUES(10082063, 10049011,N'حالة تفشي الأمراض البيطرية السريرية ', 0, NEWID(), NULL, NULL)
GO
ALTER TABLE dbo.trtBaseReference ENABLE TRIGGER ALL

-- Add relations - 'Outbreak Veterinary Case Clinical' child of 'Outbreak Veterinary Case', used idfsParentSearchObject 10082016 as an example. 
INSERT INTO [dbo].[tasSearchObjectToSearchObject] ([idfsRelatedSearchObject], [idfsParentSearchObject], [rowguid], [strSubQueryJoinCondition], [blnUseForSubQuery], [strReservedAttribute])
VALUES(10082063, 10082061, NEWID(), 'v_{6}.[PKField] = v.[PKField] and v_{6}.[PKField_4582900000000] = v.[PKField_4582900000000] and v_{6}.[PKField_4582670000000] is not null', 0, NULL) -- TODO: verify value of [strSubQueryJoinCondition] with Mandar.
GO
ALTER TABLE dbo.trtBaseReference ENABLE TRIGGER ALL

-- Outbreak Veterinary Case Clinical - fields
INSERT INTO [dbo].[trtBaseReference] ([idfsBaseReference], [idfsReferenceType], [strBaseReferenceCode], [strDefault], [intHACode], [intOrder], [blnSystem], [intRowStatus], [rowguid], [strMaintenanceFlag], [strReservedAttribute]) VALUES (10081133, 19000080, 'sflANMSpecies', N'Outbreak Veterinary Case Clinical – Species', 226, 0, NULL, 0, NEWID(), NULL, NULL); -- using 10080014 as an example
INSERT INTO [dbo].[trtBaseReference] ([idfsBaseReference], [idfsReferenceType], [strBaseReferenceCode], [strDefault], [intHACode], [intOrder], [blnSystem], [intRowStatus], [rowguid], [strMaintenanceFlag], [strReservedAttribute]) VALUES (10081134, 19000080, 'sflANMStatus', N'Outbreak Veterinary Case Clinical – Species Status', 226, 1, NULL, 0, NEWID(), NULL, NULL); -- using 10080015 as an example
INSERT INTO [dbo].[trtBaseReference] ([idfsBaseReference], [idfsReferenceType], [strBaseReferenceCode], [strDefault], [intHACode], [intOrder], [blnSystem], [intRowStatus], [rowguid], [strMaintenanceFlag], [strReservedAttribute]) VALUES (10081135, 19000080, 'sflOVCC_ClinicalInvestigation', N'Outbreak Veterinary Case Clinical – Clinical Investigation (populated from “Was clinical investigation performed for this species?” data field)', 226, 2, NULL, 0, NEWID(), NULL, NULL); -- using 10080556 as an example, Yes No value
INSERT INTO [dbo].[trtBaseReference] ([idfsBaseReference], [idfsReferenceType], [strBaseReferenceCode], [strDefault], [intHACode], [intOrder], [blnSystem], [intRowStatus], [rowguid], [strMaintenanceFlag], [strReservedAttribute]) VALUES (10081136, 19000080, 'sflOVCC_ClinicalInvestigationFields', N'Outbreak Veterinary Case Clinical – Clinical Investigation fields (Flexible forms)', 226, 3, NULL, 0, NEWID(), NULL, NULL); -- using xxx as an example, TODO: we have to display templates for this field
INSERT INTO [dbo].[trtBaseReference] ([idfsBaseReference], [idfsReferenceType], [strBaseReferenceCode], [strDefault], [intHACode], [intOrder], [blnSystem], [intRowStatus], [rowguid], [strMaintenanceFlag], [strReservedAttribute]) VALUES (10081137, 19000080, 'sflANMAnimalID', N'Outbreak Veterinary Case Clinical – Animal ID', 226, 4, NULL, 0, NEWID(), NULL, NULL); -- using 10080010 as an example
INSERT INTO [dbo].[trtBaseReference] ([idfsBaseReference], [idfsReferenceType], [strBaseReferenceCode], [strDefault], [intHACode], [intOrder], [blnSystem], [intRowStatus], [rowguid], [strMaintenanceFlag], [strReservedAttribute]) VALUES (10081138, 19000080, 'sflANMHerdID', N'Outbreak Veterinary Case Clinical – Herd ID', 226, 5, NULL, 0, NEWID(), NULL, NULL); -- using 10080012 as an example
INSERT INTO [dbo].[trtBaseReference] ([idfsBaseReference], [idfsReferenceType], [strBaseReferenceCode], [strDefault], [intHACode], [intOrder], [blnSystem], [intRowStatus], [rowguid], [strMaintenanceFlag], [strReservedAttribute]) VALUES (10081139, 19000080, 'sflANMAge', N'Outbreak Veterinary Case Clinical – Age', 226, 6, NULL, 0, NEWID(), NULL, NULL); -- using 10080009 as an example
INSERT INTO [dbo].[trtBaseReference] ([idfsBaseReference], [idfsReferenceType], [strBaseReferenceCode], [strDefault], [intHACode], [intOrder], [blnSystem], [intRowStatus], [rowguid], [strMaintenanceFlag], [strReservedAttribute]) VALUES (10081140, 19000080, 'sflANMSex', N'Outbreak Veterinary Case Clinical – Sex', 226, 7, NULL, 0, NEWID(), NULL, NULL); -- using 10080013 as an example
INSERT INTO [dbo].[trtBaseReference] ([idfsBaseReference], [idfsReferenceType], [strBaseReferenceCode], [strDefault], [intHACode], [intOrder], [blnSystem], [intRowStatus], [rowguid], [strMaintenanceFlag], [strReservedAttribute]) VALUES (10081141, 19000080, 'sflANMStatus', N'Outbreak Veterinary Case Clinical – Animal Status', 226, 8, NULL, 0, NEWID(), NULL, NULL); -- using 10080015 as an example
INSERT INTO [dbo].[trtBaseReference] ([idfsBaseReference], [idfsReferenceType], [strBaseReferenceCode], [strDefault], [intHACode], [intOrder], [blnSystem], [intRowStatus], [rowguid], [strMaintenanceFlag], [strReservedAttribute]) VALUES (10081142, 19000080, 'sfl_CSP_ftyHuman_Clinical_Signs', N'Outbreak Veterinary Case Clinical – Clinical Signs for this Animal', 226, 9, NULL, 0, NEWID(), NULL, NULL); -- using 10080004 as an example
INSERT INTO [dbo].[trtBaseReference] ([idfsBaseReference], [idfsReferenceType], [strBaseReferenceCode], [strDefault], [intHACode], [intOrder], [blnSystem], [intRowStatus], [rowguid], [strMaintenanceFlag], [strReservedAttribute]) VALUES (10081143, 19000080, 'sflOVCC_AnimalClinicalSigns', N'Outbreak Veterinary Case Clinical – Animal Clinical Signs (Flexible forms)', 226, 10, NULL, 0, NEWID(), NULL, NULL); -- using xxx as an example, TODO: we have to display templates for this field
INSERT INTO [dbo].[trtBaseReference] ([idfsBaseReference], [idfsReferenceType], [strBaseReferenceCode], [strDefault], [intHACode], [intOrder], [blnSystem], [intRowStatus], [rowguid], [strMaintenanceFlag], [strReservedAttribute]) VALUES (10081144, 19000080, 'sflOHC_VaccinationName', N'Outbreak Veterinary Case Clinical – Vaccination Disease Name', 226, 11, NULL, 0, NEWID(), 0, NULL); -- using 10080142 as an example (commment field type)
INSERT INTO [dbo].[trtBaseReference] ([idfsBaseReference], [idfsReferenceType], [strBaseReferenceCode], [strDefault], [intHACode], [intOrder], [blnSystem], [intRowStatus], [rowguid], [strMaintenanceFlag], [strReservedAttribute]) VALUES (10081145, 19000080, 'sflVACdatVaccinationDate', N'Outbreak Veterinary Case Clinical – Vaccination Date', 226, 12, NULL, 0, NEWID(), 0, NULL); -- using 10080138 as an example
INSERT INTO [dbo].[trtBaseReference] ([idfsBaseReference], [idfsReferenceType], [strBaseReferenceCode], [strDefault], [intHACode], [intOrder], [blnSystem], [intRowStatus], [rowguid], [strMaintenanceFlag], [strReservedAttribute]) VALUES (10081146, 19000080, 'sflVACintNumberVaccinated', N'Outbreak Veterinary Case Clinical – Number Vaccinated', 226, 13, NULL, 0, NEWID(), 0, NULL); -- using 10080140 as an example
INSERT INTO [dbo].[trtBaseReference] ([idfsBaseReference], [idfsReferenceType], [strBaseReferenceCode], [strDefault], [intHACode], [intOrder], [blnSystem], [intRowStatus], [rowguid], [strMaintenanceFlag], [strReservedAttribute]) VALUES (10081147, 19000080, 'sflVACVacctination_Type', N'Outbreak Veterinary Case Clinical – Vaccination Type', 226, 14, NULL, 0, NEWID(), 0, NULL); -- using 10080146 as an example
INSERT INTO [dbo].[trtBaseReference] ([idfsBaseReference], [idfsReferenceType], [strBaseReferenceCode], [strDefault], [intHACode], [intOrder], [blnSystem], [intRowStatus], [rowguid], [strMaintenanceFlag], [strReservedAttribute]) VALUES (10081148, 19000080, 'sflVACVaccination_Route', N'Outbreak Veterinary Case Clinical – Vaccination Route', 226, 15, NULL, 0, NEWID(), 0, NULL); -- using 10080145 as an example
INSERT INTO [dbo].[trtBaseReference] ([idfsBaseReference], [idfsReferenceType], [strBaseReferenceCode], [strDefault], [intHACode], [intOrder], [blnSystem], [intRowStatus], [rowguid], [strMaintenanceFlag], [strReservedAttribute]) VALUES (10081149, 19000080, 'sflVACstrLotNumber', N'Outbreak Veterinary Case Clinical – Vaccination Lot Number', 226, 16, NULL, 0, NEWID(), 0, NULL); -- using 10080143 as an example
INSERT INTO [dbo].[trtBaseReference] ([idfsBaseReference], [idfsReferenceType], [strBaseReferenceCode], [strDefault], [intHACode], [intOrder], [blnSystem], [intRowStatus], [rowguid], [strMaintenanceFlag], [strReservedAttribute]) VALUES (10081150, 19000080, 'sflVACstrManufacturer', N'Outbreak Veterinary Case Clinical – Vaccination Manufacturer', 226, 17, NULL, 0, NEWID(), 0, NULL); -- using 10080144 as an example

INSERT INTO [dbo].[trtStringNameTranslation] ([idfsBaseReference], [idfsLanguage], [strTextString], [intRowStatus], [rowguid], [strMaintenanceFlag], [strReservedAttribute]) VALUES (10081133, 10049003, N'Outbreak Veterinary Case Clinical – Species', 0, NEWID(), NULL, NULL);
INSERT INTO [dbo].[trtStringNameTranslation] ([idfsBaseReference], [idfsLanguage], [strTextString], [intRowStatus], [rowguid], [strMaintenanceFlag], [strReservedAttribute]) VALUES (10081133, 10049004, N'აფეთქების ვეტერინარული კლინიკური შემთხვევა  - სახეობა', 0, NEWID(), NULL, NULL);
INSERT INTO [dbo].[trtStringNameTranslation] ([idfsBaseReference], [idfsLanguage], [strTextString], [intRowStatus], [rowguid], [strMaintenanceFlag], [strReservedAttribute]) VALUES (10081133, 10049001, N'Alovlanma Baytarlıq Xəstəliyi Hadisəsi Kliniki - Heyvan növü', 0, NEWID(), NULL, NULL);
INSERT INTO [dbo].[trtStringNameTranslation] ([idfsBaseReference], [idfsLanguage], [strTextString], [intRowStatus], [rowguid], [strMaintenanceFlag], [strReservedAttribute]) VALUES (10081133, 10049011, N'علاج حالة تفشي الامراض البيطرية  - أنواع الحيوانات ', 0, NEWID(), NULL, NULL);

INSERT INTO [dbo].[trtStringNameTranslation] ([idfsBaseReference], [idfsLanguage], [strTextString], [intRowStatus], [rowguid], [strMaintenanceFlag], [strReservedAttribute]) VALUES (10081134, 10049003, N'Outbreak Veterinary Case Clinical – Species Status', 0, NEWID(), NULL, NULL);
INSERT INTO [dbo].[trtStringNameTranslation] ([idfsBaseReference], [idfsLanguage], [strTextString], [intRowStatus], [rowguid], [strMaintenanceFlag], [strReservedAttribute]) VALUES (10081134, 10049004, N'აფეთქების ვეტერინარული კლინიკური შემთხვევა  - სახეობის სტატუსი', 0, NEWID(), NULL, NULL);
INSERT INTO [dbo].[trtStringNameTranslation] ([idfsBaseReference], [idfsLanguage], [strTextString], [intRowStatus], [rowguid], [strMaintenanceFlag], [strReservedAttribute]) VALUES (10081134, 10049001, N'Alovlanma Baytarlıq Xəstəliyi Hadisəsi Kliniki - Heyvan növünün vəziyyəti', 0, NEWID(), NULL, NULL);
INSERT INTO [dbo].[trtStringNameTranslation] ([idfsBaseReference], [idfsLanguage], [strTextString], [intRowStatus], [rowguid], [strMaintenanceFlag], [strReservedAttribute]) VALUES (10081134, 10049011, N'علاج حالة تفشي الامراض البيطرية  - حالة أنواع الحيوانات ', 0, NEWID(), NULL, NULL);

INSERT INTO [dbo].[trtStringNameTranslation] ([idfsBaseReference], [idfsLanguage], [strTextString], [intRowStatus], [rowguid], [strMaintenanceFlag], [strReservedAttribute]) VALUES (10081135, 10049003, N'Outbreak Veterinary Case Clinical – Clinical Investigation (populated from “Was clinical investigation performed for this species?” data field)', 0, NEWID(), NULL, NULL);
INSERT INTO [dbo].[trtStringNameTranslation] ([idfsBaseReference], [idfsLanguage], [strTextString], [intRowStatus], [rowguid], [strMaintenanceFlag], [strReservedAttribute]) VALUES (10081135, 10049004, N'აფეთქების ვეტერინარული კლინიკური შემთხვევა  - კლინიკური კვლევა ( ავტომატურად არის განსახლებული  მონაცემთა ველიდან "ჩატარდა ამ სახეობის კლინიკური კვლევა?")', 0, NEWID(), NULL, NULL);
INSERT INTO [dbo].[trtStringNameTranslation] ([idfsBaseReference], [idfsLanguage], [strTextString], [intRowStatus], [rowguid], [strMaintenanceFlag], [strReservedAttribute]) VALUES (10081135, 10049001, N'Alovlanma Baytarlıq Xəstəliyi Hadisəsi Kliniki - Kliniki tədqiqat ("Bu heyvan növü üzərində kliniki tədqiqat aparılbmı?" sahəsindən doldurulur)', 0, NEWID(), NULL, NULL);
INSERT INTO [dbo].[trtStringNameTranslation] ([idfsBaseReference], [idfsLanguage], [strTextString], [intRowStatus], [rowguid], [strMaintenanceFlag], [strReservedAttribute]) VALUES (10081135, 10049011, N'علاج حالة تفشي الامراض البيطرية  - البحث  العلاجي ( مأخوذ من حقل البيانات " هل تم إجراء  البحث العلاجي لهذا النوع ؟) ', 0, NEWID(), NULL, NULL);

INSERT INTO [dbo].[trtStringNameTranslation] ([idfsBaseReference], [idfsLanguage], [strTextString], [intRowStatus], [rowguid], [strMaintenanceFlag], [strReservedAttribute]) VALUES (10081136, 10049003, N'Outbreak Veterinary Case Clinical – Clinical Investigation fields (Flexible forms)', 0, NEWID(), NULL, NULL);
INSERT INTO [dbo].[trtStringNameTranslation] ([idfsBaseReference], [idfsLanguage], [strTextString], [intRowStatus], [rowguid], [strMaintenanceFlag], [strReservedAttribute]) VALUES (10081136, 10049004, N'აფეთქების ვეტერინარული კლინიკური შემთხვევა - კლინიკური კვლევის ველები (მოქნილი ფორმები)', 0, NEWID(), NULL, NULL);
INSERT INTO [dbo].[trtStringNameTranslation] ([idfsBaseReference], [idfsLanguage], [strTextString], [intRowStatus], [rowguid], [strMaintenanceFlag], [strReservedAttribute]) VALUES (10081136, 10049001, N'Alovlanma Baytarlıq Xəstəliyi Hadisəsi Kliniki - Kliniki tədqiqat sahələri (Əlavə formalar)', 0, NEWID(), NULL, NULL);
INSERT INTO [dbo].[trtStringNameTranslation] ([idfsBaseReference], [idfsLanguage], [strTextString], [intRowStatus], [rowguid], [strMaintenanceFlag], [strReservedAttribute]) VALUES (10081136, 10049011, N'علاج حالة تفشي الامراض البيطرية  -  مجالات البحث العلاجي ( نماذج مرنة)', 0, NEWID(), NULL, NULL);

INSERT INTO [dbo].[trtStringNameTranslation] ([idfsBaseReference], [idfsLanguage], [strTextString], [intRowStatus], [rowguid], [strMaintenanceFlag], [strReservedAttribute]) VALUES (10081137, 10049003, N'Outbreak Veterinary Case Clinical – Animal ID', 0, NEWID(), NULL, NULL);
INSERT INTO [dbo].[trtStringNameTranslation] ([idfsBaseReference], [idfsLanguage], [strTextString], [intRowStatus], [rowguid], [strMaintenanceFlag], [strReservedAttribute]) VALUES (10081137, 10049004, N'აფეთქების ვეტერინარული კლინიკური შემთხვევა - ცხოველის ID', 0, NEWID(), NULL, NULL);
INSERT INTO [dbo].[trtStringNameTranslation] ([idfsBaseReference], [idfsLanguage], [strTextString], [intRowStatus], [rowguid], [strMaintenanceFlag], [strReservedAttribute]) VALUES (10081137, 10049001, N'Alovlanma Baytarlıq Xəstəliyi Hadisəsi Kliniki - Heyvanın Q/N-si', 0, NEWID(), NULL, NULL);
INSERT INTO [dbo].[trtStringNameTranslation] ([idfsBaseReference], [idfsLanguage], [strTextString], [intRowStatus], [rowguid], [strMaintenanceFlag], [strReservedAttribute]) VALUES (10081137, 10049011, N'علاج حالة تفشي الامراض البيطرية  -  الرقم التعريفي للحيوان ', 0, NEWID(), NULL, NULL);

INSERT INTO [dbo].[trtStringNameTranslation] ([idfsBaseReference], [idfsLanguage], [strTextString], [intRowStatus], [rowguid], [strMaintenanceFlag], [strReservedAttribute]) VALUES (10081138, 10049003, N'Outbreak Veterinary Case Clinical – Herd ID', 0, NEWID(), NULL, NULL);
INSERT INTO [dbo].[trtStringNameTranslation] ([idfsBaseReference], [idfsLanguage], [strTextString], [intRowStatus], [rowguid], [strMaintenanceFlag], [strReservedAttribute]) VALUES (10081138, 10049004, N'აფეთქების ვეტერინარული კლინიკური შემთხვევა - ჯოგის  ID', 0, NEWID(), NULL, NULL);
INSERT INTO [dbo].[trtStringNameTranslation] ([idfsBaseReference], [idfsLanguage], [strTextString], [intRowStatus], [rowguid], [strMaintenanceFlag], [strReservedAttribute]) VALUES (10081138, 10049001, N'Alovlanma Baytarlıq Xəstəliyi Hadisəsi Kliniki - Sürünün Q/N-si', 0, NEWID(), NULL, NULL);
INSERT INTO [dbo].[trtStringNameTranslation] ([idfsBaseReference], [idfsLanguage], [strTextString], [intRowStatus], [rowguid], [strMaintenanceFlag], [strReservedAttribute]) VALUES (10081138, 10049011, N'علاج حالة تفشي الامراض البيطرية  - معرّف القطيع ', 0, NEWID(), NULL, NULL);

INSERT INTO [dbo].[trtStringNameTranslation] ([idfsBaseReference], [idfsLanguage], [strTextString], [intRowStatus], [rowguid], [strMaintenanceFlag], [strReservedAttribute]) VALUES (10081139, 10049003, N'Outbreak Veterinary Case Clinical – Age', 0, NEWID(), NULL, NULL);
INSERT INTO [dbo].[trtStringNameTranslation] ([idfsBaseReference], [idfsLanguage], [strTextString], [intRowStatus], [rowguid], [strMaintenanceFlag], [strReservedAttribute]) VALUES (10081139, 10049004, N'აფეთქების ვეტერინარული კლინიკური შემთხვევა - ასაკი', 0, NEWID(), NULL, NULL);
INSERT INTO [dbo].[trtStringNameTranslation] ([idfsBaseReference], [idfsLanguage], [strTextString], [intRowStatus], [rowguid], [strMaintenanceFlag], [strReservedAttribute]) VALUES (10081139, 10049001, N'Alovlanma Baytarlıq Xəstəliyi Hadisəsi Kliniki - Yaş', 0, NEWID(), NULL, NULL);
INSERT INTO [dbo].[trtStringNameTranslation] ([idfsBaseReference], [idfsLanguage], [strTextString], [intRowStatus], [rowguid], [strMaintenanceFlag], [strReservedAttribute]) VALUES (10081139, 10049011, N'علاج حالة تفشي الامراض البيطرية  - العمر ', 0, NEWID(), NULL, NULL);

INSERT INTO [dbo].[trtStringNameTranslation] ([idfsBaseReference], [idfsLanguage], [strTextString], [intRowStatus], [rowguid], [strMaintenanceFlag], [strReservedAttribute]) VALUES (10081140, 10049003, N'Outbreak Veterinary Case Clinical – Sex', 0, NEWID(), NULL, NULL);
INSERT INTO [dbo].[trtStringNameTranslation] ([idfsBaseReference], [idfsLanguage], [strTextString], [intRowStatus], [rowguid], [strMaintenanceFlag], [strReservedAttribute]) VALUES (10081140, 10049004, N'აფეთქების ვეტერინარული კლინიკური შემთხვევა - სქესი', 0, NEWID(), NULL, NULL);
INSERT INTO [dbo].[trtStringNameTranslation] ([idfsBaseReference], [idfsLanguage], [strTextString], [intRowStatus], [rowguid], [strMaintenanceFlag], [strReservedAttribute]) VALUES (10081140, 10049001, N'Alovlanma Baytarlıq Xəstəliyi Hadisəsi Kliniki - Cinsiyyəti', 0, NEWID(), NULL, NULL);
INSERT INTO [dbo].[trtStringNameTranslation] ([idfsBaseReference], [idfsLanguage], [strTextString], [intRowStatus], [rowguid], [strMaintenanceFlag], [strReservedAttribute]) VALUES (10081140, 10049011, N'علاج حالة تفشي الامراض البيطرية  - الجنس ', 0, NEWID(), NULL, NULL);

INSERT INTO [dbo].[trtStringNameTranslation] ([idfsBaseReference], [idfsLanguage], [strTextString], [intRowStatus], [rowguid], [strMaintenanceFlag], [strReservedAttribute]) VALUES (10081141, 10049003, N'Outbreak Veterinary Case Clinical – Animal Status', 0, NEWID(), NULL, NULL);
INSERT INTO [dbo].[trtStringNameTranslation] ([idfsBaseReference], [idfsLanguage], [strTextString], [intRowStatus], [rowguid], [strMaintenanceFlag], [strReservedAttribute]) VALUES (10081141, 10049004, N'აფეთქების ვეტერინარული კლინიკური შემთხვევა - ცხოველის სტატუსი', 0, NEWID(), NULL, NULL);
INSERT INTO [dbo].[trtStringNameTranslation] ([idfsBaseReference], [idfsLanguage], [strTextString], [intRowStatus], [rowguid], [strMaintenanceFlag], [strReservedAttribute]) VALUES (10081141, 10049001, N'Alovlanma Baytarlıq Xəstəliyi Hadisəsi Kliniki - Heyvanın vəziyyəti', 0, NEWID(), NULL, NULL);
INSERT INTO [dbo].[trtStringNameTranslation] ([idfsBaseReference], [idfsLanguage], [strTextString], [intRowStatus], [rowguid], [strMaintenanceFlag], [strReservedAttribute]) VALUES (10081141, 10049011, N'علاج حالة تفشي الامراض البيطرية  - حالة الحيوان ', 0, NEWID(), NULL, NULL);

INSERT INTO [dbo].[trtStringNameTranslation] ([idfsBaseReference], [idfsLanguage], [strTextString], [intRowStatus], [rowguid], [strMaintenanceFlag], [strReservedAttribute]) VALUES (10081142, 10049003, N'Outbreak Veterinary Case Clinical – Clinical Signs for this Animal', 0, NEWID(), NULL, NULL);
INSERT INTO [dbo].[trtStringNameTranslation] ([idfsBaseReference], [idfsLanguage], [strTextString], [intRowStatus], [rowguid], [strMaintenanceFlag], [strReservedAttribute]) VALUES (10081142, 10049004, N'აფეთქების ვეტერინარული კლინიკური შემთხვევა - ამ ცხოველის კლინიკური ნიშნები', 0, NEWID(), NULL, NULL);
INSERT INTO [dbo].[trtStringNameTranslation] ([idfsBaseReference], [idfsLanguage], [strTextString], [intRowStatus], [rowguid], [strMaintenanceFlag], [strReservedAttribute]) VALUES (10081142, 10049001, N'Alovlanma Baytarlıq Xəstəliyi Hadisəsi Kliniki - Bu heyvanın kliniki əlamətləri', 0, NEWID(), NULL, NULL);
INSERT INTO [dbo].[trtStringNameTranslation] ([idfsBaseReference], [idfsLanguage], [strTextString], [intRowStatus], [rowguid], [strMaintenanceFlag], [strReservedAttribute]) VALUES (10081142, 10049011, N'علاج حالة تفشي الامراض البيطرية  - العلامات السريرية لهذا الحيوان ', 0, NEWID(), NULL, NULL);

INSERT INTO [dbo].[trtStringNameTranslation] ([idfsBaseReference], [idfsLanguage], [strTextString], [intRowStatus], [rowguid], [strMaintenanceFlag], [strReservedAttribute]) VALUES (10081143, 10049003, N'Outbreak Veterinary Case Clinical – Animal Clinical Signs (Flexible forms)', 0, NEWID(), NULL, NULL);
INSERT INTO [dbo].[trtStringNameTranslation] ([idfsBaseReference], [idfsLanguage], [strTextString], [intRowStatus], [rowguid], [strMaintenanceFlag], [strReservedAttribute]) VALUES (10081143, 10049004, N'აფეთქების ვეტერინარული კლინიკური შემთხვევა - ცხოველის კლინიკური ნიშნები (მოქნილი ფორმები)', 0, NEWID(), NULL, NULL);
INSERT INTO [dbo].[trtStringNameTranslation] ([idfsBaseReference], [idfsLanguage], [strTextString], [intRowStatus], [rowguid], [strMaintenanceFlag], [strReservedAttribute]) VALUES (10081143, 10049001, N'Alovlanma Baytarlıq Xəstəliyi Hadisəsi Kliniki - Heyvanın kliniki əlamətləri (Əlavə formalar)', 0, NEWID(), NULL, NULL);
INSERT INTO [dbo].[trtStringNameTranslation] ([idfsBaseReference], [idfsLanguage], [strTextString], [intRowStatus], [rowguid], [strMaintenanceFlag], [strReservedAttribute]) VALUES (10081143, 10049011, N'علاج حالة تفشي الامراض البيطرية  -  العلامات السريرية للحيوان ( نماذج مرنة)', 0, NEWID(), NULL, NULL);

INSERT INTO [dbo].[trtStringNameTranslation] ([idfsBaseReference], [idfsLanguage], [strTextString], [intRowStatus], [rowguid], [strMaintenanceFlag], [strReservedAttribute]) VALUES (10081144, 10049003, N'Outbreak Veterinary Case Clinical – Vaccination Disease Name', 0, NEWID(), NULL, NULL);
INSERT INTO [dbo].[trtStringNameTranslation] ([idfsBaseReference], [idfsLanguage], [strTextString], [intRowStatus], [rowguid], [strMaintenanceFlag], [strReservedAttribute]) VALUES (10081144, 10049004, N'აფეთქების ვეტერინარული კლინიკური შემთხვევა - დაავადების სახელი, რომლისთვისაც ტარდება ვაქცინაცია', 0, NEWID(), NULL, NULL);
INSERT INTO [dbo].[trtStringNameTranslation] ([idfsBaseReference], [idfsLanguage], [strTextString], [intRowStatus], [rowguid], [strMaintenanceFlag], [strReservedAttribute]) VALUES (10081144, 10049001, N'Alovlanma Baytarlıq Xəstəliyi Hadisəsi Kliniki - Əleyhinə peyvəndləmə aparılan xəstəliyin adı', 0, NEWID(), NULL, NULL);
INSERT INTO [dbo].[trtStringNameTranslation] ([idfsBaseReference], [idfsLanguage], [strTextString], [intRowStatus], [rowguid], [strMaintenanceFlag], [strReservedAttribute]) VALUES (10081144, 10049011, N'علاج حالة تفشي الامراض البيطرية  - اسم تطعيم المرض ', 0, NEWID(), NULL, NULL);

INSERT INTO [dbo].[trtStringNameTranslation] ([idfsBaseReference], [idfsLanguage], [strTextString], [intRowStatus], [rowguid], [strMaintenanceFlag], [strReservedAttribute]) VALUES (10081145, 10049003, N'Outbreak Veterinary Case Clinical – Vaccination Date', 0, NEWID(), NULL, NULL);
INSERT INTO [dbo].[trtStringNameTranslation] ([idfsBaseReference], [idfsLanguage], [strTextString], [intRowStatus], [rowguid], [strMaintenanceFlag], [strReservedAttribute]) VALUES (10081145, 10049004, N'აფეთქების ვეტერინარული კლინიკური შემთხვევა - ვაქცინაციის თარიღი', 0, NEWID(), NULL, NULL);
INSERT INTO [dbo].[trtStringNameTranslation] ([idfsBaseReference], [idfsLanguage], [strTextString], [intRowStatus], [rowguid], [strMaintenanceFlag], [strReservedAttribute]) VALUES (10081145, 10049001, N'Alovlanma Baytarlıq Xəstəliyi Hadisəsi Kliniki - Peyvəndləmənin adı', 0, NEWID(), NULL, NULL);
INSERT INTO [dbo].[trtStringNameTranslation] ([idfsBaseReference], [idfsLanguage], [strTextString], [intRowStatus], [rowguid], [strMaintenanceFlag], [strReservedAttribute]) VALUES (10081145, 10049011, N'علاج حالة تفشي الامراض البيطرية  - تاريخ التطعيم ', 0, NEWID(), NULL, NULL);

INSERT INTO [dbo].[trtStringNameTranslation] ([idfsBaseReference], [idfsLanguage], [strTextString], [intRowStatus], [rowguid], [strMaintenanceFlag], [strReservedAttribute]) VALUES (10081146, 10049003, N'Outbreak Veterinary Case Clinical – Number Vaccinated', 0, NEWID(), NULL, NULL);
INSERT INTO [dbo].[trtStringNameTranslation] ([idfsBaseReference], [idfsLanguage], [strTextString], [intRowStatus], [rowguid], [strMaintenanceFlag], [strReservedAttribute]) VALUES (10081146, 10049004, N'აფეთქების ვეტერინარული კლინიკური შემთხვევა - ვაქცინირებულთა რაოდენობა', 0, NEWID(), NULL, NULL);
INSERT INTO [dbo].[trtStringNameTranslation] ([idfsBaseReference], [idfsLanguage], [strTextString], [intRowStatus], [rowguid], [strMaintenanceFlag], [strReservedAttribute]) VALUES (10081146, 10049001, N'Alovlanma Baytarlıq Xəstəliyi Hadisəsi Kliniki - Peyvənd olunmuşların sayı', 0, NEWID(), NULL, NULL);
INSERT INTO [dbo].[trtStringNameTranslation] ([idfsBaseReference], [idfsLanguage], [strTextString], [intRowStatus], [rowguid], [strMaintenanceFlag], [strReservedAttribute]) VALUES (10081146, 10049011, N'علاج حالة تفشي الامراض البيطرية  - عدد اللقاحات ', 0, NEWID(), NULL, NULL);

INSERT INTO [dbo].[trtStringNameTranslation] ([idfsBaseReference], [idfsLanguage], [strTextString], [intRowStatus], [rowguid], [strMaintenanceFlag], [strReservedAttribute]) VALUES (10081147, 10049003, N'Outbreak Veterinary Case Clinical – Vaccination Type', 0, NEWID(), NULL, NULL);
INSERT INTO [dbo].[trtStringNameTranslation] ([idfsBaseReference], [idfsLanguage], [strTextString], [intRowStatus], [rowguid], [strMaintenanceFlag], [strReservedAttribute]) VALUES (10081147, 10049004, N'აფეთქების ვეტერინარული კლინიკური შემთხვევა - ვაქცინაციის ტიპი', 0, NEWID(), NULL, NULL);
INSERT INTO [dbo].[trtStringNameTranslation] ([idfsBaseReference], [idfsLanguage], [strTextString], [intRowStatus], [rowguid], [strMaintenanceFlag], [strReservedAttribute]) VALUES (10081147, 10049001, N'Alovlanma Baytarlıq Xəstəliyi Hadisəsi Kliniki - Peyvəndləmə növü', 0, NEWID(), NULL, NULL);
INSERT INTO [dbo].[trtStringNameTranslation] ([idfsBaseReference], [idfsLanguage], [strTextString], [intRowStatus], [rowguid], [strMaintenanceFlag], [strReservedAttribute]) VALUES (10081147, 10049011, N'علاج حالة تفشي الامراض البيطرية  - نوع التطعيم ', 0, NEWID(), NULL, NULL);

INSERT INTO [dbo].[trtStringNameTranslation] ([idfsBaseReference], [idfsLanguage], [strTextString], [intRowStatus], [rowguid], [strMaintenanceFlag], [strReservedAttribute]) VALUES (10081148, 10049003, N'Outbreak Veterinary Case Clinical – Vaccination Route', 0, NEWID(), NULL, NULL);
INSERT INTO [dbo].[trtStringNameTranslation] ([idfsBaseReference], [idfsLanguage], [strTextString], [intRowStatus], [rowguid], [strMaintenanceFlag], [strReservedAttribute]) VALUES (10081148, 10049004, N'აფეთქების ვეტერინარული კლინიკური შემთხვევა - ვაქცინაციის ხერხი', 0, NEWID(), NULL, NULL);
INSERT INTO [dbo].[trtStringNameTranslation] ([idfsBaseReference], [idfsLanguage], [strTextString], [intRowStatus], [rowguid], [strMaintenanceFlag], [strReservedAttribute]) VALUES (10081148, 10049001, N'Outbreak Veterinary Case Clinical – Vaccination Route', 0, NEWID(), NULL, NULL);
INSERT INTO [dbo].[trtStringNameTranslation] ([idfsBaseReference], [idfsLanguage], [strTextString], [intRowStatus], [rowguid], [strMaintenanceFlag], [strReservedAttribute]) VALUES (10081148, 10049011, N'علاج حالة تفشي الامراض البيطرية  - طريقة التطعيم ', 0, NEWID(), NULL, NULL);

INSERT INTO [dbo].[trtStringNameTranslation] ([idfsBaseReference], [idfsLanguage], [strTextString], [intRowStatus], [rowguid], [strMaintenanceFlag], [strReservedAttribute]) VALUES (10081149, 10049003, N'Outbreak Veterinary Case Clinical – Vaccination Lot Number', 0, NEWID(), NULL, NULL);
INSERT INTO [dbo].[trtStringNameTranslation] ([idfsBaseReference], [idfsLanguage], [strTextString], [intRowStatus], [rowguid], [strMaintenanceFlag], [strReservedAttribute]) VALUES (10081149, 10049004, N'აფეთქების ვეტერინარული კლინიკური შემთხვევა - ვაქცინის სერიის ნომერი', 0, NEWID(), NULL, NULL);
INSERT INTO [dbo].[trtStringNameTranslation] ([idfsBaseReference], [idfsLanguage], [strTextString], [intRowStatus], [rowguid], [strMaintenanceFlag], [strReservedAttribute]) VALUES (10081149, 10049001, N'Alovlanma Baytarlıq Xəstəliyi Hadisəsi Kliniki - Peyvəndin seriya nömrəsi', 0, NEWID(), NULL, NULL);
INSERT INTO [dbo].[trtStringNameTranslation] ([idfsBaseReference], [idfsLanguage], [strTextString], [intRowStatus], [rowguid], [strMaintenanceFlag], [strReservedAttribute]) VALUES (10081149, 10049011, N'علاج حالة تفشي الامراض البيطرية  - رقم مجموعة اللقاحات ', 0, NEWID(), NULL, NULL);

INSERT INTO [dbo].[trtStringNameTranslation] ([idfsBaseReference], [idfsLanguage], [strTextString], [intRowStatus], [rowguid], [strMaintenanceFlag], [strReservedAttribute]) VALUES (10081150, 10049003, N'Outbreak Veterinary Case Clinical – Vaccination Manufacturer', 0, NEWID(), NULL, NULL);
INSERT INTO [dbo].[trtStringNameTranslation] ([idfsBaseReference], [idfsLanguage], [strTextString], [intRowStatus], [rowguid], [strMaintenanceFlag], [strReservedAttribute]) VALUES (10081150, 10049004, N'აფეთქების ვეტერინარული კლინიკური შემთხვევა - ვაქცინის მწარმოებელი', 0, NEWID(), NULL, NULL);
INSERT INTO [dbo].[trtStringNameTranslation] ([idfsBaseReference], [idfsLanguage], [strTextString], [intRowStatus], [rowguid], [strMaintenanceFlag], [strReservedAttribute]) VALUES (10081150, 10049001, N'Alovlanma Baytarlıq Xəstəliyi Hadisəsi Kliniki - Peyvəndin istehsalçı', 0, NEWID(), NULL, NULL);
INSERT INTO [dbo].[trtStringNameTranslation] ([idfsBaseReference], [idfsLanguage], [strTextString], [intRowStatus], [rowguid], [strMaintenanceFlag], [strReservedAttribute]) VALUES (10081150, 10049011, N'علاج حالة تفشي الامراض البيطرية  - الشركة المصنعة للقاحات ', 0, NEWID(), NULL, NULL);

INSERT INTO [dbo].[tasSearchField] ([idfsSearchField], [idfsSearchFieldType], [idfsSearchObject], [idfsReferenceType], [idfsGISReferenceType], [strSearchFieldAlias], [strLookupTable], [intMapDisplayOrder], [intIncidenceDisplayOrder], [blnGeoLocationString], [strCalculatedFieldText], [rowguid], [intRowStatus], [idfsDefaultAggregateFunction], [blnShortAddressString], [strLookupFunction], [strLookupFunctionIdField], [strLookupFunctionNameField], [strLookupAttribute], [blnAllowMissedReferenceValues], [strReservedAttribute]) VALUES (10081133, 10081007, 10082063, 19000086, NULL, 'sflVC_AnimalSpecies', 'rftSpeciesList', NULL, NULL, NULL, NULL, NEWID(), 0, 10004003, 0, NULL, NULL, NULL, 'name', 1, NULL);
INSERT INTO [dbo].[tasSearchField] ([idfsSearchField], [idfsSearchFieldType], [idfsSearchObject], [idfsReferenceType], [idfsGISReferenceType], [strSearchFieldAlias], [strLookupTable], [intMapDisplayOrder], [intIncidenceDisplayOrder], [blnGeoLocationString], [strCalculatedFieldText], [rowguid], [intRowStatus], [idfsDefaultAggregateFunction], [blnShortAddressString], [strLookupFunction], [strLookupFunctionIdField], [strLookupFunctionNameField], [strLookupAttribute], [blnAllowMissedReferenceValues], [strReservedAttribute]) VALUES (10081134, 10081007, 10082063, 19000006, NULL, 'sflVC_AnimalStatus', 'rftAnimalCondition', NULL, NULL, NULL, NULL, NEWID(), 0, 10004003, 0, NULL, NULL, NULL, 'name', 1, NULL);
INSERT INTO [dbo].[tasSearchField] ([idfsSearchField], [idfsSearchFieldType], [idfsSearchObject], [idfsReferenceType], [idfsGISReferenceType], [strSearchFieldAlias], [strLookupTable], [intMapDisplayOrder], [intIncidenceDisplayOrder], [blnGeoLocationString], [strCalculatedFieldText], [rowguid], [intRowStatus], [idfsDefaultAggregateFunction], [blnShortAddressString], [strLookupFunction], [strLookupFunctionIdField], [strLookupFunctionNameField], [strLookupAttribute], [blnAllowMissedReferenceValues], [strReservedAttribute]) VALUES (10081135, 10081007, 10082063, 19000100, NULL, 'sflVC_ClinicalInvestigation', 'rftYesNoValue', NULL, NULL, 0, NULL, NEWID(), 0, 10004003, 0, NULL, NULL, NULL, 'name', 0, NULL);
INSERT INTO [dbo].[tasSearchField] ([idfsSearchField], [idfsSearchFieldType], [idfsSearchObject], [idfsReferenceType], [idfsGISReferenceType], [strSearchFieldAlias], [strLookupTable], [intMapDisplayOrder], [intIncidenceDisplayOrder], [blnGeoLocationString], [strCalculatedFieldText], [rowguid], [intRowStatus], [idfsDefaultAggregateFunction], [blnShortAddressString], [strLookupFunction], [strLookupFunctionIdField], [strLookupFunctionNameField], [strLookupAttribute], [blnAllowMissedReferenceValues], [strReservedAttribute]) VALUES (10081136, 10081007, 10082063, NULL, NULL, 'sflVC_ClinicalInvestigationFields', NULL, NULL, NULL, NULL, NULL, NEWID(), 0, 10004003, 0, NULL, NULL, NULL, NULL, 0, NULL);
INSERT INTO [dbo].[tasSearchField] ([idfsSearchField], [idfsSearchFieldType], [idfsSearchObject], [idfsReferenceType], [idfsGISReferenceType], [strSearchFieldAlias], [strLookupTable], [intMapDisplayOrder], [intIncidenceDisplayOrder], [blnGeoLocationString], [strCalculatedFieldText], [rowguid], [intRowStatus], [idfsDefaultAggregateFunction], [blnShortAddressString], [strLookupFunction], [strLookupFunctionIdField], [strLookupFunctionNameField], [strLookupAttribute], [blnAllowMissedReferenceValues], [strReservedAttribute]) VALUES (10081137, 10081007, 10082063, NULL, NULL, 'sflVC_AnimalID', NULL, NULL, NULL, NULL, NULL, NEWID(), 0, 10004020, 0, NULL, NULL, NULL, NULL, 0, NULL);
INSERT INTO [dbo].[tasSearchField] ([idfsSearchField], [idfsSearchFieldType], [idfsSearchObject], [idfsReferenceType], [idfsGISReferenceType], [strSearchFieldAlias], [strLookupTable], [intMapDisplayOrder], [intIncidenceDisplayOrder], [blnGeoLocationString], [strCalculatedFieldText], [rowguid], [intRowStatus], [idfsDefaultAggregateFunction], [blnShortAddressString], [strLookupFunction], [strLookupFunctionIdField], [strLookupFunctionNameField], [strLookupAttribute], [blnAllowMissedReferenceValues], [strReservedAttribute]) VALUES (10081138, 10081007, 10082063, NULL, NULL, 'sflVC_Animal_HerdID', NULL, NULL, NULL, NULL, NULL, NEWID(), 0, 10004020, 0, NULL, NULL, NULL, NULL, 0, NULL);
INSERT INTO [dbo].[tasSearchField] ([idfsSearchField], [idfsSearchFieldType], [idfsSearchObject], [idfsReferenceType], [idfsGISReferenceType], [strSearchFieldAlias], [strLookupTable], [intMapDisplayOrder], [intIncidenceDisplayOrder], [blnGeoLocationString], [strCalculatedFieldText], [rowguid], [intRowStatus], [idfsDefaultAggregateFunction], [blnShortAddressString], [strLookupFunction], [strLookupFunctionIdField], [strLookupFunctionNameField], [strLookupAttribute], [blnAllowMissedReferenceValues], [strReservedAttribute]) VALUES (10081139, 10081007, 10082063, 19000005, NULL, 'sflVC_AnimalAge', 'rftAnimalAgeList', NULL, NULL, NULL, NULL, NEWID(), 0, 10004003, 0, NULL, NULL, NULL, 'name', 1, NULL);
INSERT INTO [dbo].[tasSearchField] ([idfsSearchField], [idfsSearchFieldType], [idfsSearchObject], [idfsReferenceType], [idfsGISReferenceType], [strSearchFieldAlias], [strLookupTable], [intMapDisplayOrder], [intIncidenceDisplayOrder], [blnGeoLocationString], [strCalculatedFieldText], [rowguid], [intRowStatus], [idfsDefaultAggregateFunction], [blnShortAddressString], [strLookupFunction], [strLookupFunctionIdField], [strLookupFunctionNameField], [strLookupAttribute], [blnAllowMissedReferenceValues], [strReservedAttribute]) VALUES (10081140, 10081007, 10082063, 19000007, NULL, 'sflVC_AnimalSex', 'rftAnimalSex', NULL, NULL, NULL, NULL, NEWID(), 0, 10004003, 0, NULL, NULL, NULL, 'name', 1, NULL);
INSERT INTO [dbo].[tasSearchField] ([idfsSearchField], [idfsSearchFieldType], [idfsSearchObject], [idfsReferenceType], [idfsGISReferenceType], [strSearchFieldAlias], [strLookupTable], [intMapDisplayOrder], [intIncidenceDisplayOrder], [blnGeoLocationString], [strCalculatedFieldText], [rowguid], [intRowStatus], [idfsDefaultAggregateFunction], [blnShortAddressString], [strLookupFunction], [strLookupFunctionIdField], [strLookupFunctionNameField], [strLookupAttribute], [blnAllowMissedReferenceValues], [strReservedAttribute]) VALUES (10081141, 10081007, 10082063, 19000006, NULL, 'sflVC_AnimalStatus', 'rftAnimalCondition', NULL, NULL, NULL, NULL, NEWID(), 0, 10004003, 0, NULL, NULL, NULL, 'name', 1, NULL);
INSERT INTO [dbo].[tasSearchField] ([idfsSearchField], [idfsSearchFieldType], [idfsSearchObject], [idfsReferenceType], [idfsGISReferenceType], [strSearchFieldAlias], [strLookupTable], [intMapDisplayOrder], [intIncidenceDisplayOrder], [blnGeoLocationString], [strCalculatedFieldText], [rowguid], [intRowStatus], [idfsDefaultAggregateFunction], [blnShortAddressString], [strLookupFunction], [strLookupFunctionIdField], [strLookupFunctionNameField], [strLookupAttribute], [blnAllowMissedReferenceValues], [strReservedAttribute]) VALUES (10081142, 10081007, 10082063, NULL, NULL, 'sflHC_CS', NULL, NULL, NULL, NULL, NULL, NEWID(), 0, 10004003, 0, NULL, NULL, NULL, NULL, 0, NULL);
INSERT INTO [dbo].[tasSearchField] ([idfsSearchField], [idfsSearchFieldType], [idfsSearchObject], [idfsReferenceType], [idfsGISReferenceType], [strSearchFieldAlias], [strLookupTable], [intMapDisplayOrder], [intIncidenceDisplayOrder], [blnGeoLocationString], [strCalculatedFieldText], [rowguid], [intRowStatus], [idfsDefaultAggregateFunction], [blnShortAddressString], [strLookupFunction], [strLookupFunctionIdField], [strLookupFunctionNameField], [strLookupAttribute], [blnAllowMissedReferenceValues], [strReservedAttribute]) VALUES (10081143, 10081007, 10082063, NULL, NULL, 'sflOVCC_AnimalClinicalSigns', NULL, NULL, NULL, NULL, NULL, NEWID(), 0, 10004003, 0, NULL, NULL, NULL, NULL, 0, NULL);
INSERT INTO [dbo].[tasSearchField] ([idfsSearchField], [idfsSearchFieldType], [idfsSearchObject], [idfsReferenceType], [idfsGISReferenceType], [strSearchFieldAlias], [strLookupTable], [intMapDisplayOrder], [intIncidenceDisplayOrder], [blnGeoLocationString], [strCalculatedFieldText], [rowguid], [intRowStatus], [idfsDefaultAggregateFunction], [blnShortAddressString], [strLookupFunction], [strLookupFunctionIdField], [strLookupFunctionNameField], [strLookupAttribute], [blnAllowMissedReferenceValues], [strReservedAttribute]) VALUES (10081144, 10081007, 10082063, NULL, NULL, 'sflVCVaccinationName', NULL, NULL, NULL, NULL, NULL, NEWID(), 0, 10004003, 0, NULL, NULL, NULL, NULL, 0, NULL);
INSERT INTO [dbo].[tasSearchField] ([idfsSearchField], [idfsSearchFieldType], [idfsSearchObject], [idfsReferenceType], [idfsGISReferenceType], [strSearchFieldAlias], [strLookupTable], [intMapDisplayOrder], [intIncidenceDisplayOrder], [blnGeoLocationString], [strCalculatedFieldText], [rowguid], [intRowStatus], [idfsDefaultAggregateFunction], [blnShortAddressString], [strLookupFunction], [strLookupFunctionIdField], [strLookupFunctionNameField], [strLookupAttribute], [blnAllowMissedReferenceValues], [strReservedAttribute]) VALUES (10081145, 10081007, 10082063, NULL, NULL, 'sflVCVaccination_Date', NULL, NULL, NULL, NULL, NULL, NEWID(), 0, 10004003, 0, NULL, NULL, NULL, NULL, 1, NULL);
INSERT INTO [dbo].[tasSearchField] ([idfsSearchField], [idfsSearchFieldType], [idfsSearchObject], [idfsReferenceType], [idfsGISReferenceType], [strSearchFieldAlias], [strLookupTable], [intMapDisplayOrder], [intIncidenceDisplayOrder], [blnGeoLocationString], [strCalculatedFieldText], [rowguid], [intRowStatus], [idfsDefaultAggregateFunction], [blnShortAddressString], [strLookupFunction], [strLookupFunctionIdField], [strLookupFunctionNameField], [strLookupAttribute], [blnAllowMissedReferenceValues], [strReservedAttribute]) VALUES (10081146, 10081007, 10082063, NULL, NULL, 'sflVCVaccination_VaccinatedNumber', NULL, NULL, NULL, NULL, NULL, NEWID(), 0, 10004001, 0, NULL, NULL, NULL, NULL, 0, NULL);
INSERT INTO [dbo].[tasSearchField] ([idfsSearchField], [idfsSearchFieldType], [idfsSearchObject], [idfsReferenceType], [idfsGISReferenceType], [strSearchFieldAlias], [strLookupTable], [intMapDisplayOrder], [intIncidenceDisplayOrder], [blnGeoLocationString], [strCalculatedFieldText], [rowguid], [intRowStatus], [idfsDefaultAggregateFunction], [blnShortAddressString], [strLookupFunction], [strLookupFunctionIdField], [strLookupFunctionNameField], [strLookupAttribute], [blnAllowMissedReferenceValues], [strReservedAttribute]) VALUES (10081147, 10081007, 10082063, 19000099, NULL, 'sflVCVaccination_Type', 'rftVaccinationType', NULL, NULL, NULL, NULL, NEWID(), 0, 10004003, 0, NULL, NULL, NULL, 'name', 1, NULL);
INSERT INTO [dbo].[tasSearchField] ([idfsSearchField], [idfsSearchFieldType], [idfsSearchObject], [idfsReferenceType], [idfsGISReferenceType], [strSearchFieldAlias], [strLookupTable], [intMapDisplayOrder], [intIncidenceDisplayOrder], [blnGeoLocationString], [strCalculatedFieldText], [rowguid], [intRowStatus], [idfsDefaultAggregateFunction], [blnShortAddressString], [strLookupFunction], [strLookupFunctionIdField], [strLookupFunctionNameField], [strLookupAttribute], [blnAllowMissedReferenceValues], [strReservedAttribute]) VALUES (10081148, 10081007, 10082063, 19000098, NULL, 'sflVCVaccination_Route', 'rftVaccinationRoute', NULL, NULL, NULL, NULL, NEWID(), 0, 10004003, 0, NULL, NULL, NULL, 'name', 1, NULL);
INSERT INTO [dbo].[tasSearchField] ([idfsSearchField], [idfsSearchFieldType], [idfsSearchObject], [idfsReferenceType], [idfsGISReferenceType], [strSearchFieldAlias], [strLookupTable], [intMapDisplayOrder], [intIncidenceDisplayOrder], [blnGeoLocationString], [strCalculatedFieldText], [rowguid], [intRowStatus], [idfsDefaultAggregateFunction], [blnShortAddressString], [strLookupFunction], [strLookupFunctionIdField], [strLookupFunctionNameField], [strLookupAttribute], [blnAllowMissedReferenceValues], [strReservedAttribute]) VALUES (10081149, 10081007, 10082063, NULL, NULL, 'sflVCVaccination_LotNumber', NULL, NULL, NULL, NULL, NULL, NEWID(), 0, 10004003, 0, NULL, NULL, NULL, NULL, 0, NULL);
INSERT INTO [dbo].[tasSearchField] ([idfsSearchField], [idfsSearchFieldType], [idfsSearchObject], [idfsReferenceType], [idfsGISReferenceType], [strSearchFieldAlias], [strLookupTable], [intMapDisplayOrder], [intIncidenceDisplayOrder], [blnGeoLocationString], [strCalculatedFieldText], [rowguid], [intRowStatus], [idfsDefaultAggregateFunction], [blnShortAddressString], [strLookupFunction], [strLookupFunctionIdField], [strLookupFunctionNameField], [strLookupAttribute], [blnAllowMissedReferenceValues], [strReservedAttribute]) VALUES (10081150, 10081007, 10082063, NULL, NULL, 'sflVCVaccination_Manufacturer', NULL, NULL, NULL, NULL, NULL, NEWID(), 0, 10004003, 0, NULL, NULL, NULL, NULL, 0, NULL);


-- Add 'Outbreak Veterinary Case Contacts' - object
ALTER TABLE dbo.trtBaseReference DISABLE TRIGGER ALL
INSERT INTO [dbo].[trtBaseReference] ([idfsBaseReference], [idfsReferenceType], [strBaseReferenceCode], [strDefault], [intHACode], [intOrder], [blnSystem], [intRowStatus], [rowguid], [strMaintenanceFlag], [strReservedAttribute])
VALUES (10082064, 19000082, NULL, 'Outbreak Veterinary Case Contacts', 32, 0, 1, 0, NEWID(), NULL, NULL)
GO

INSERT INTO [dbo].[tasSearchObject] ([idfsSearchObject], [idfsFormType], [blnPrimary], [rowguid], [intRowStatus], [blnShowReportType], [strReservedAttribute])
VALUES (10082064, NULL, 0, NEWID(), 0, 0, NULL)
GO

INSERT INTO [dbo].[trtStringNameTranslation] ([idfsBaseReference], [idfsLanguage], [strTextString], [intRowStatus], [rowguid], [strMaintenanceFlag], [strReservedAttribute])
VALUES(10082064, 10049003,N'Outbreak Vet Case Contacts', 0, NEWID(), NULL, NULL)
INSERT INTO [dbo].[trtStringNameTranslation] ([idfsBaseReference], [idfsLanguage], [strTextString], [intRowStatus], [rowguid], [strMaintenanceFlag], [strReservedAttribute])
VALUES(10082064, 10049004,N'აფეთქების ვეტერინარული დაავადების შემთხვევის კონტაქტები', 0, NEWID(), NULL, NULL)
INSERT INTO [dbo].[trtStringNameTranslation] ([idfsBaseReference], [idfsLanguage], [strTextString], [intRowStatus], [rowguid], [strMaintenanceFlag], [strReservedAttribute])
VALUES(10082064, 10049001,N'Alovlanma Baytarlıq xəstəliyi hadisəsi Təmaslar', 0, NEWID(), NULL, NULL)
INSERT INTO [dbo].[trtStringNameTranslation] ([idfsBaseReference], [idfsLanguage], [strTextString], [intRowStatus], [rowguid], [strMaintenanceFlag], [strReservedAttribute])
VALUES(10082064, 10049011,N'جهات الإتصال لحالة تفشي الأمراض البيطرية', 0, NEWID(), NULL, NULL)
GO
ALTER TABLE dbo.trtBaseReference ENABLE TRIGGER ALL

-- Add relations - 'Outbreak Veterinary Case Contacts' child of 'Outbreak Veterinary Case', used idfsParentSearchObject 10082016 as an example. 
INSERT INTO [dbo].[tasSearchObjectToSearchObject] ([idfsRelatedSearchObject], [idfsParentSearchObject], [rowguid], [strSubQueryJoinCondition], [blnUseForSubQuery], [strReservedAttribute])
VALUES(10082064, 10082061, NEWID(), 'v_{6}.[PKField] = v.[PKField] and v_{6}.[PKField_4582900000000] = v.[PKField_4582900000000] and v_{6}.[PKField_4582670000000] is not null', 0, NULL) -- TODO: verify value of [strSubQueryJoinCondition] with Mandar.
GO
ALTER TABLE dbo.trtBaseReference ENABLE TRIGGER ALL

-- Outbreak Veterinary Case Contacts - fields
INSERT INTO [dbo].[trtBaseReference] ([idfsBaseReference], [idfsReferenceType], [strBaseReferenceCode], [strDefault], [intHACode], [intOrder], [blnSystem], [intRowStatus], [rowguid], [strMaintenanceFlag], [strReservedAttribute]) VALUES (10081151, 19000080, 'rftContact_Type', N'Outbreak Veterinary Case Contacts – Contact Type', 226, 0, NULL, 0, NEWID(), 0, NULL); -- TODO: check with Anatoly for values, on editor is 19000014 rftContact_Type, using 10080037
INSERT INTO [dbo].[trtBaseReference] ([idfsBaseReference], [idfsReferenceType], [strBaseReferenceCode], [strDefault], [intHACode], [intOrder], [blnSystem], [intRowStatus], [rowguid], [strMaintenanceFlag], [strReservedAttribute]) VALUES (10081152, 19000080, 'sflOSC_PersonID', N'Outbreak Veterinary Case Contacts – Person ID', 32, 1, NULL, 0, NEWID(), 0, NULL); -- using 10080962 as an example
INSERT INTO [dbo].[trtBaseReference] ([idfsBaseReference], [idfsReferenceType], [strBaseReferenceCode], [strDefault], [intHACode], [intOrder], [blnSystem], [intRowStatus], [rowguid], [strMaintenanceFlag], [strReservedAttribute]) VALUES (10081153, 19000080, 'sflVCFarmID', N'Outbreak Veterinary Case Contacts – Farm ID', 226, 2, NULL, 0, NEWID(), 0, NULL); -- using 10080155 as an example
INSERT INTO [dbo].[trtBaseReference] ([idfsBaseReference], [idfsReferenceType], [strBaseReferenceCode], [strDefault], [intHACode], [intOrder], [blnSystem], [intRowStatus], [rowguid], [strMaintenanceFlag], [strReservedAttribute]) VALUES (10081154, 19000080, 'rtfOutbreakContactStatus', N'Outbreak Veterinary Case Contacts – Contact Status', 32, 3, NULL, 0, NEWID(), 0, NULL); -- TODO: checked with Anatoly for values, on editor is 19000517 rtfOutbreakContactStatus see Outbreak Human Case Contacts.docx
INSERT INTO [dbo].[trtBaseReference] ([idfsBaseReference], [idfsReferenceType], [strBaseReferenceCode], [strDefault], [intHACode], [intOrder], [blnSystem], [intRowStatus], [rowguid], [strMaintenanceFlag], [strReservedAttribute]) VALUES (10081155, 19000080, 'sflHCCPartyRelationType', N'Outbreak Veterinary Case Contacts – Relation', 226, 4, NULL, 0, NEWID(), NULL, NULL); -- using 10080037 as an example
INSERT INTO [dbo].[trtBaseReference] ([idfsBaseReference], [idfsReferenceType], [strBaseReferenceCode], [strDefault], [intHACode], [intOrder], [blnSystem], [intRowStatus], [rowguid], [strMaintenanceFlag], [strReservedAttribute]) VALUES (10081156, 19000080, 'sflHCCdatBegin', N'Outbreak Veterinary Case Contacts – Date of Last Contact', 226, 5, 1, 0, NEWID(), NULL, NULL); -- using 10080034 as an example
INSERT INTO [dbo].[trtBaseReference] ([idfsBaseReference], [idfsReferenceType], [strBaseReferenceCode], [strDefault], [intHACode], [intOrder], [blnSystem], [intRowStatus], [rowguid], [strMaintenanceFlag], [strReservedAttribute]) VALUES (10081157, 19000080, 'sflHCCstrPlaceInfo', N'Outbreak Veterinary Case Contacts – Place of Last Contact', 226, 6, 1, 0, NEWID(), NULL, NULL); -- using 10080038 as an example
INSERT INTO [dbo].[trtBaseReference] ([idfsBaseReference], [idfsReferenceType], [strBaseReferenceCode], [strDefault], [intHACode], [intOrder], [blnSystem], [intRowStatus], [rowguid], [strMaintenanceFlag], [strReservedAttribute]) VALUES (10081158, 19000080, 'sflHCLocationRegion', 'Outbreak Veterinary Case Contacts – Region', 226, 7, 1, 0, NEWID(), NULL, NULL);  -- using 10080070 as an example
INSERT INTO [dbo].[trtBaseReference] ([idfsBaseReference], [idfsReferenceType], [strBaseReferenceCode], [strDefault], [intHACode], [intOrder], [blnSystem], [intRowStatus], [rowguid], [strMaintenanceFlag], [strReservedAttribute]) VALUES (10081159, 19000080, 'sflHCLocationRayon', 'Outbreak Veterinary Case Contacts – Rayon', 226, 8, 1, 0, NEWID(), NULL, NULL);  -- using 10080068 as an example
INSERT INTO [dbo].[trtBaseReference] ([idfsBaseReference], [idfsReferenceType], [strBaseReferenceCode], [strDefault], [intHACode], [intOrder], [blnSystem], [intRowStatus], [rowguid], [strMaintenanceFlag], [strReservedAttribute]) VALUES (10081160, 19000080, 'sflZD_Settlement', 'Outbreak Veterinary Case Contacts – Settlement', 226, 9, 1, 0, NEWID(), NULL, NULL);  -- using 10080463 as an example
INSERT INTO [dbo].[trtBaseReference] ([idfsBaseReference], [idfsReferenceType], [strBaseReferenceCode], [strDefault], [intHACode], [intOrder], [blnSystem], [intRowStatus], [rowguid], [strMaintenanceFlag], [strReservedAttribute]) VALUES (10081161, 19000080, 'sflHCSex', 'Outbreak Veterinary Case Contacts – Gender', 226, 10, NULL, 0, NEWID(), NULL, NULL);  -- using 10080088 as an example
INSERT INTO [dbo].[trtBaseReference] ([idfsBaseReference], [idfsReferenceType], [strBaseReferenceCode], [strDefault], [intHACode], [intOrder], [blnSystem], [intRowStatus], [rowguid], [strMaintenanceFlag], [strReservedAttribute]) VALUES (10081162, 19000080, 'sflHCDateOfBirth', 'Outbreak Veterinary Case Contacts – Date of Birth', 226, 11, 1, 0, NEWID(), NULL, NULL);  -- using 10080042 as an example
INSERT INTO [dbo].[trtBaseReference] ([idfsBaseReference], [idfsReferenceType], [strBaseReferenceCode], [strDefault], [intHACode], [intOrder], [blnSystem], [intRowStatus], [rowguid], [strMaintenanceFlag], [strReservedAttribute]) VALUES (10081163, 19000080, 'sflHCAge', 'Outbreak Veterinary Case Contacts – Age', 226, 12, 1, 0, NEWID(), NULL, NULL);  -- using 10080474 as an example

INSERT INTO [dbo].[trtStringNameTranslation] ([idfsBaseReference], [idfsLanguage], [strTextString], [intRowStatus], [rowguid], [strMaintenanceFlag], [strReservedAttribute]) VALUES (10081151, 10049003, N'Outbreak Veterinary Case Contacts – Contact Type', 0, NEWID(), NULL, NULL);
INSERT INTO [dbo].[trtStringNameTranslation] ([idfsBaseReference], [idfsLanguage], [strTextString], [intRowStatus], [rowguid], [strMaintenanceFlag], [strReservedAttribute]) VALUES (10081151, 10049004, N'აფეთქების ვეტერინარული შემთხვევის კონტაქტები - კონტაქტის ტიპი', 0, NEWID(), NULL, NULL);
INSERT INTO [dbo].[trtStringNameTranslation] ([idfsBaseReference], [idfsLanguage], [strTextString], [intRowStatus], [rowguid], [strMaintenanceFlag], [strReservedAttribute]) VALUES (10081151, 10049001, N'Alovlanma Baytarlıq Xəstəliyi Hadisəsi Təmaslar - Təmas növü', 0, NEWID(), NULL, NULL);
INSERT INTO [dbo].[trtStringNameTranslation] ([idfsBaseReference], [idfsLanguage], [strTextString], [intRowStatus], [rowguid], [strMaintenanceFlag], [strReservedAttribute]) VALUES (10081151, 10049011, N'جهات اتصال لحالات تفشي الامراض البيطرية -  نوع الاتصال ', 0, NEWID(), NULL, NULL);

INSERT INTO [dbo].[trtStringNameTranslation] ([idfsBaseReference], [idfsLanguage], [strTextString], [intRowStatus], [rowguid], [strMaintenanceFlag], [strReservedAttribute]) VALUES (10081152, 10049003, N'Outbreak Veterinary Case Contacts – Person ID', 0, NEWID(), NULL, NULL);
INSERT INTO [dbo].[trtStringNameTranslation] ([idfsBaseReference], [idfsLanguage], [strTextString], [intRowStatus], [rowguid], [strMaintenanceFlag], [strReservedAttribute]) VALUES (10081152, 10049004, N'აფეთქების ვეტერინარული შემთხვევის კონტაქტები - პირის ID', 0, NEWID(), NULL, NULL);
INSERT INTO [dbo].[trtStringNameTranslation] ([idfsBaseReference], [idfsLanguage], [strTextString], [intRowStatus], [rowguid], [strMaintenanceFlag], [strReservedAttribute]) VALUES (10081152, 10049001, N'Alovlanma Baytarlıq Xəstəliyi Hadisəsi Təmaslar - Şəxsin Q/N-si', 0, NEWID(), NULL, NULL);
INSERT INTO [dbo].[trtStringNameTranslation] ([idfsBaseReference], [idfsLanguage], [strTextString], [intRowStatus], [rowguid], [strMaintenanceFlag], [strReservedAttribute]) VALUES (10081152, 10049011, N'جهات اتصال لحالات تفشي الامراض البيطرية -  معرّف الفرد ', 0, NEWID(), NULL, NULL);

INSERT INTO [dbo].[trtStringNameTranslation] ([idfsBaseReference], [idfsLanguage], [strTextString], [intRowStatus], [rowguid], [strMaintenanceFlag], [strReservedAttribute]) VALUES (10081153, 10049003, N'Outbreak Veterinary Case Contacts – Farm ID', 0, NEWID(), NULL, NULL);
INSERT INTO [dbo].[trtStringNameTranslation] ([idfsBaseReference], [idfsLanguage], [strTextString], [intRowStatus], [rowguid], [strMaintenanceFlag], [strReservedAttribute]) VALUES (10081153, 10049004, N'აფეთქების ვეტერინარული შემთხვევის კონტაქტები - ფერმის  ID ', 0, NEWID(), NULL, NULL);
INSERT INTO [dbo].[trtStringNameTranslation] ([idfsBaseReference], [idfsLanguage], [strTextString], [intRowStatus], [rowguid], [strMaintenanceFlag], [strReservedAttribute]) VALUES (10081153, 10049001, N'Alovlanma Baytarlıq Xəstəliyi Hadisəsi Təmaslar - Fermanın Q/N-si', 0, NEWID(), NULL, NULL);
INSERT INTO [dbo].[trtStringNameTranslation] ([idfsBaseReference], [idfsLanguage], [strTextString], [intRowStatus], [rowguid], [strMaintenanceFlag], [strReservedAttribute]) VALUES (10081153, 10049011, N'جهات اتصال لحالات تفشي الامراض البيطرية - معرّف المزرعة ', 0, NEWID(), NULL, NULL);

INSERT INTO [dbo].[trtStringNameTranslation] ([idfsBaseReference], [idfsLanguage], [strTextString], [intRowStatus], [rowguid], [strMaintenanceFlag], [strReservedAttribute]) VALUES (10081154, 10049003, N'Outbreak Veterinary Case Contacts – Contact Status', 0, NEWID(), NULL, NULL);
INSERT INTO [dbo].[trtStringNameTranslation] ([idfsBaseReference], [idfsLanguage], [strTextString], [intRowStatus], [rowguid], [strMaintenanceFlag], [strReservedAttribute]) VALUES (10081154, 10049004, N'აფეთქების ვეტერინარული შემთხვევის კონტაქტები - კონტაქტის სტატუსი', 0, NEWID(), NULL, NULL);
INSERT INTO [dbo].[trtStringNameTranslation] ([idfsBaseReference], [idfsLanguage], [strTextString], [intRowStatus], [rowguid], [strMaintenanceFlag], [strReservedAttribute]) VALUES (10081154, 10049001, N'Alovlanma Baytarlıq Xəstəliyi Hadisəsi Təmaslar - Təmasda olanın statusu', 0, NEWID(), NULL, NULL);
INSERT INTO [dbo].[trtStringNameTranslation] ([idfsBaseReference], [idfsLanguage], [strTextString], [intRowStatus], [rowguid], [strMaintenanceFlag], [strReservedAttribute]) VALUES (10081154, 10049011, N'جهات اتصال لحالات تفشي الامراض البيطرية - حالة الشخص الذي نتواصل معه ', 0, NEWID(), NULL, NULL);

INSERT INTO [dbo].[trtStringNameTranslation] ([idfsBaseReference], [idfsLanguage], [strTextString], [intRowStatus], [rowguid], [strMaintenanceFlag], [strReservedAttribute]) VALUES (10081155, 10049003, N'Outbreak Veterinary Case Contacts – Relation', 0, NEWID(), NULL, NULL);
INSERT INTO [dbo].[trtStringNameTranslation] ([idfsBaseReference], [idfsLanguage], [strTextString], [intRowStatus], [rowguid], [strMaintenanceFlag], [strReservedAttribute]) VALUES (10081155, 10049004, N'აფეთქების ვეტერინარული შემთხვევის კონტაქტები - კავშირი', 0, NEWID(), NULL, NULL);
INSERT INTO [dbo].[trtStringNameTranslation] ([idfsBaseReference], [idfsLanguage], [strTextString], [intRowStatus], [rowguid], [strMaintenanceFlag], [strReservedAttribute]) VALUES (10081155, 10049001, N'Alovlanma Baytarlıq Xəstəliyi Hadisəsi Təmaslar - Əlaqəsi', 0, NEWID(), NULL, NULL);
INSERT INTO [dbo].[trtStringNameTranslation] ([idfsBaseReference], [idfsLanguage], [strTextString], [intRowStatus], [rowguid], [strMaintenanceFlag], [strReservedAttribute]) VALUES (10081155, 10049011, N'جهات اتصال لحالات تفشي الامراض البيطرية - العلاقة', 0, NEWID(), NULL, NULL);

INSERT INTO [dbo].[trtStringNameTranslation] ([idfsBaseReference], [idfsLanguage], [strTextString], [intRowStatus], [rowguid], [strMaintenanceFlag], [strReservedAttribute]) VALUES (10081156, 10049003, N'Outbreak Veterinary Case Contacts – Date of Last Contact', 0, NEWID(), NULL, NULL);
INSERT INTO [dbo].[trtStringNameTranslation] ([idfsBaseReference], [idfsLanguage], [strTextString], [intRowStatus], [rowguid], [strMaintenanceFlag], [strReservedAttribute]) VALUES (10081156, 10049004, N'აფეთქების ვეტერინარული შემთხვევის კონტაქტები - ბოლო კონტაქტის თარიღი', 0, NEWID(), NULL, NULL);
INSERT INTO [dbo].[trtStringNameTranslation] ([idfsBaseReference], [idfsLanguage], [strTextString], [intRowStatus], [rowguid], [strMaintenanceFlag], [strReservedAttribute]) VALUES (10081156, 10049001, N'Alovlanma Baytarlıq Xəstəliyi Hadisəsi Təmaslar - Son təmas tarixi', 0, NEWID(), NULL, NULL);
INSERT INTO [dbo].[trtStringNameTranslation] ([idfsBaseReference], [idfsLanguage], [strTextString], [intRowStatus], [rowguid], [strMaintenanceFlag], [strReservedAttribute]) VALUES (10081156, 10049011, N'جهات اتصال لحالات تفشي الامراض البيطرية -  تاريخ آخر اتصال ', 0, NEWID(), NULL, NULL);

INSERT INTO [dbo].[trtStringNameTranslation] ([idfsBaseReference], [idfsLanguage], [strTextString], [intRowStatus], [rowguid], [strMaintenanceFlag], [strReservedAttribute]) VALUES (10081157, 10049003, N'Outbreak Veterinary Case Contacts – Place of Last Contact', 0, NEWID(), NULL, NULL);
INSERT INTO [dbo].[trtStringNameTranslation] ([idfsBaseReference], [idfsLanguage], [strTextString], [intRowStatus], [rowguid], [strMaintenanceFlag], [strReservedAttribute]) VALUES (10081157, 10049004, N'აფეთქების ვეტერინარული შემთხვევის კონტაქტები - ბოლო კონტაქტის ადგილი', 0, NEWID(), NULL, NULL);
INSERT INTO [dbo].[trtStringNameTranslation] ([idfsBaseReference], [idfsLanguage], [strTextString], [intRowStatus], [rowguid], [strMaintenanceFlag], [strReservedAttribute]) VALUES (10081157, 10049001, N'Alovlanma Baytarlıq Xəstəliyi Hadisəsi Təmaslar - Son təmas yeri', 0, NEWID(), NULL, NULL);
INSERT INTO [dbo].[trtStringNameTranslation] ([idfsBaseReference], [idfsLanguage], [strTextString], [intRowStatus], [rowguid], [strMaintenanceFlag], [strReservedAttribute]) VALUES (10081157, 10049011, N'جهات اتصال لحالات تفشي الامراض البيطرية - مكان آخر اتصال ', 0, NEWID(), NULL, NULL);

INSERT INTO [dbo].[trtStringNameTranslation] ([idfsBaseReference], [idfsLanguage], [strTextString], [intRowStatus], [rowguid], [strMaintenanceFlag], [strReservedAttribute]) VALUES (10081158, 10049003, N'Outbreak Veterinary Case Contacts – Region', 0, NEWID(), NULL, NULL);
INSERT INTO [dbo].[trtStringNameTranslation] ([idfsBaseReference], [idfsLanguage], [strTextString], [intRowStatus], [rowguid], [strMaintenanceFlag], [strReservedAttribute]) VALUES (10081158, 10049004, N'აფეთქების ვეტერინარული შემთხვევის კონტაქტები - რეგიონი', 0, NEWID(), NULL, NULL);
INSERT INTO [dbo].[trtStringNameTranslation] ([idfsBaseReference], [idfsLanguage], [strTextString], [intRowStatus], [rowguid], [strMaintenanceFlag], [strReservedAttribute]) VALUES (10081158, 10049001, N'Alovlanma Baytarlıq Xəstəliyi Hadisəsi Təmaslar - Region', 0, NEWID(), NULL, NULL);
INSERT INTO [dbo].[trtStringNameTranslation] ([idfsBaseReference], [idfsLanguage], [strTextString], [intRowStatus], [rowguid], [strMaintenanceFlag], [strReservedAttribute]) VALUES (10081158, 10049011, N'جهات اتصال لحالات تفشي الامراض البيطرية - المنطقة ', 0, NEWID(), NULL, NULL);

INSERT INTO [dbo].[trtStringNameTranslation] ([idfsBaseReference], [idfsLanguage], [strTextString], [intRowStatus], [rowguid], [strMaintenanceFlag], [strReservedAttribute]) VALUES (10081159, 10049003, N'Outbreak Veterinary Case Contacts – Rayon', 0, NEWID(), NULL, NULL);
INSERT INTO [dbo].[trtStringNameTranslation] ([idfsBaseReference], [idfsLanguage], [strTextString], [intRowStatus], [rowguid], [strMaintenanceFlag], [strReservedAttribute]) VALUES (10081159, 10049004, N'აფეთქების ვეტერინარული შემთხვევის კონტაქტები - რაიონი', 0, NEWID(), NULL, NULL);
INSERT INTO [dbo].[trtStringNameTranslation] ([idfsBaseReference], [idfsLanguage], [strTextString], [intRowStatus], [rowguid], [strMaintenanceFlag], [strReservedAttribute]) VALUES (10081159, 10049001, N'Alovlanma Baytarlıq Xəstəliyi Hadisəsi Təmaslar - Rayon', 0, NEWID(), NULL, NULL);
INSERT INTO [dbo].[trtStringNameTranslation] ([idfsBaseReference], [idfsLanguage], [strTextString], [intRowStatus], [rowguid], [strMaintenanceFlag], [strReservedAttribute]) VALUES (10081159, 10049011, N'جهات اتصال لحالات تفشي الامراض البيطرية - رايون ', 0, NEWID(), NULL, NULL);

INSERT INTO [dbo].[trtStringNameTranslation] ([idfsBaseReference], [idfsLanguage], [strTextString], [intRowStatus], [rowguid], [strMaintenanceFlag], [strReservedAttribute]) VALUES (10081160, 10049003, N'Outbreak Veterinary Case Contacts – Settlement', 0, NEWID(), NULL, NULL);
INSERT INTO [dbo].[trtStringNameTranslation] ([idfsBaseReference], [idfsLanguage], [strTextString], [intRowStatus], [rowguid], [strMaintenanceFlag], [strReservedAttribute]) VALUES (10081160, 10049004, N'აფეთქების ვეტერინარული შემთხვევის კონტაქტები - დასახლება', 0, NEWID(), NULL, NULL);
INSERT INTO [dbo].[trtStringNameTranslation] ([idfsBaseReference], [idfsLanguage], [strTextString], [intRowStatus], [rowguid], [strMaintenanceFlag], [strReservedAttribute]) VALUES (10081160, 10049001, N'Alovlanma Baytarlıq Xəstəliyi Hadisəsi Təmaslar - Yaşayış məntəqəsi', 0, NEWID(), NULL, NULL);
INSERT INTO [dbo].[trtStringNameTranslation] ([idfsBaseReference], [idfsLanguage], [strTextString], [intRowStatus], [rowguid], [strMaintenanceFlag], [strReservedAttribute]) VALUES (10081160, 10049011, N'جهات اتصال لحالات تفشي الامراض البيطرية - الاقامة', 0, NEWID(), NULL, NULL);

INSERT INTO [dbo].[trtStringNameTranslation] ([idfsBaseReference], [idfsLanguage], [strTextString], [intRowStatus], [rowguid], [strMaintenanceFlag], [strReservedAttribute]) VALUES (10081161, 10049003, N'Outbreak Veterinary Case Contacts – Gender', 0, NEWID(), NULL, NULL);
INSERT INTO [dbo].[trtStringNameTranslation] ([idfsBaseReference], [idfsLanguage], [strTextString], [intRowStatus], [rowguid], [strMaintenanceFlag], [strReservedAttribute]) VALUES (10081161, 10049004, N'აფეთქების ვეტერინარული შემთხვევის კონტაქტები - სქესი', 0, NEWID(), NULL, NULL);
INSERT INTO [dbo].[trtStringNameTranslation] ([idfsBaseReference], [idfsLanguage], [strTextString], [intRowStatus], [rowguid], [strMaintenanceFlag], [strReservedAttribute]) VALUES (10081161, 10049001, N'Alovlanma Baytarlıq Xəstəliyi Hadisəsi Təmaslar - Cinsi', 0, NEWID(), NULL, NULL);
INSERT INTO [dbo].[trtStringNameTranslation] ([idfsBaseReference], [idfsLanguage], [strTextString], [intRowStatus], [rowguid], [strMaintenanceFlag], [strReservedAttribute]) VALUES (10081161, 10049011, N'جهات اتصال لحالات تفشي الامراض البيطرية - الجنس ', 0, NEWID(), NULL, NULL);

INSERT INTO [dbo].[trtStringNameTranslation] ([idfsBaseReference], [idfsLanguage], [strTextString], [intRowStatus], [rowguid], [strMaintenanceFlag], [strReservedAttribute]) VALUES (10081162, 10049003, N'Outbreak Veterinary Case Contacts – Date of Birth', 0, NEWID(), NULL, NULL);
INSERT INTO [dbo].[trtStringNameTranslation] ([idfsBaseReference], [idfsLanguage], [strTextString], [intRowStatus], [rowguid], [strMaintenanceFlag], [strReservedAttribute]) VALUES (10081162, 10049004, N'აფეთქების ვეტერინარული შემთხვევის კონტაქტები - დაბადების თარიღი', 0, NEWID(), NULL, NULL);
INSERT INTO [dbo].[trtStringNameTranslation] ([idfsBaseReference], [idfsLanguage], [strTextString], [intRowStatus], [rowguid], [strMaintenanceFlag], [strReservedAttribute]) VALUES (10081162, 10049001, N'Alovlanma Baytarlıq Xəstəliyi Hadisəsi Təmaslar - Doğum tarixi', 0, NEWID(), NULL, NULL);
INSERT INTO [dbo].[trtStringNameTranslation] ([idfsBaseReference], [idfsLanguage], [strTextString], [intRowStatus], [rowguid], [strMaintenanceFlag], [strReservedAttribute]) VALUES (10081162, 10049011, N'جهات اتصال لحالات تفشي الامراض البيطرية - تاريخ الاولادة ', 0, NEWID(), NULL, NULL);

INSERT INTO [dbo].[trtStringNameTranslation] ([idfsBaseReference], [idfsLanguage], [strTextString], [intRowStatus], [rowguid], [strMaintenanceFlag], [strReservedAttribute]) VALUES (10081163, 10049003, N'Outbreak Veterinary Case Contacts – Age', 0, NEWID(), NULL, NULL);
INSERT INTO [dbo].[trtStringNameTranslation] ([idfsBaseReference], [idfsLanguage], [strTextString], [intRowStatus], [rowguid], [strMaintenanceFlag], [strReservedAttribute]) VALUES (10081163, 10049004, N'აფეთქების ვეტერინარული შემთხვევის კონტაქტები - ასაკი', 0, NEWID(), NULL, NULL);
INSERT INTO [dbo].[trtStringNameTranslation] ([idfsBaseReference], [idfsLanguage], [strTextString], [intRowStatus], [rowguid], [strMaintenanceFlag], [strReservedAttribute]) VALUES (10081163, 10049001, N'Alovlanma Baytarlıq Xəstəliyi Hadisəsi Təmaslar - Yaşı', 0, NEWID(), NULL, NULL);
INSERT INTO [dbo].[trtStringNameTranslation] ([idfsBaseReference], [idfsLanguage], [strTextString], [intRowStatus], [rowguid], [strMaintenanceFlag], [strReservedAttribute]) VALUES (10081163, 10049011, N'جهات اتصال لحالات تفشي الامراض البيطرية - العمر ', 0, NEWID(), NULL, NULL);

INSERT INTO [dbo].[tasSearchField] ([idfsSearchField], [idfsSearchFieldType], [idfsSearchObject], [idfsReferenceType], [idfsGISReferenceType], [strSearchFieldAlias], [strLookupTable], [intMapDisplayOrder], [intIncidenceDisplayOrder], [blnGeoLocationString], [strCalculatedFieldText], [rowguid], [intRowStatus], [idfsDefaultAggregateFunction], [blnShortAddressString], [strLookupFunction], [strLookupFunctionIdField], [strLookupFunctionNameField], [strLookupAttribute], [blnAllowMissedReferenceValues], [strReservedAttribute]) VALUES (10081151, 10081007, 10082064, 19000014, NULL, 'sflHCContact_Relation', 'rftContact_Type', NULL, NULL, NULL, NULL, NEWID(), 0, 10004003, 0, NULL, NULL, NULL, 'name', 1, NULL);
INSERT INTO [dbo].[tasSearchField] ([idfsSearchField], [idfsSearchFieldType], [idfsSearchObject], [idfsReferenceType], [idfsGISReferenceType], [strSearchFieldAlias], [strLookupTable], [intMapDisplayOrder], [intIncidenceDisplayOrder], [blnGeoLocationString], [strCalculatedFieldText], [rowguid], [intRowStatus], [idfsDefaultAggregateFunction], [blnShortAddressString], [strLookupFunction], [strLookupFunctionIdField], [strLookupFunctionNameField], [strLookupAttribute], [blnAllowMissedReferenceValues], [strReservedAttribute]) VALUES (10081152, 10081007, 10082064, NULL, NULL, 'sflHASST_PersonID', NULL, NULL, NULL, NULL, NULL, NEWID(), 0, 10004003, 0, NULL, NULL, NULL, NULL, 0, NULL);
INSERT INTO [dbo].[tasSearchField] ([idfsSearchField], [idfsSearchFieldType], [idfsSearchObject], [idfsReferenceType], [idfsGISReferenceType], [strSearchFieldAlias], [strLookupTable], [intMapDisplayOrder], [intIncidenceDisplayOrder], [blnGeoLocationString], [strCalculatedFieldText], [rowguid], [intRowStatus], [idfsDefaultAggregateFunction], [blnShortAddressString], [strLookupFunction], [strLookupFunctionIdField], [strLookupFunctionNameField], [strLookupAttribute], [blnAllowMissedReferenceValues], [strReservedAttribute]) VALUES (10081153, 10081007, 10082064, NULL, NULL, 'sflVC_FarmID', NULL, NULL, NULL, NULL, NULL, NEWID(), 0, 10004020, 0, NULL, NULL, NULL, NULL, 0, NULL);
INSERT INTO [dbo].[tasSearchField] ([idfsSearchField], [idfsSearchFieldType], [idfsSearchObject], [idfsReferenceType], [idfsGISReferenceType], [strSearchFieldAlias], [strLookupTable], [intMapDisplayOrder], [intIncidenceDisplayOrder], [blnGeoLocationString], [strCalculatedFieldText], [rowguid], [intRowStatus], [idfsDefaultAggregateFunction], [blnShortAddressString], [strLookupFunction], [strLookupFunctionIdField], [strLookupFunctionNameField], [strLookupAttribute], [blnAllowMissedReferenceValues], [strReservedAttribute]) VALUES (10081154, 10081007, 10082064, 19000014, NULL, 'sflOutbreakContactStatus', 'rtfOutbreakContactStatus', NULL, NULL, NULL, NULL, NEWID(), 0, 10004003, 0, NULL, NULL, NULL, 'name', 1, NULL);
INSERT INTO [dbo].[tasSearchField] ([idfsSearchField], [idfsSearchFieldType], [idfsSearchObject], [idfsReferenceType], [idfsGISReferenceType], [strSearchFieldAlias], [strLookupTable], [intMapDisplayOrder], [intIncidenceDisplayOrder], [blnGeoLocationString], [strCalculatedFieldText], [rowguid], [intRowStatus], [idfsDefaultAggregateFunction], [blnShortAddressString], [strLookupFunction], [strLookupFunctionIdField], [strLookupFunctionNameField], [strLookupAttribute], [blnAllowMissedReferenceValues], [strReservedAttribute]) VALUES (10081155, 10081007, 10082064, 19000014, NULL, 'sflHCContact_RelationType', 'rftContact_Type', NULL, NULL, NULL, NULL, NEWID(), 0, 10004003, 0, NULL, NULL, NULL, 'name', 1, NULL);
INSERT INTO [dbo].[tasSearchField] ([idfsSearchField], [idfsSearchFieldType], [idfsSearchObject], [idfsReferenceType], [idfsGISReferenceType], [strSearchFieldAlias], [strLookupTable], [intMapDisplayOrder], [intIncidenceDisplayOrder], [blnGeoLocationString], [strCalculatedFieldText], [rowguid], [intRowStatus], [idfsDefaultAggregateFunction], [blnShortAddressString], [strLookupFunction], [strLookupFunctionIdField], [strLookupFunctionNameField], [strLookupAttribute], [blnAllowMissedReferenceValues], [strReservedAttribute]) VALUES (10081156, 10081002, 10082064, NULL, NULL, 'sflHCContact_LastContactDate', NULL, NULL, NULL, NULL, NULL, NEWID(), 0, 10004003, 0, NULL, NULL, NULL, NULL, 1, NULL);
INSERT INTO [dbo].[tasSearchField] ([idfsSearchField], [idfsSearchFieldType], [idfsSearchObject], [idfsReferenceType], [idfsGISReferenceType], [strSearchFieldAlias], [strLookupTable], [intMapDisplayOrder], [intIncidenceDisplayOrder], [blnGeoLocationString], [strCalculatedFieldText], [rowguid], [intRowStatus], [idfsDefaultAggregateFunction], [blnShortAddressString], [strLookupFunction], [strLookupFunctionIdField], [strLookupFunctionNameField], [strLookupAttribute], [blnAllowMissedReferenceValues], [strReservedAttribute]) VALUES (10081157, 10081007, 10082064, NULL, NULL, 'sflHCContact_LastContactPlace', NULL, NULL, NULL, NULL, NULL, NEWID(), 0, 10004003, 0, NULL, NULL, NULL, NULL, 0, NULL);
INSERT INTO [dbo].[tasSearchField] ([idfsSearchField], [idfsSearchFieldType], [idfsSearchObject], [idfsReferenceType], [idfsGISReferenceType], [strSearchFieldAlias], [strLookupTable], [intMapDisplayOrder], [intIncidenceDisplayOrder], [blnGeoLocationString], [strCalculatedFieldText], [rowguid], [intRowStatus], [idfsDefaultAggregateFunction], [blnShortAddressString], [strLookupFunction], [strLookupFunctionIdField], [strLookupFunctionNameField], [strLookupAttribute], [blnAllowMissedReferenceValues], [strReservedAttribute]) VALUES (10081158, 10081007, 10082064, NULL, 19000003, 'sflHC_LocationRegion', 'Region', 190, 60, NULL, NULL, NEWID(), 0, 10004003, 0, NULL, NULL, NULL, 'strRegionExtendedName', 1, NULL);
INSERT INTO [dbo].[tasSearchField] ([idfsSearchField], [idfsSearchFieldType], [idfsSearchObject], [idfsReferenceType], [idfsGISReferenceType], [strSearchFieldAlias], [strLookupTable], [intMapDisplayOrder], [intIncidenceDisplayOrder], [blnGeoLocationString], [strCalculatedFieldText], [rowguid], [intRowStatus], [idfsDefaultAggregateFunction], [blnShortAddressString], [strLookupFunction], [strLookupFunctionIdField], [strLookupFunctionNameField], [strLookupAttribute], [blnAllowMissedReferenceValues], [strReservedAttribute]) VALUES (10081159, 10081007, 10082064, NULL, 19000002, 'sflHC_LocationRayon', 'Rayon', 130, 20, NULL, NULL, NEWID(), 0, 10004003, 0, NULL, NULL, NULL, 'strRayonExtendedName', 1, NULL);
INSERT INTO [dbo].[tasSearchField] ([idfsSearchField], [idfsSearchFieldType], [idfsSearchObject], [idfsReferenceType], [idfsGISReferenceType], [strSearchFieldAlias], [strLookupTable], [intMapDisplayOrder], [intIncidenceDisplayOrder], [blnGeoLocationString], [strCalculatedFieldText], [rowguid], [intRowStatus], [idfsDefaultAggregateFunction], [blnShortAddressString], [strLookupFunction], [strLookupFunctionIdField], [strLookupFunctionNameField], [strLookupAttribute], [blnAllowMissedReferenceValues], [strReservedAttribute]) VALUES (10081160, 10081007, 10082064, NULL, 19000004, 'sflZD_Settlement', 'Settlement', 200, NULL, 0, NULL, NEWID(), 0, 10004003, 0, NULL, NULL, NULL, 'strSettlementExtendedName', 1, NULL);
INSERT INTO [dbo].[tasSearchField] ([idfsSearchField], [idfsSearchFieldType], [idfsSearchObject], [idfsReferenceType], [idfsGISReferenceType], [strSearchFieldAlias], [strLookupTable], [intMapDisplayOrder], [intIncidenceDisplayOrder], [blnGeoLocationString], [strCalculatedFieldText], [rowguid], [intRowStatus], [idfsDefaultAggregateFunction], [blnShortAddressString], [strLookupFunction], [strLookupFunctionIdField], [strLookupFunctionNameField], [strLookupAttribute], [blnAllowMissedReferenceValues], [strReservedAttribute]) VALUES (10081161, 10081007, 10082064, 19000043, NULL, 'sflHC_PatientSex', 'rftHumanGender', NULL, NULL, NULL, NULL, NEWID(), 0, 10004003, 0, NULL, NULL, NULL, 'name', 1, NULL);
INSERT INTO [dbo].[tasSearchField] ([idfsSearchField], [idfsSearchFieldType], [idfsSearchObject], [idfsReferenceType], [idfsGISReferenceType], [strSearchFieldAlias], [strLookupTable], [intMapDisplayOrder], [intIncidenceDisplayOrder], [blnGeoLocationString], [strCalculatedFieldText], [rowguid], [intRowStatus], [idfsDefaultAggregateFunction], [blnShortAddressString], [strLookupFunction], [strLookupFunctionIdField], [strLookupFunctionNameField], [strLookupAttribute], [blnAllowMissedReferenceValues], [strReservedAttribute]) VALUES (10081162, 10081002, 10082064, NULL, NULL, 'sflHC_PatientDOB', NULL, NULL, NULL, NULL, NULL, NEWID(), 0, 10004003, 0, NULL, NULL, NULL, NULL, 1, NULL);
INSERT INTO [dbo].[tasSearchField] ([idfsSearchField], [idfsSearchFieldType], [idfsSearchObject], [idfsReferenceType], [idfsGISReferenceType], [strSearchFieldAlias], [strLookupTable], [intMapDisplayOrder], [intIncidenceDisplayOrder], [blnGeoLocationString], [strCalculatedFieldText], [rowguid], [intRowStatus], [idfsDefaultAggregateFunction], [blnShortAddressString], [strLookupFunction], [strLookupFunctionIdField], [strLookupFunctionNameField], [strLookupAttribute], [blnAllowMissedReferenceValues], [strReservedAttribute]) VALUES (10081163, 10081006, 10082064, NULL, NULL, 'sflHC_PatientAge', NULL, NULL, NULL, NULL, NULL, NEWID(), 0, 10004001, 0, NULL, NULL, NULL, NULL, 0, NULL);


-- Add 'Outbreak Veterinary Case Samples' - object
ALTER TABLE dbo.trtBaseReference DISABLE TRIGGER ALL
INSERT INTO [dbo].[trtBaseReference] ([idfsBaseReference], [idfsReferenceType], [strBaseReferenceCode], [strDefault], [intHACode], [intOrder], [blnSystem], [intRowStatus], [rowguid], [strMaintenanceFlag], [strReservedAttribute])
VALUES (10082065, 19000082, NULL, 'Outbreak Veterinary Case Samples', 32, 0, 1, 0, NEWID(), NULL, NULL)
GO

INSERT INTO [dbo].[tasSearchObject] ([idfsSearchObject], [idfsFormType], [blnPrimary], [rowguid], [intRowStatus], [blnShowReportType], [strReservedAttribute])
VALUES (10082065, NULL, 0, NEWID(), 0, 0, NULL)
GO

INSERT INTO [dbo].[trtStringNameTranslation] ([idfsBaseReference], [idfsLanguage], [strTextString], [intRowStatus], [rowguid], [strMaintenanceFlag], [strReservedAttribute])
VALUES(10082065, 10049003,N'Outbreak Vet Case Samples', 0, NEWID(), NULL, NULL)
INSERT INTO [dbo].[trtStringNameTranslation] ([idfsBaseReference], [idfsLanguage], [strTextString], [intRowStatus], [rowguid], [strMaintenanceFlag], [strReservedAttribute])
VALUES(10082065, 10049004,N'აფეთქების ვეტერინარული  დაავადების შემთხვევის ნიმუშები', 0, NEWID(), NULL, NULL)
INSERT INTO [dbo].[trtStringNameTranslation] ([idfsBaseReference], [idfsLanguage], [strTextString], [intRowStatus], [rowguid], [strMaintenanceFlag], [strReservedAttribute])
VALUES(10082065, 10049001,N'Alovlanma Baytarlıq xəstəliyi hadisəsi Nümunələr', 0, NEWID(), NULL, NULL)
INSERT INTO [dbo].[trtStringNameTranslation] ([idfsBaseReference], [idfsLanguage], [strTextString], [intRowStatus], [rowguid], [strMaintenanceFlag], [strReservedAttribute])
VALUES(10082065, 10049011,N'عينة عن حالة تفشي الأمراض البيطرية.', 0, NEWID(), NULL, NULL)
GO
ALTER TABLE dbo.trtBaseReference ENABLE TRIGGER ALL

-- Add relations - 'Outbreak Veterinary Case Samples' child of 'Outbreak Veterinary Case', used idfsParentSearchObject 10082016 as an example. 
INSERT INTO [dbo].[tasSearchObjectToSearchObject] ([idfsRelatedSearchObject], [idfsParentSearchObject], [rowguid], [strSubQueryJoinCondition], [blnUseForSubQuery], [strReservedAttribute])
VALUES(10082065, 10082061, NEWID(), 'v_{6}.[PKField] = v.[PKField] and v_{6}.[PKField_4582900000000] = v.[PKField_4582900000000] and v_{6}.[PKField_4582670000000] is not null', 0, NULL) -- TODO: verify value of [strSubQueryJoinCondition] with Mandar.using 10080815 as an example
GO
ALTER TABLE dbo.trtBaseReference ENABLE TRIGGER ALL

-- Outbreak Veterinary Case Samples - fields
INSERT INTO [dbo].[trtBaseReference] ([idfsBaseReference], [idfsReferenceType], [strBaseReferenceCode], [strDefault], [intHACode], [intOrder], [blnSystem], [intRowStatus], [rowguid], [strMaintenanceFlag], [strReservedAttribute]) VALUES (10081164, 19000080, 'sflVSLSpecimenType', 'Outbreak Veterinary Case Samples – Sample Type', 226, 0, NULL, 0, NEWID(), NULL, NULL);  -- using 10080216 as an example
INSERT INTO [dbo].[trtBaseReference] ([idfsBaseReference], [idfsReferenceType], [strBaseReferenceCode], [strDefault], [intHACode], [intOrder], [blnSystem], [intRowStatus], [rowguid], [strMaintenanceFlag], [strReservedAttribute]) VALUES (10081165, 19000080, 'sflVSLFieldSampleID', 'Outbreak Veterinary Case Samples – Field Sample ID', 226, 1, NULL, 0, NEWID(), NULL, NULL);  -- using 10080207 as an example
INSERT INTO [dbo].[trtBaseReference] ([idfsBaseReference], [idfsReferenceType], [strBaseReferenceCode], [strDefault], [intHACode], [intOrder], [blnSystem], [intRowStatus], [rowguid], [strMaintenanceFlag], [strReservedAttribute]) VALUES (10081166, 19000080, 'sflVSLAnimalID', 'Outbreak Veterinary Case Samples – Animal ID', 226, 2, NULL, 0, NEWID(), NULL, NULL);  -- using 10080200 as an example
INSERT INTO [dbo].[trtBaseReference] ([idfsBaseReference], [idfsReferenceType], [strBaseReferenceCode], [strDefault], [intHACode], [intOrder], [blnSystem], [intRowStatus], [rowguid], [strMaintenanceFlag], [strReservedAttribute]) VALUES (10081167, 19000080, 'sflVSLSpecies', 'Outbreak Veterinary Case Samples – Species', 226, 3, NULL, 0, NEWID(), NULL, NULL);  -- using 10080214 as an example
INSERT INTO [dbo].[trtBaseReference] ([idfsBaseReference], [idfsReferenceType], [strBaseReferenceCode], [strDefault], [intHACode], [intOrder], [blnSystem], [intRowStatus], [rowguid], [strMaintenanceFlag], [strReservedAttribute]) VALUES (10081168, 19000080, 'sflOBidfsOutbreak_Status', 'Outbreak Veterinary Case Samples – Bird Status', 226, 4, NULL, 0, NEWID(), NULL, NULL);  -- using 10080109 as an example
INSERT INTO [dbo].[trtBaseReference] ([idfsBaseReference], [idfsReferenceType], [strBaseReferenceCode], [strDefault], [intHACode], [intOrder], [blnSystem], [intRowStatus], [rowguid], [strMaintenanceFlag], [strReservedAttribute]) VALUES (10081169, 19000080, 'sflVSLCollectionDate', 'Outbreak Veterinary Case Samples – Collection Date', 226, 5, NULL, 0, NEWID(), NULL, NULL);  -- using 10080204 as an example
INSERT INTO [dbo].[trtBaseReference] ([idfsBaseReference], [idfsReferenceType], [strBaseReferenceCode], [strDefault], [intHACode], [intOrder], [blnSystem], [intRowStatus], [rowguid], [strMaintenanceFlag], [strReservedAttribute]) VALUES (10081170, 19000080, 'sflVSLInstitutionName', 'Outbreak Veterinary Case Samples – Collected by Institution', 226, 6, NULL, 0, NEWID(), NULL, NULL);  -- using 10080208 as an example
INSERT INTO [dbo].[trtBaseReference] ([idfsBaseReference], [idfsReferenceType], [strBaseReferenceCode], [strDefault], [intHACode], [intOrder], [blnSystem], [intRowStatus], [rowguid], [strMaintenanceFlag], [strReservedAttribute]) VALUES (10081171, 19000080, 'sflVCSample_SentToOrganization', 'Outbreak Veterinary Case Samples – Sent to Organization', 226, 7, 1, 0, NEWID(), NULL, NULL);  -- using 10080815 as an example

INSERT INTO [dbo].[trtStringNameTranslation] ([idfsBaseReference], [idfsLanguage], [strTextString], [intRowStatus], [rowguid], [strMaintenanceFlag], [strReservedAttribute]) VALUES (10081164, 10049003, N'Outbreak Veterinary Case Samples – Sample Type', 0, NEWID(), NULL, NULL);
INSERT INTO [dbo].[trtStringNameTranslation] ([idfsBaseReference], [idfsLanguage], [strTextString], [intRowStatus], [rowguid], [strMaintenanceFlag], [strReservedAttribute]) VALUES (10081164, 10049004, N'აფეთქების ვეტერინარული შემთხვევის ნიმუშები - ნიმუშის ტიპი', 0, NEWID(), NULL, NULL);
INSERT INTO [dbo].[trtStringNameTranslation] ([idfsBaseReference], [idfsLanguage], [strTextString], [intRowStatus], [rowguid], [strMaintenanceFlag], [strReservedAttribute]) VALUES (10081164, 10049001, N'Alovlanma Baytarlıq Xəstəliyi Hadisəsi Nümunələr - Nümunənin növü', 0, NEWID(), NULL, NULL);
INSERT INTO [dbo].[trtStringNameTranslation] ([idfsBaseReference], [idfsLanguage], [strTextString], [intRowStatus], [rowguid], [strMaintenanceFlag], [strReservedAttribute]) VALUES (10081164, 10049011, N'عينات لحالات تفشي الامراض البيطرية - نوع العينة ', 0, NEWID(), NULL, NULL);

INSERT INTO [dbo].[trtStringNameTranslation] ([idfsBaseReference], [idfsLanguage], [strTextString], [intRowStatus], [rowguid], [strMaintenanceFlag], [strReservedAttribute]) VALUES (10081165, 10049003, N'Outbreak Veterinary Case Samples – Field Sample ID', 0, NEWID(), NULL, NULL);
INSERT INTO [dbo].[trtStringNameTranslation] ([idfsBaseReference], [idfsLanguage], [strTextString], [intRowStatus], [rowguid], [strMaintenanceFlag], [strReservedAttribute]) VALUES (10081165, 10049004, N'აფეთქების ვეტერინარული შემთხვევის ნიმუშები - საველე ნიმუშის ID', 0, NEWID(), NULL, NULL);
INSERT INTO [dbo].[trtStringNameTranslation] ([idfsBaseReference], [idfsLanguage], [strTextString], [intRowStatus], [rowguid], [strMaintenanceFlag], [strReservedAttribute]) VALUES (10081165, 10049001, N'Alovlanma Baytarlıq Xəstəliyi Hadisəsi Nümunələr - Nümunənin sahədəki Q/N-si', 0, NEWID(), NULL, NULL);
INSERT INTO [dbo].[trtStringNameTranslation] ([idfsBaseReference], [idfsLanguage], [strTextString], [intRowStatus], [rowguid], [strMaintenanceFlag], [strReservedAttribute]) VALUES (10081165, 10049011, N'عينات لحالات تفشي الامراض البيطرية - معرّف عينة الحقل ', 0, NEWID(), NULL, NULL);

INSERT INTO [dbo].[trtStringNameTranslation] ([idfsBaseReference], [idfsLanguage], [strTextString], [intRowStatus], [rowguid], [strMaintenanceFlag], [strReservedAttribute]) VALUES (10081166, 10049003, N'Outbreak Veterinary Case Samples – Animal ID', 0, NEWID(), NULL, NULL);
INSERT INTO [dbo].[trtStringNameTranslation] ([idfsBaseReference], [idfsLanguage], [strTextString], [intRowStatus], [rowguid], [strMaintenanceFlag], [strReservedAttribute]) VALUES (10081166, 10049004, N'აფეთქების ვეტერინარული შემთხვევის ნიმუშები - ცხოველის  ID', 0, NEWID(), NULL, NULL);
INSERT INTO [dbo].[trtStringNameTranslation] ([idfsBaseReference], [idfsLanguage], [strTextString], [intRowStatus], [rowguid], [strMaintenanceFlag], [strReservedAttribute]) VALUES (10081166, 10049001, N'Alovlanma Baytarlıq Xəstəliyi Hadisəsi Nümunələr - Heyvanın Q/N-si', 0, NEWID(), NULL, NULL);
INSERT INTO [dbo].[trtStringNameTranslation] ([idfsBaseReference], [idfsLanguage], [strTextString], [intRowStatus], [rowguid], [strMaintenanceFlag], [strReservedAttribute]) VALUES (10081166, 10049011, N'عينات لحالات تفشي الامراض البيطرية - الرقم التعريفي للحيوان ', 0, NEWID(), NULL, NULL);

INSERT INTO [dbo].[trtStringNameTranslation] ([idfsBaseReference], [idfsLanguage], [strTextString], [intRowStatus], [rowguid], [strMaintenanceFlag], [strReservedAttribute]) VALUES (10081167, 10049003, N'Outbreak Veterinary Case Samples – Species', 0, NEWID(), NULL, NULL);
INSERT INTO [dbo].[trtStringNameTranslation] ([idfsBaseReference], [idfsLanguage], [strTextString], [intRowStatus], [rowguid], [strMaintenanceFlag], [strReservedAttribute]) VALUES (10081167, 10049004, N'აფეთქების ვეტერინარული შემთხვევის ნიმუშები - სახეობა', 0, NEWID(), NULL, NULL);
INSERT INTO [dbo].[trtStringNameTranslation] ([idfsBaseReference], [idfsLanguage], [strTextString], [intRowStatus], [rowguid], [strMaintenanceFlag], [strReservedAttribute]) VALUES (10081167, 10049001, N'Alovlanma Baytarlıq Xəstəliyi Hadisəsi Nümunələr - Heyvan növü', 0, NEWID(), NULL, NULL);
INSERT INTO [dbo].[trtStringNameTranslation] ([idfsBaseReference], [idfsLanguage], [strTextString], [intRowStatus], [rowguid], [strMaintenanceFlag], [strReservedAttribute]) VALUES (10081167, 10049011, N'عينات لحالات تفشي الامراض البيطرية - أنواع الحيوانات ', 0, NEWID(), NULL, NULL);

INSERT INTO [dbo].[trtStringNameTranslation] ([idfsBaseReference], [idfsLanguage], [strTextString], [intRowStatus], [rowguid], [strMaintenanceFlag], [strReservedAttribute]) VALUES (10081168, 10049003, N'Outbreak Veterinary Case Samples – Bird Status', 0, NEWID(), NULL, NULL);
INSERT INTO [dbo].[trtStringNameTranslation] ([idfsBaseReference], [idfsLanguage], [strTextString], [intRowStatus], [rowguid], [strMaintenanceFlag], [strReservedAttribute]) VALUES (10081168, 10049004, N'აფეთქების ვეტერინარული შემთხვევის ნიმუშები - ფრინველის სტატუსი', 0, NEWID(), NULL, NULL);
INSERT INTO [dbo].[trtStringNameTranslation] ([idfsBaseReference], [idfsLanguage], [strTextString], [intRowStatus], [rowguid], [strMaintenanceFlag], [strReservedAttribute]) VALUES (10081168, 10049001, N'Alovlanma Baytarlıq Xəstəliyi Hadisəsi Nümunələr - Quşun vəziyyəti', 0, NEWID(), NULL, NULL);
INSERT INTO [dbo].[trtStringNameTranslation] ([idfsBaseReference], [idfsLanguage], [strTextString], [intRowStatus], [rowguid], [strMaintenanceFlag], [strReservedAttribute]) VALUES (10081168, 10049011, N'عينات لحالات تفشي الامراض البيطرية - حالة الطيور ', 0, NEWID(), NULL, NULL);

INSERT INTO [dbo].[trtStringNameTranslation] ([idfsBaseReference], [idfsLanguage], [strTextString], [intRowStatus], [rowguid], [strMaintenanceFlag], [strReservedAttribute]) VALUES (10081169, 10049003, N'Outbreak Veterinary Case Samples – Collection Date', 0, NEWID(), NULL, NULL);
INSERT INTO [dbo].[trtStringNameTranslation] ([idfsBaseReference], [idfsLanguage], [strTextString], [intRowStatus], [rowguid], [strMaintenanceFlag], [strReservedAttribute]) VALUES (10081169, 10049004, N'აფეთქების ვეტერინარული შემთხვევის ნიმუშები - აღების თარიღი', 0, NEWID(), NULL, NULL);
INSERT INTO [dbo].[trtStringNameTranslation] ([idfsBaseReference], [idfsLanguage], [strTextString], [intRowStatus], [rowguid], [strMaintenanceFlag], [strReservedAttribute]) VALUES (10081169, 10049001, N'Alovlanma Baytarlıq Xəstəliyi Hadisəsi Nümunələr - Toplama tarixi', 0, NEWID(), NULL, NULL);
INSERT INTO [dbo].[trtStringNameTranslation] ([idfsBaseReference], [idfsLanguage], [strTextString], [intRowStatus], [rowguid], [strMaintenanceFlag], [strReservedAttribute]) VALUES (10081169, 10049011, N'عينات لحالات تفشي الامراض البيطرية - تاريخ الجمع ', 0, NEWID(), NULL, NULL);

INSERT INTO [dbo].[trtStringNameTranslation] ([idfsBaseReference], [idfsLanguage], [strTextString], [intRowStatus], [rowguid], [strMaintenanceFlag], [strReservedAttribute]) VALUES (10081170, 10049003, N'Outbreak Veterinary Case Samples – Collected by Institution', 0, NEWID(), NULL, NULL);
INSERT INTO [dbo].[trtStringNameTranslation] ([idfsBaseReference], [idfsLanguage], [strTextString], [intRowStatus], [rowguid], [strMaintenanceFlag], [strReservedAttribute]) VALUES (10081170, 10049004, N'აფეთქების ვეტერინარული შემთხვევის ნიმუშები - აღებულია დაწესებულების მიერ', 0, NEWID(), NULL, NULL);
INSERT INTO [dbo].[trtStringNameTranslation] ([idfsBaseReference], [idfsLanguage], [strTextString], [intRowStatus], [rowguid], [strMaintenanceFlag], [strReservedAttribute]) VALUES (10081170, 10049001, N'Alovlanma Baytarlıq Xəstəliyi Hadisəsi Nümunələr - Toplayan müəssisə', 0, NEWID(), NULL, NULL);
INSERT INTO [dbo].[trtStringNameTranslation] ([idfsBaseReference], [idfsLanguage], [strTextString], [intRowStatus], [rowguid], [strMaintenanceFlag], [strReservedAttribute]) VALUES (10081170, 10049011, N'عينات لحالات تفشي الامراض البيطرية - جمعتها المؤسسة', 0, NEWID(), NULL, NULL);

INSERT INTO [dbo].[trtStringNameTranslation] ([idfsBaseReference], [idfsLanguage], [strTextString], [intRowStatus], [rowguid], [strMaintenanceFlag], [strReservedAttribute]) VALUES (10081171, 10049003, N'Outbreak Veterinary Case Samples – Sent to Organization', 0, NEWID(), NULL, NULL);
INSERT INTO [dbo].[trtStringNameTranslation] ([idfsBaseReference], [idfsLanguage], [strTextString], [intRowStatus], [rowguid], [strMaintenanceFlag], [strReservedAttribute]) VALUES (10081171, 10049004, N'აფეთქების ვეტერინარული შემთხვევის ნიმუშები - გაგზავნილია ორგანიზაციაში', 0, NEWID(), NULL, NULL);
INSERT INTO [dbo].[trtStringNameTranslation] ([idfsBaseReference], [idfsLanguage], [strTextString], [intRowStatus], [rowguid], [strMaintenanceFlag], [strReservedAttribute]) VALUES (10081171, 10049001, N'Alovlanma Baytarlıq Xəstəliyi Hadisəsi Nümunələr - Hara göndərilib', 0, NEWID(), NULL, NULL);
INSERT INTO [dbo].[trtStringNameTranslation] ([idfsBaseReference], [idfsLanguage], [strTextString], [intRowStatus], [rowguid], [strMaintenanceFlag], [strReservedAttribute]) VALUES (10081171, 10049011, N'عينات لحالات تفشي الامراض البيطرية - اُرسل إلى المنظمة', 0, NEWID(), NULL, NULL);

INSERT INTO [dbo].[tasSearchField] ([idfsSearchField], [idfsSearchFieldType], [idfsSearchObject], [idfsReferenceType], [idfsGISReferenceType], [strSearchFieldAlias], [strLookupTable], [intMapDisplayOrder], [intIncidenceDisplayOrder], [blnGeoLocationString], [strCalculatedFieldText], [rowguid], [intRowStatus], [idfsDefaultAggregateFunction], [blnShortAddressString], [strLookupFunction], [strLookupFunctionIdField], [strLookupFunctionNameField], [strLookupAttribute], [blnAllowMissedReferenceValues], [strReservedAttribute]) VALUES (10081164, 10081007, 10082065, 19000087, NULL, 'sflVCSample_SampleType', 'rftSampleType', NULL, NULL, NULL, NULL, NEWID(), 0, 10004003, 0, NULL, NULL, NULL, 'name', 1, NULL);
INSERT INTO [dbo].[tasSearchField] ([idfsSearchField], [idfsSearchFieldType], [idfsSearchObject], [idfsReferenceType], [idfsGISReferenceType], [strSearchFieldAlias], [strLookupTable], [intMapDisplayOrder], [intIncidenceDisplayOrder], [blnGeoLocationString], [strCalculatedFieldText], [rowguid], [intRowStatus], [idfsDefaultAggregateFunction], [blnShortAddressString], [strLookupFunction], [strLookupFunctionIdField], [strLookupFunctionNameField], [strLookupAttribute], [blnAllowMissedReferenceValues], [strReservedAttribute]) VALUES (10081165, 10081007, 10082065, NULL, NULL, 'sflVCSample_FieldSampleID', NULL, NULL, NULL, NULL, NULL, NEWID(), 0, 10004020, 0, NULL, NULL, NULL, NULL, 0, NULL);
INSERT INTO [dbo].[tasSearchField] ([idfsSearchField], [idfsSearchFieldType], [idfsSearchObject], [idfsReferenceType], [idfsGISReferenceType], [strSearchFieldAlias], [strLookupTable], [intMapDisplayOrder], [intIncidenceDisplayOrder], [blnGeoLocationString], [strCalculatedFieldText], [rowguid], [intRowStatus], [idfsDefaultAggregateFunction], [blnShortAddressString], [strLookupFunction], [strLookupFunctionIdField], [strLookupFunctionNameField], [strLookupAttribute], [blnAllowMissedReferenceValues], [strReservedAttribute]) VALUES (10081166, 10081007, 10082065, NULL, NULL, 'sflVCSample_AnimalID', NULL, NULL, NULL, NULL, NULL, NEWID(), 0, 10004020, 0, NULL, NULL, NULL, NULL, 0, NULL);
INSERT INTO [dbo].[tasSearchField] ([idfsSearchField], [idfsSearchFieldType], [idfsSearchObject], [idfsReferenceType], [idfsGISReferenceType], [strSearchFieldAlias], [strLookupTable], [intMapDisplayOrder], [intIncidenceDisplayOrder], [blnGeoLocationString], [strCalculatedFieldText], [rowguid], [intRowStatus], [idfsDefaultAggregateFunction], [blnShortAddressString], [strLookupFunction], [strLookupFunctionIdField], [strLookupFunctionNameField], [strLookupAttribute], [blnAllowMissedReferenceValues], [strReservedAttribute]) VALUES (10081167, 10081007, 10082065, 19000086, NULL, 'sflVCSample_Species', 'rftSpeciesList', NULL, NULL, NULL, NULL, NEWID(), 0, 10004003, 0, NULL, NULL, NULL, 'name', 1, NULL);
INSERT INTO [dbo].[tasSearchField] ([idfsSearchField], [idfsSearchFieldType], [idfsSearchObject], [idfsReferenceType], [idfsGISReferenceType], [strSearchFieldAlias], [strLookupTable], [intMapDisplayOrder], [intIncidenceDisplayOrder], [blnGeoLocationString], [strCalculatedFieldText], [rowguid], [intRowStatus], [idfsDefaultAggregateFunction], [blnShortAddressString], [strLookupFunction], [strLookupFunctionIdField], [strLookupFunctionNameField], [strLookupAttribute], [blnAllowMissedReferenceValues], [strReservedAttribute]) VALUES (10081168, 10081007, 10082065, 19000063, NULL, 'sflOutbreak_Status', 'rftOutbreakStatus', NULL, NULL, NULL, NULL, NEWID(), 0, 10004003, 0, NULL, NULL, NULL, 'name', 1, NULL);
INSERT INTO [dbo].[tasSearchField] ([idfsSearchField], [idfsSearchFieldType], [idfsSearchObject], [idfsReferenceType], [idfsGISReferenceType], [strSearchFieldAlias], [strLookupTable], [intMapDisplayOrder], [intIncidenceDisplayOrder], [blnGeoLocationString], [strCalculatedFieldText], [rowguid], [intRowStatus], [idfsDefaultAggregateFunction], [blnShortAddressString], [strLookupFunction], [strLookupFunctionIdField], [strLookupFunctionNameField], [strLookupAttribute], [blnAllowMissedReferenceValues], [strReservedAttribute]) VALUES (10081169, 10081002, 10082065, NULL, NULL, 'sflVCSample_CollectionDate', NULL, NULL, NULL, NULL, NULL, NEWID(), 0, 10004003, 0, NULL, NULL, NULL, NULL, 1, NULL);
INSERT INTO [dbo].[tasSearchField] ([idfsSearchField], [idfsSearchFieldType], [idfsSearchObject], [idfsReferenceType], [idfsGISReferenceType], [strSearchFieldAlias], [strLookupTable], [intMapDisplayOrder], [intIncidenceDisplayOrder], [blnGeoLocationString], [strCalculatedFieldText], [rowguid], [intRowStatus], [idfsDefaultAggregateFunction], [blnShortAddressString], [strLookupFunction], [strLookupFunctionIdField], [strLookupFunctionNameField], [strLookupAttribute], [blnAllowMissedReferenceValues], [strReservedAttribute]) VALUES (10081170, 10081007, 10082065, 19000046, NULL, 'sflVCSample_CollectedByOffice', 'Organization', NULL, NULL, NULL, NULL, NEWID(), 0, 10004003, 0, NULL, NULL, NULL, 'FullName', 1, NULL);
INSERT INTO [dbo].[tasSearchField] ([idfsSearchField], [idfsSearchFieldType], [idfsSearchObject], [idfsReferenceType], [idfsGISReferenceType], [strSearchFieldAlias], [strLookupTable], [intMapDisplayOrder], [intIncidenceDisplayOrder], [blnGeoLocationString], [strCalculatedFieldText], [rowguid], [intRowStatus], [idfsDefaultAggregateFunction], [blnShortAddressString], [strLookupFunction], [strLookupFunctionIdField], [strLookupFunctionNameField], [strLookupAttribute], [blnAllowMissedReferenceValues], [strReservedAttribute]) VALUES (10081171, 10081007, 10082065, 19000046, NULL, 'sflVCSample_SentToOrganization', 'Organization', NULL, NULL, 0, NULL, NEWID(), 0, 10004003, 0, NULL, NULL, NULL, 'FullName', 0, NULL);



-- Add 'Outbreak Veterinary Case Penside Test' - object
ALTER TABLE dbo.trtBaseReference DISABLE TRIGGER ALL
INSERT INTO [dbo].[trtBaseReference] ([idfsBaseReference], [idfsReferenceType], [strBaseReferenceCode], [strDefault], [intHACode], [intOrder], [blnSystem], [intRowStatus], [rowguid], [strMaintenanceFlag], [strReservedAttribute])
VALUES (10082066, 19000082, NULL, 'Outbreak Veterinary Case Penside Test', 32, 0, 1, 0, NEWID(), NULL, NULL)
GO

INSERT INTO [dbo].[tasSearchObject] ([idfsSearchObject], [idfsFormType], [blnPrimary], [rowguid], [intRowStatus], [blnShowReportType], [strReservedAttribute])
VALUES (10082066, NULL, 0, NEWID(), 0, 0, NULL)
GO

INSERT INTO [dbo].[trtStringNameTranslation] ([idfsBaseReference], [idfsLanguage], [strTextString], [intRowStatus], [rowguid], [strMaintenanceFlag], [strReservedAttribute])
VALUES(10082066, 10049003,N'Outbreak Vet Case Penside Tests', 0, NEWID(), NULL, NULL)
INSERT INTO [dbo].[trtStringNameTranslation] ([idfsBaseReference], [idfsLanguage], [strTextString], [intRowStatus], [rowguid], [strMaintenanceFlag], [strReservedAttribute])
VALUES(10082066, 10049004,N'აფეთქების ვეტერინარული  დაავადების შემთხვევის საველე ტესტები', 0, NEWID(), NULL, NULL)
INSERT INTO [dbo].[trtStringNameTranslation] ([idfsBaseReference], [idfsLanguage], [strTextString], [intRowStatus], [rowguid], [strMaintenanceFlag], [strReservedAttribute])
VALUES(10082066, 10049001,N'Alovlanma Baytarlıq xəstəliyi hadisəsi Təcili testlər', 0, NEWID(), NULL, NULL)
INSERT INTO [dbo].[trtStringNameTranslation] ([idfsBaseReference], [idfsLanguage], [strTextString], [intRowStatus], [rowguid], [strMaintenanceFlag], [strReservedAttribute])
VALUES(10082066, 10049011,N'الفحوصات التشخيصية لحالة تفشي الأمراض البيطرية', 0, NEWID(), NULL, NULL)
GO
ALTER TABLE dbo.trtBaseReference ENABLE TRIGGER ALL

-- Add relations - 'Outbreak Veterinary Case Samples' child of 'Outbreak Veterinary Case', used idfsParentSearchObject 10082016 as an example. 
INSERT INTO [dbo].[tasSearchObjectToSearchObject] ([idfsRelatedSearchObject], [idfsParentSearchObject], [rowguid], [strSubQueryJoinCondition], [blnUseForSubQuery], [strReservedAttribute])
VALUES(10082066, 10082061, NEWID(), 'v_{6}.[PKField] = v.[PKField] and v_{6}.[PKField_4582900000000] = v.[PKField_4582900000000] and v_{6}.[PKField_4582670000000] is not null', 0, NULL) -- TODO: verify value of [strSubQueryJoinCondition] with Mandar.
GO
ALTER TABLE dbo.trtBaseReference ENABLE TRIGGER ALL

-- Outbreak Veterinary Case Samples - fields
INSERT INTO [dbo].[trtBaseReference] ([idfsBaseReference], [idfsReferenceType], [strBaseReferenceCode], [strDefault], [intHACode], [intOrder], [blnSystem], [intRowStatus], [rowguid], [strMaintenanceFlag], [strReservedAttribute]) VALUES (10081172, 19000080, 'sflVSLSpecimenType', 'Outbreak Veterinary Case Penside Tests – Sample Type', 226, 0, NULL, 0, NEWID(), NULL, NULL);  -- using 10080216 as an example
INSERT INTO [dbo].[trtBaseReference] ([idfsBaseReference], [idfsReferenceType], [strBaseReferenceCode], [strDefault], [intHACode], [intOrder], [blnSystem], [intRowStatus], [rowguid], [strMaintenanceFlag], [strReservedAttribute]) VALUES (10081173, 19000080, 'sflVSLFieldSampleID', 'Outbreak Veterinary Case Penside Tests – Field Sample ID', 226, 1, NULL, 0, NEWID(), NULL, NULL);  -- using 10080207 as an example
INSERT INTO [dbo].[trtBaseReference] ([idfsBaseReference], [idfsReferenceType], [strBaseReferenceCode], [strDefault], [intHACode], [intOrder], [blnSystem], [intRowStatus], [rowguid], [strMaintenanceFlag], [strReservedAttribute]) VALUES (10081174, 19000080, 'sflANMSpecies', 'Outbreak Veterinary Case Penside Tests – Species', 226, 2, NULL, 0, NEWID(), NULL, NULL);  -- using 10080014 as an example
INSERT INTO [dbo].[trtBaseReference] ([idfsBaseReference], [idfsReferenceType], [strBaseReferenceCode], [strDefault], [intHACode], [intOrder], [blnSystem], [intRowStatus], [rowguid], [strMaintenanceFlag], [strReservedAttribute]) VALUES (10081175, 19000080, 'sflANMAnimalID', 'Outbreak Veterinary Case Penside Tests – Animal ID', 226, 3, NULL, 0, NEWID(), NULL, NULL);  -- using 10080010 as an example
INSERT INTO [dbo].[trtBaseReference] ([idfsBaseReference], [idfsReferenceType], [strBaseReferenceCode], [strDefault], [intHACode], [intOrder], [blnSystem], [intRowStatus], [rowguid], [strMaintenanceFlag], [strReservedAttribute]) VALUES (10081176, 19000080, 'sflVSLTest_Type', 'Outbreak Veterinary Case Penside Tests – Test Name', 226, 4, NULL, 0, NEWID(), NULL, NULL);  -- using 10080218 as an example
INSERT INTO [dbo].[trtBaseReference] ([idfsBaseReference], [idfsReferenceType], [strBaseReferenceCode], [strDefault], [intHACode], [intOrder], [blnSystem], [intRowStatus], [rowguid], [strMaintenanceFlag], [strReservedAttribute]) VALUES (10081177, 19000080, 'sflVSLTestResult', 'Outbreak Veterinary Case Penside Tests – Result', 226, 5, NULL, 0, NEWID(), NULL, NULL);  -- using 10080220 as an example
INSERT INTO [dbo].[trtBaseReference] ([idfsBaseReference], [idfsReferenceType], [strBaseReferenceCode], [strDefault], [intHACode], [intOrder], [blnSystem], [intRowStatus], [rowguid], [strMaintenanceFlag], [strReservedAttribute]) VALUES (10081178, 19000080, NULL, 'Outbreak Veterinary Case Penside Tests – Result Date', 96, 6, 1, 0, NEWID(), NULL, NULL);  -- using 10080284 as an example

INSERT INTO [dbo].[trtStringNameTranslation] ([idfsBaseReference], [idfsLanguage], [strTextString], [intRowStatus], [rowguid], [strMaintenanceFlag], [strReservedAttribute]) VALUES (10081172, 10049003, N'Outbreak Veterinary Case Penside Tests – Sample Type', 0, NEWID(), NULL, NULL);
INSERT INTO [dbo].[trtStringNameTranslation] ([idfsBaseReference], [idfsLanguage], [strTextString], [intRowStatus], [rowguid], [strMaintenanceFlag], [strReservedAttribute]) VALUES (10081172, 10049004, N'აფეთქების ვეტერინარული შემთხვევის საველე ტესტები - ნიმუშის ტიპი', 0, NEWID(), NULL, NULL);
INSERT INTO [dbo].[trtStringNameTranslation] ([idfsBaseReference], [idfsLanguage], [strTextString], [intRowStatus], [rowguid], [strMaintenanceFlag], [strReservedAttribute]) VALUES (10081172, 10049001, N'Alovlanma Baytarlıq Xəstəliyi Hadisəsi Təcili testlər - Nümunənin növü', 0, NEWID(), NULL, NULL);
INSERT INTO [dbo].[trtStringNameTranslation] ([idfsBaseReference], [idfsLanguage], [strTextString], [intRowStatus], [rowguid], [strMaintenanceFlag], [strReservedAttribute]) VALUES (10081172, 10049011, N'اختبارات المستضد لحالات تفشي الامراض البيطرية - نوع العينة ', 0, NEWID(), NULL, NULL);

INSERT INTO [dbo].[trtStringNameTranslation] ([idfsBaseReference], [idfsLanguage], [strTextString], [intRowStatus], [rowguid], [strMaintenanceFlag], [strReservedAttribute]) VALUES (10081173, 10049003, N'Outbreak Veterinary Case Penside Tests – Field Sample ID', 0, NEWID(), NULL, NULL);
INSERT INTO [dbo].[trtStringNameTranslation] ([idfsBaseReference], [idfsLanguage], [strTextString], [intRowStatus], [rowguid], [strMaintenanceFlag], [strReservedAttribute]) VALUES (10081173, 10049004, N'აფეთქების ვეტერინარული შემთხვევის საველე ტესტები - საველე ნიმუშის ID', 0, NEWID(), NULL, NULL);
INSERT INTO [dbo].[trtStringNameTranslation] ([idfsBaseReference], [idfsLanguage], [strTextString], [intRowStatus], [rowguid], [strMaintenanceFlag], [strReservedAttribute]) VALUES (10081173, 10049001, N'Alovlanma Baytarlıq Xəstəliyi Hadisəsi Təcili testlər - Nümunənin sahədəki Q/N-si', 0, NEWID(), NULL, NULL);
INSERT INTO [dbo].[trtStringNameTranslation] ([idfsBaseReference], [idfsLanguage], [strTextString], [intRowStatus], [rowguid], [strMaintenanceFlag], [strReservedAttribute]) VALUES (10081173, 10049011, N'اختبارات المستضد لحالات تفشي الامراض البيطرية - معرّف عينة الحقل ', 0, NEWID(), NULL, NULL);

INSERT INTO [dbo].[trtStringNameTranslation] ([idfsBaseReference], [idfsLanguage], [strTextString], [intRowStatus], [rowguid], [strMaintenanceFlag], [strReservedAttribute]) VALUES (10081174, 10049003, N'Outbreak Veterinary Case Penside Tests – Species', 0, NEWID(), NULL, NULL);
INSERT INTO [dbo].[trtStringNameTranslation] ([idfsBaseReference], [idfsLanguage], [strTextString], [intRowStatus], [rowguid], [strMaintenanceFlag], [strReservedAttribute]) VALUES (10081174, 10049004, N'აფეთქების ვეტერინარული შემთხვევის საველე ტესტები - სახეობა', 0, NEWID(), NULL, NULL);
INSERT INTO [dbo].[trtStringNameTranslation] ([idfsBaseReference], [idfsLanguage], [strTextString], [intRowStatus], [rowguid], [strMaintenanceFlag], [strReservedAttribute]) VALUES (10081174, 10049001, N'Alovlanma Baytarlıq Xəstəliyi Hadisəsi Təcili testlər - Heyvan növü', 0, NEWID(), NULL, NULL);
INSERT INTO [dbo].[trtStringNameTranslation] ([idfsBaseReference], [idfsLanguage], [strTextString], [intRowStatus], [rowguid], [strMaintenanceFlag], [strReservedAttribute]) VALUES (10081174, 10049011, N'اختبارات المستضد لحالات تفشي الامراض البيطرية - أنواع الحيوانات', 0, NEWID(), NULL, NULL);

INSERT INTO [dbo].[trtStringNameTranslation] ([idfsBaseReference], [idfsLanguage], [strTextString], [intRowStatus], [rowguid], [strMaintenanceFlag], [strReservedAttribute]) VALUES (10081175, 10049003, N'Outbreak Veterinary Case Penside Tests – Animal ID', 0, NEWID(), NULL, NULL);
INSERT INTO [dbo].[trtStringNameTranslation] ([idfsBaseReference], [idfsLanguage], [strTextString], [intRowStatus], [rowguid], [strMaintenanceFlag], [strReservedAttribute]) VALUES (10081175, 10049004, N'აფეთქების ვეტერინარული შემთხვევის საველე ტესტები - ცხოველის  ID', 0, NEWID(), NULL, NULL);
INSERT INTO [dbo].[trtStringNameTranslation] ([idfsBaseReference], [idfsLanguage], [strTextString], [intRowStatus], [rowguid], [strMaintenanceFlag], [strReservedAttribute]) VALUES (10081175, 10049001, N'Alovlanma Baytarlıq Xəstəliyi Hadisəsi Təcili testlər - Heyvanın Q/N-si', 0, NEWID(), NULL, NULL);
INSERT INTO [dbo].[trtStringNameTranslation] ([idfsBaseReference], [idfsLanguage], [strTextString], [intRowStatus], [rowguid], [strMaintenanceFlag], [strReservedAttribute]) VALUES (10081175, 10049011, N'اختبارات المستضد لحالات تفشي الامراض البيطرية - الرقم التعريفي للحيوان ', 0, NEWID(), NULL, NULL);

INSERT INTO [dbo].[trtStringNameTranslation] ([idfsBaseReference], [idfsLanguage], [strTextString], [intRowStatus], [rowguid], [strMaintenanceFlag], [strReservedAttribute]) VALUES (10081176, 10049003, N'Outbreak Veterinary Case Penside Tests – Test Name', 0, NEWID(), NULL, NULL);
INSERT INTO [dbo].[trtStringNameTranslation] ([idfsBaseReference], [idfsLanguage], [strTextString], [intRowStatus], [rowguid], [strMaintenanceFlag], [strReservedAttribute]) VALUES (10081176, 10049004, N'აფეთქების ვეტერინარული შემთხვევის საველე ტესტები - ტესტის დასახელება', 0, NEWID(), NULL, NULL);
INSERT INTO [dbo].[trtStringNameTranslation] ([idfsBaseReference], [idfsLanguage], [strTextString], [intRowStatus], [rowguid], [strMaintenanceFlag], [strReservedAttribute]) VALUES (10081176, 10049001, N'Alovlanma Baytarlıq Xəstəliyi Hadisəsi Təcili testlər - Testin adı', 0, NEWID(), NULL, NULL);
INSERT INTO [dbo].[trtStringNameTranslation] ([idfsBaseReference], [idfsLanguage], [strTextString], [intRowStatus], [rowguid], [strMaintenanceFlag], [strReservedAttribute]) VALUES (10081176, 10049011, N'اختبارات المستضد لحالات تفشي الامراض البيطرية - اسم الاختبار', 0, NEWID(), NULL, NULL);

INSERT INTO [dbo].[trtStringNameTranslation] ([idfsBaseReference], [idfsLanguage], [strTextString], [intRowStatus], [rowguid], [strMaintenanceFlag], [strReservedAttribute]) VALUES (10081177, 10049003, N'Outbreak Veterinary Case Penside Tests – Result', 0, NEWID(), NULL, NULL);
INSERT INTO [dbo].[trtStringNameTranslation] ([idfsBaseReference], [idfsLanguage], [strTextString], [intRowStatus], [rowguid], [strMaintenanceFlag], [strReservedAttribute]) VALUES (10081177, 10049004, N'აფეთქების ვეტერინარული შემთხვევის საველე ტესტები - შედეგი', 0, NEWID(), NULL, NULL);
INSERT INTO [dbo].[trtStringNameTranslation] ([idfsBaseReference], [idfsLanguage], [strTextString], [intRowStatus], [rowguid], [strMaintenanceFlag], [strReservedAttribute]) VALUES (10081177, 10049001, N'Alovlanma Baytarlıq Xəstəliyi Hadisəsi Təcili testlər - Nəticə', 0, NEWID(), NULL, NULL);
INSERT INTO [dbo].[trtStringNameTranslation] ([idfsBaseReference], [idfsLanguage], [strTextString], [intRowStatus], [rowguid], [strMaintenanceFlag], [strReservedAttribute]) VALUES (10081177, 10049011, N'اختبارات المستضد لحالات تفشي الامراض البيطرية - النتيجة ', 0, NEWID(), NULL, NULL);

INSERT INTO [dbo].[trtStringNameTranslation] ([idfsBaseReference], [idfsLanguage], [strTextString], [intRowStatus], [rowguid], [strMaintenanceFlag], [strReservedAttribute]) VALUES (10081178, 10049003, N'Outbreak Veterinary Case Penside Tests – Result Date', 0, NEWID(), NULL, NULL);
INSERT INTO [dbo].[trtStringNameTranslation] ([idfsBaseReference], [idfsLanguage], [strTextString], [intRowStatus], [rowguid], [strMaintenanceFlag], [strReservedAttribute]) VALUES (10081178, 10049004, N'აფეთქების ვეტერინარული შემთხვევის საველე ტესტები - შედეგის თარიღი', 0, NEWID(), NULL, NULL);
INSERT INTO [dbo].[trtStringNameTranslation] ([idfsBaseReference], [idfsLanguage], [strTextString], [intRowStatus], [rowguid], [strMaintenanceFlag], [strReservedAttribute]) VALUES (10081178, 10049001, N'Alovlanma Baytarlıq Xəstəliyi Hadisəsi Təcili testlər - Nəticənin tarixi', 0, NEWID(), NULL, NULL);
INSERT INTO [dbo].[trtStringNameTranslation] ([idfsBaseReference], [idfsLanguage], [strTextString], [intRowStatus], [rowguid], [strMaintenanceFlag], [strReservedAttribute]) VALUES (10081178, 10049011, N'اختبارات المستضد لحالات تفشي الامراض البيطرية - تاريخ النتيجة ', 0, NEWID(), NULL, NULL);

INSERT INTO [dbo].[tasSearchField] ([idfsSearchField], [idfsSearchFieldType], [idfsSearchObject], [idfsReferenceType], [idfsGISReferenceType], [strSearchFieldAlias], [strLookupTable], [intMapDisplayOrder], [intIncidenceDisplayOrder], [blnGeoLocationString], [strCalculatedFieldText], [rowguid], [intRowStatus], [idfsDefaultAggregateFunction], [blnShortAddressString], [strLookupFunction], [strLookupFunctionIdField], [strLookupFunctionNameField], [strLookupAttribute], [blnAllowMissedReferenceValues], [strReservedAttribute]) VALUES (10081172, 10081007, 10082066, 19000087, NULL, 'sflVCSample_SampleType', 'rftSampleType', NULL, NULL, NULL, NULL, NEWID(), 0, 10004003, 0, NULL, NULL, NULL, 'name', 1, NULL);
INSERT INTO [dbo].[tasSearchField] ([idfsSearchField], [idfsSearchFieldType], [idfsSearchObject], [idfsReferenceType], [idfsGISReferenceType], [strSearchFieldAlias], [strLookupTable], [intMapDisplayOrder], [intIncidenceDisplayOrder], [blnGeoLocationString], [strCalculatedFieldText], [rowguid], [intRowStatus], [idfsDefaultAggregateFunction], [blnShortAddressString], [strLookupFunction], [strLookupFunctionIdField], [strLookupFunctionNameField], [strLookupAttribute], [blnAllowMissedReferenceValues], [strReservedAttribute]) VALUES (10081173, 10081007, 10082066, NULL, NULL, 'sflVCSample_FieldSampleID', NULL, NULL, NULL, NULL, NULL, NEWID(), 0, 10004020, 0, NULL, NULL, NULL, NULL, 0, NULL);
INSERT INTO [dbo].[tasSearchField] ([idfsSearchField], [idfsSearchFieldType], [idfsSearchObject], [idfsReferenceType], [idfsGISReferenceType], [strSearchFieldAlias], [strLookupTable], [intMapDisplayOrder], [intIncidenceDisplayOrder], [blnGeoLocationString], [strCalculatedFieldText], [rowguid], [intRowStatus], [idfsDefaultAggregateFunction], [blnShortAddressString], [strLookupFunction], [strLookupFunctionIdField], [strLookupFunctionNameField], [strLookupAttribute], [blnAllowMissedReferenceValues], [strReservedAttribute]) VALUES (10081174, 10081007, 10082066, 19000086, NULL, 'sflVC_AnimalSpecies', 'rftSpeciesList', NULL, NULL, NULL, NULL, NEWID(), 0, 10004003, 0, NULL, NULL, NULL, 'name', 1, NULL);
INSERT INTO [dbo].[tasSearchField] ([idfsSearchField], [idfsSearchFieldType], [idfsSearchObject], [idfsReferenceType], [idfsGISReferenceType], [strSearchFieldAlias], [strLookupTable], [intMapDisplayOrder], [intIncidenceDisplayOrder], [blnGeoLocationString], [strCalculatedFieldText], [rowguid], [intRowStatus], [idfsDefaultAggregateFunction], [blnShortAddressString], [strLookupFunction], [strLookupFunctionIdField], [strLookupFunctionNameField], [strLookupAttribute], [blnAllowMissedReferenceValues], [strReservedAttribute]) VALUES (10081175, 10081007, 10082066, NULL, NULL, 'sflVC_AnimalID', NULL, NULL, NULL, NULL, NULL, NEWID(), 0, 10004020, 0, NULL, NULL, NULL, NULL, 0, NULL);
INSERT INTO [dbo].[tasSearchField] ([idfsSearchField], [idfsSearchFieldType], [idfsSearchObject], [idfsReferenceType], [idfsGISReferenceType], [strSearchFieldAlias], [strLookupTable], [intMapDisplayOrder], [intIncidenceDisplayOrder], [blnGeoLocationString], [strCalculatedFieldText], [rowguid], [intRowStatus], [idfsDefaultAggregateFunction], [blnShortAddressString], [strLookupFunction], [strLookupFunctionIdField], [strLookupFunctionNameField], [strLookupAttribute], [blnAllowMissedReferenceValues], [strReservedAttribute]) VALUES (10081176, 10081007, 10082066, 19000097, NULL, 'sflVCTest_TestType', 'rftTestName', NULL, NULL, NULL, NULL, NEWID(), 0, 10004003, 0, NULL, NULL, NULL, 'name', 1, NULL);
INSERT INTO [dbo].[tasSearchField] ([idfsSearchField], [idfsSearchFieldType], [idfsSearchObject], [idfsReferenceType], [idfsGISReferenceType], [strSearchFieldAlias], [strLookupTable], [intMapDisplayOrder], [intIncidenceDisplayOrder], [blnGeoLocationString], [strCalculatedFieldText], [rowguid], [intRowStatus], [idfsDefaultAggregateFunction], [blnShortAddressString], [strLookupFunction], [strLookupFunctionIdField], [strLookupFunctionNameField], [strLookupAttribute], [blnAllowMissedReferenceValues], [strReservedAttribute]) VALUES (10081177, 10081007, 10082066, 19000096, NULL, 'sflVCTest_TestResult', 'TestResult', NULL, NULL, NULL, NULL, NEWID(), 0, 10004003, 0, NULL, NULL, NULL, 'name', 1, NULL);
INSERT INTO [dbo].[tasSearchField] ([idfsSearchField], [idfsSearchFieldType], [idfsSearchObject], [idfsReferenceType], [idfsGISReferenceType], [strSearchFieldAlias], [strLookupTable], [intMapDisplayOrder], [intIncidenceDisplayOrder], [blnGeoLocationString], [strCalculatedFieldText], [rowguid], [intRowStatus], [idfsDefaultAggregateFunction], [blnShortAddressString], [strLookupFunction], [strLookupFunctionIdField], [strLookupFunctionNameField], [strLookupAttribute], [blnAllowMissedReferenceValues], [strReservedAttribute]) VALUES (10081178, 10081002, 10082066, NULL, NULL, 'sflVCTest_ValidatedDate', NULL, NULL, NULL, 0, NULL, NEWID(), 0, 10004003, 0, NULL, NULL, NULL, NULL, 1, NULL);

--- Add 'Veterinary Aggregate Disease' (10082067) ---
-- New root search object 

ALTER TABLE dbo.trtBaseReference DISABLE TRIGGER ALL
INSERT INTO [dbo].[trtBaseReference] ([idfsBaseReference], [idfsReferenceType], [strBaseReferenceCode], [strDefault], [intHACode], [intOrder], [blnSystem], [intRowStatus], [rowguid], [strMaintenanceFlag], [strReservedAttribute])
VALUES (10082067, 19000082, NULL, 'Veterinary Aggregate Disease', 32, 0, 1, 0, NEWID(), NULL, NULL)
GO

INSERT INTO [dbo].[tasSearchObject] ([idfsSearchObject], [idfsFormType], [blnPrimary], [rowguid], [intRowStatus], [blnShowReportType], [strReservedAttribute])
VALUES (10082067, NULL, 1, NEWID(), 0, 0, NULL)
GO

INSERT INTO [dbo].[trtStringNameTranslation] ([idfsBaseReference], [idfsLanguage], [strTextString], [intRowStatus], [rowguid], [strMaintenanceFlag], [strReservedAttribute])
VALUES(10082067, 10049003,N'Vet Aggregate Disease', 0, NEWID(), NULL, NULL)
INSERT INTO [dbo].[trtStringNameTranslation] ([idfsBaseReference], [idfsLanguage], [strTextString], [intRowStatus], [rowguid], [strMaintenanceFlag], [strReservedAttribute])
VALUES(10082067, 10049004,N'ვეტერინარული აგრეგირებული დაავადება', 0, NEWID(), NULL, NULL)
INSERT INTO [dbo].[trtStringNameTranslation] ([idfsBaseReference], [idfsLanguage], [strTextString], [intRowStatus], [rowguid], [strMaintenanceFlag], [strReservedAttribute])
VALUES(10082067, 10049001,N'Qrupşəkilli baytarlıq xəstəliyi', 0, NEWID(), NULL, NULL)
INSERT INTO [dbo].[trtStringNameTranslation] ([idfsBaseReference], [idfsLanguage], [strTextString], [intRowStatus], [rowguid], [strMaintenanceFlag], [strReservedAttribute])
VALUES(10082067, 10049011,N'الأمراض الإجمالية البيطرية', 0, NEWID(), NULL, NULL)
GO
ALTER TABLE dbo.trtBaseReference ENABLE TRIGGER ALL

-- Veterinary Aggregate Disease - fields
INSERT INTO [dbo].[trtBaseReference] ([idfsBaseReference], [idfsReferenceType], [strBaseReferenceCode], [strDefault], [intHACode], [intOrder], [blnSystem], [intRowStatus], [rowguid], [strMaintenanceFlag], [strReservedAttribute]) VALUES (10081179, 19000080, 'sflVAD_AdministrativeLevel', 'Veterinary Aggregate Disease – Administrative Level', 226, 0, 1, 0, NEWID(), NULL, NULL);  -- using 10080710 as an example
INSERT INTO [dbo].[trtBaseReference] ([idfsBaseReference], [idfsReferenceType], [strBaseReferenceCode], [strDefault], [intHACode], [intOrder], [blnSystem], [intRowStatus], [rowguid], [strMaintenanceFlag], [strReservedAttribute]) VALUES (10081180, 19000080, 'sflVAD_CaseID', 'Veterinary Aggregate Disease – Case ID', 226, 1, 1, 0, NEWID(), NULL, NULL);  -- using 10080458 as an example
INSERT INTO [dbo].[trtBaseReference] ([idfsBaseReference], [idfsReferenceType], [strBaseReferenceCode], [strDefault], [intHACode], [intOrder], [blnSystem], [intRowStatus], [rowguid], [strMaintenanceFlag], [strReservedAttribute]) VALUES (10081181, 19000080, 'sflVAD_DateOfEntry', 'Veterinary Aggregate Disease – Date of Entry', 226, 2, 1, 0, NEWID(), NULL, NULL);  -- using 10080690 as an example
INSERT INTO [dbo].[trtBaseReference] ([idfsBaseReference], [idfsReferenceType], [strBaseReferenceCode], [strDefault], [intHACode], [intOrder], [blnSystem], [intRowStatus], [rowguid], [strMaintenanceFlag], [strReservedAttribute]) VALUES (10081182, 19000080, 'sflVAD_Diagnosis', 'Veterinary Aggregate Disease – Disease', 226, 3, 1, 0, NEWID(), NULL, NULL);  -- using 10080051 as an example
INSERT INTO [dbo].[trtBaseReference] ([idfsBaseReference], [idfsReferenceType], [strBaseReferenceCode], [strDefault], [intHACode], [intOrder], [blnSystem], [intRowStatus], [rowguid], [strMaintenanceFlag], [strReservedAttribute]) VALUES (10081183, 19000080, 'sflVAD_IsZoonotic', 'Veterinary Aggregate Disease – Disease – is Zoonotic', 226, 4, 1, 0, NEWID(), NULL, NULL);  -- using 10080558 as an example
INSERT INTO [dbo].[trtBaseReference] ([idfsBaseReference], [idfsReferenceType], [strBaseReferenceCode], [strDefault], [intHACode], [intOrder], [blnSystem], [intRowStatus], [rowguid], [strMaintenanceFlag], [strReservedAttribute]) VALUES (10081184, 19000080, 'sflVAD_OIEcode', 'Veterinary Aggregate Disease – OIE code', 226, 5, 1, 0, NEWID(), NULL, NULL);  -- using xxx as an example
INSERT INTO [dbo].[trtBaseReference] ([idfsBaseReference], [idfsReferenceType], [strBaseReferenceCode], [strDefault], [intHACode], [intOrder], [blnSystem], [intRowStatus], [rowguid], [strMaintenanceFlag], [strReservedAttribute]) VALUES (10081185, 19000080, 'sflVAD_Officer', 'Veterinary Aggregate Disease – Entered by Officer', 226, 6, 1, 0, NEWID(), NULL, NULL);  -- using 10080180 as an example
INSERT INTO [dbo].[trtBaseReference] ([idfsBaseReference], [idfsReferenceType], [strBaseReferenceCode], [strDefault], [intHACode], [intOrder], [blnSystem], [intRowStatus], [rowguid], [strMaintenanceFlag], [strReservedAttribute]) VALUES (10081186, 19000080, 'sflVAD_Site', 'Veterinary Aggregate Disease – Entered by Organization – Abbreviation', 96, 7, 1, 0, NEWID(), NULL, NULL);  -- using 10080192 as an example
INSERT INTO [dbo].[trtBaseReference] ([idfsBaseReference], [idfsReferenceType], [strBaseReferenceCode], [strDefault], [intHACode], [intOrder], [blnSystem], [intRowStatus], [rowguid], [strMaintenanceFlag], [strReservedAttribute]) VALUES (10081187, 19000080, 'sflVAD_EnteredByOrganizationID', 'Veterinary Aggregate Disease – Entered by Organization – ID', 226, 8, 1, 0, NEWID(), NULL, NULL);  -- using 10080583 as an example
INSERT INTO [dbo].[trtBaseReference] ([idfsBaseReference], [idfsReferenceType], [strBaseReferenceCode], [strDefault], [intHACode], [intOrder], [blnSystem], [intRowStatus], [rowguid], [strMaintenanceFlag], [strReservedAttribute]) VALUES (10081188, 19000080, 'sflVAD_ReceiveByInstitutionID', 'Veterinary Aggregate Disease – Notification Received by Institution – ID', 226, 8, 1, 0, NEWID(), NULL, NULL);  -- using 10080703 as an example
INSERT INTO [dbo].[trtBaseReference] ([idfsBaseReference], [idfsReferenceType], [strBaseReferenceCode], [strDefault], [intHACode], [intOrder], [blnSystem], [intRowStatus], [rowguid], [strMaintenanceFlag], [strReservedAttribute]) VALUES (10081189, 19000080, 'sflVAD_ReceivedByInst', 'Veterinary Aggregate Disease – Notification Received by Institution – Name', 226, 9, 1, 0, NEWID(), NULL, NULL);  -- using 10080700 as an example
INSERT INTO [dbo].[trtBaseReference] ([idfsBaseReference], [idfsReferenceType], [strBaseReferenceCode], [strDefault], [intHACode], [intOrder], [blnSystem], [intRowStatus], [rowguid], [strMaintenanceFlag], [strReservedAttribute]) VALUES (10081190, 19000080, 'sflVAD_ReceivedByOfficer', 'Veterinary Aggregate Disease – Notification Received by Officer', 226, 10, 1, 0, NEWID(), NULL, NULL);  -- using 10080706 as an example
INSERT INTO [dbo].[trtBaseReference] ([idfsBaseReference], [idfsReferenceType], [strBaseReferenceCode], [strDefault], [intHACode], [intOrder], [blnSystem], [intRowStatus], [rowguid], [strMaintenanceFlag], [strReservedAttribute]) VALUES (10081191, 19000080, 'sflVAD_NotificationReceivDate', 'Veterinary Aggregate Disease – Notification Received Date', 226, 11, 1, 0, NEWID(), NULL, NULL);  -- using 10080689 as an example
INSERT INTO [dbo].[trtBaseReference] ([idfsBaseReference], [idfsReferenceType], [strBaseReferenceCode], [strDefault], [intHACode], [intOrder], [blnSystem], [intRowStatus], [rowguid], [strMaintenanceFlag], [strReservedAttribute]) VALUES (10081192, 19000080, 'sflVAD_SentByInstitutionID', 'Veterinary Aggregate Disease – Notification Sent by Institution – ID', 226, 12, 1, 0, NEWID(), NULL, NULL);  -- using 10080702 as an example
INSERT INTO [dbo].[trtBaseReference] ([idfsBaseReference], [idfsReferenceType], [strBaseReferenceCode], [strDefault], [intHACode], [intOrder], [blnSystem], [intRowStatus], [rowguid], [strMaintenanceFlag], [strReservedAttribute]) VALUES (10081193, 19000080, 'sflVAD_SentByInstitution', 'Veterinary Aggregate Disease – Notification Sent by Institution – Name', 226, 13, 1, 0, NEWID(), NULL, NULL);  -- using 10080699 as an example
INSERT INTO [dbo].[trtBaseReference] ([idfsBaseReference], [idfsReferenceType], [strBaseReferenceCode], [strDefault], [intHACode], [intOrder], [blnSystem], [intRowStatus], [rowguid], [strMaintenanceFlag], [strReservedAttribute]) VALUES (10081194, 19000080, 'sflVAD_SentByOfficer', 'Veterinary Aggregate Disease – Notification Sent by Officer', 226, 14, 1, 0, NEWID(), NULL, NULL);  -- using 10080705 as an example
INSERT INTO [dbo].[trtBaseReference] ([idfsBaseReference], [idfsReferenceType], [strBaseReferenceCode], [strDefault], [intHACode], [intOrder], [blnSystem], [intRowStatus], [rowguid], [strMaintenanceFlag], [strReservedAttribute]) VALUES (10081195, 19000080, 'sflVAD_NotificationSentDate', 'Veterinary Aggregate Disease – Notification Sent Date', 226, 15, 1, 0, NEWID(), NULL, NULL);  -- using 10080688 as an example
INSERT INTO [dbo].[trtBaseReference] ([idfsBaseReference], [idfsReferenceType], [strBaseReferenceCode], [strDefault], [intHACode], [intOrder], [blnSystem], [intRowStatus], [rowguid], [strMaintenanceFlag], [strReservedAttribute]) VALUES (10081196, 19000080, 'sflVAD_Rayon', 'Veterinary Aggregate Disease – Rayon', 226, 16, 1, 0, NEWID(), NULL, NULL);  -- using 10080186 as an example
INSERT INTO [dbo].[trtBaseReference] ([idfsBaseReference], [idfsReferenceType], [strBaseReferenceCode], [strDefault], [intHACode], [intOrder], [blnSystem], [intRowStatus], [rowguid], [strMaintenanceFlag], [strReservedAttribute]) VALUES (10081197, 19000080, 'sflVAD_Region', 'Veterinary Aggregate Disease – Region', 226, 17, 1, 0, NEWID(), NULL, NULL);  -- using 10080085 as an example
INSERT INTO [dbo].[trtBaseReference] ([idfsBaseReference], [idfsReferenceType], [strBaseReferenceCode], [strDefault], [intHACode], [intOrder], [blnSystem], [intRowStatus], [rowguid], [strMaintenanceFlag], [strReservedAttribute]) VALUES (10081198, 19000080, 'sflVAD_GroupingDate', 'Veterinary Aggregate Disease – Time Interval for grouping', 226, 18, 1, 0, NEWID(), NULL, NULL);  -- using 10080693 as an example
INSERT INTO [dbo].[trtBaseReference] ([idfsBaseReference], [idfsReferenceType], [strBaseReferenceCode], [strDefault], [intHACode], [intOrder], [blnSystem], [intRowStatus], [rowguid], [strMaintenanceFlag], [strReservedAttribute]) VALUES (10081199, 19000080, 'sflVAD_EndDate', 'Veterinary Aggregate Disease – Time Interval End Date', 226, 19, 1, 0, NEWID(), NULL, NULL);  -- using 10080692 as an example
INSERT INTO [dbo].[trtBaseReference] ([idfsBaseReference], [idfsReferenceType], [strBaseReferenceCode], [strDefault], [intHACode], [intOrder], [blnSystem], [intRowStatus], [rowguid], [strMaintenanceFlag], [strReservedAttribute]) VALUES (10081200, 19000080, 'sflVAD_StartDate', 'Veterinary Aggregate Disease – Time Interval Start Date', 226, 20, 1, 0, NEWID(), NULL, NULL);  -- using 10080691 as an example
INSERT INTO [dbo].[trtBaseReference] ([idfsBaseReference], [idfsReferenceType], [strBaseReferenceCode], [strDefault], [intHACode], [intOrder], [blnSystem], [intRowStatus], [rowguid], [strMaintenanceFlag], [strReservedAttribute]) VALUES (10081201, 19000080, 'sflVAD_TimeIntervalUnit', 'Veterinary Aggregate Disease – Time Interval Unit', 226, 21, 1, 0, NEWID(), NULL, NULL);  -- using 10080709 as an example
INSERT INTO [dbo].[trtBaseReference] ([idfsBaseReference], [idfsReferenceType], [strBaseReferenceCode], [strDefault], [intHACode], [intOrder], [blnSystem], [intRowStatus], [rowguid], [strMaintenanceFlag], [strReservedAttribute]) VALUES (10081202, 19000080, 'sflVAD_Total', 'Veterinary Aggregate Disease – Total', 226, 22, 1, 0, NEWID(), NULL, NULL);  -- using 10080711 as an example
INSERT INTO [dbo].[trtBaseReference] ([idfsBaseReference], [idfsReferenceType], [strBaseReferenceCode], [strDefault], [intHACode], [intOrder], [blnSystem], [intRowStatus], [rowguid], [strMaintenanceFlag], [strReservedAttribute]) VALUES (10081203, 19000080, 'sflVAD_Settlement', 'Veterinary Aggregate Disease – Settlement', 226, 23, 1, 0, NEWID(), NULL, NULL);  -- using 10080191 as an example


INSERT INTO [dbo].[trtStringNameTranslation] ([idfsBaseReference], [idfsLanguage], [strTextString], [intRowStatus], [rowguid], [strMaintenanceFlag], [strReservedAttribute]) VALUES (10081179, 10049003, N'Veterinary Aggregate Disease – Administrative Level', 0, NEWID(), NULL, NULL);
INSERT INTO [dbo].[trtStringNameTranslation] ([idfsBaseReference], [idfsLanguage], [strTextString], [intRowStatus], [rowguid], [strMaintenanceFlag], [strReservedAttribute]) VALUES (10081179, 10049004, N'ვეტერინარული აგრეგირებული დაავადება - ადმინისტრაციული დონე', 0, NEWID(), NULL, NULL);
INSERT INTO [dbo].[trtStringNameTranslation] ([idfsBaseReference], [idfsLanguage], [strTextString], [intRowStatus], [rowguid], [strMaintenanceFlag], [strReservedAttribute]) VALUES (10081179, 10049001, N'Qrupşəkilli Baytarlıq Xəstəlikləri - İnzibati səviyyə', 0, NEWID(), NULL, NULL);
INSERT INTO [dbo].[trtStringNameTranslation] ([idfsBaseReference], [idfsLanguage], [strTextString], [intRowStatus], [rowguid], [strMaintenanceFlag], [strReservedAttribute]) VALUES (10081179, 10049011, N'مجموعة الامراض البيطرية - المستوى الاداري ', 0, NEWID(), NULL, NULL);

INSERT INTO [dbo].[trtStringNameTranslation] ([idfsBaseReference], [idfsLanguage], [strTextString], [intRowStatus], [rowguid], [strMaintenanceFlag], [strReservedAttribute]) VALUES (10081180, 10049003, N'Veterinary Aggregate Disease – Case ID', 0, NEWID(), NULL, NULL);
INSERT INTO [dbo].[trtStringNameTranslation] ([idfsBaseReference], [idfsLanguage], [strTextString], [intRowStatus], [rowguid], [strMaintenanceFlag], [strReservedAttribute]) VALUES (10081180, 10049004, N'ვეტერინარული აგრეგირებული დაავადება - შემთხვევის ID', 0, NEWID(), NULL, NULL);
INSERT INTO [dbo].[trtStringNameTranslation] ([idfsBaseReference], [idfsLanguage], [strTextString], [intRowStatus], [rowguid], [strMaintenanceFlag], [strReservedAttribute]) VALUES (10081180, 10049001, N'Qrupşəkilli Baytarlıq Xəstəlikləri - Hadisənin Q/N-si', 0, NEWID(), NULL, NULL);
INSERT INTO [dbo].[trtStringNameTranslation] ([idfsBaseReference], [idfsLanguage], [strTextString], [intRowStatus], [rowguid], [strMaintenanceFlag], [strReservedAttribute]) VALUES (10081180, 10049011, N'مجموعة الامراض البيطرية - معرّف الحالة ', 0, NEWID(), NULL, NULL);

INSERT INTO [dbo].[trtStringNameTranslation] ([idfsBaseReference], [idfsLanguage], [strTextString], [intRowStatus], [rowguid], [strMaintenanceFlag], [strReservedAttribute]) VALUES (10081181, 10049003, N'Veterinary Aggregate Disease – Date of Entry', 0, NEWID(), NULL, NULL);
INSERT INTO [dbo].[trtStringNameTranslation] ([idfsBaseReference], [idfsLanguage], [strTextString], [intRowStatus], [rowguid], [strMaintenanceFlag], [strReservedAttribute]) VALUES (10081181, 10049004, N'ვეტერინარული აგრეგირებული დაავადება - შეყვანის თარიღი', 0, NEWID(), NULL, NULL);
INSERT INTO [dbo].[trtStringNameTranslation] ([idfsBaseReference], [idfsLanguage], [strTextString], [intRowStatus], [rowguid], [strMaintenanceFlag], [strReservedAttribute]) VALUES (10081181, 10049001, N'Qrupşəkilli Baytarlıq Xəstəlikləri - Daxil etmə tarixi', 0, NEWID(), NULL, NULL);
INSERT INTO [dbo].[trtStringNameTranslation] ([idfsBaseReference], [idfsLanguage], [strTextString], [intRowStatus], [rowguid], [strMaintenanceFlag], [strReservedAttribute]) VALUES (10081181, 10049011, N'مجموعة الامراض البيطرية - تاريخ الدخول ', 0, NEWID(), NULL, NULL);

INSERT INTO [dbo].[trtStringNameTranslation] ([idfsBaseReference], [idfsLanguage], [strTextString], [intRowStatus], [rowguid], [strMaintenanceFlag], [strReservedAttribute]) VALUES (10081182, 10049003, N'Veterinary Aggregate Disease – Disease', 0, NEWID(), NULL, NULL);
INSERT INTO [dbo].[trtStringNameTranslation] ([idfsBaseReference], [idfsLanguage], [strTextString], [intRowStatus], [rowguid], [strMaintenanceFlag], [strReservedAttribute]) VALUES (10081182, 10049004, N'ვეტერინარული აგრეგირებული დაავადება - დაავადება', 0, NEWID(), NULL, NULL);
INSERT INTO [dbo].[trtStringNameTranslation] ([idfsBaseReference], [idfsLanguage], [strTextString], [intRowStatus], [rowguid], [strMaintenanceFlag], [strReservedAttribute]) VALUES (10081182, 10049001, N'Qrupşəkilli Baytarlıq Xəstəlikləri - Xəstəlik', 0, NEWID(), NULL, NULL);
INSERT INTO [dbo].[trtStringNameTranslation] ([idfsBaseReference], [idfsLanguage], [strTextString], [intRowStatus], [rowguid], [strMaintenanceFlag], [strReservedAttribute]) VALUES (10081182, 10049011, N'مجموعة الامراض البيطرية - المرض ', 0, NEWID(), NULL, NULL);

INSERT INTO [dbo].[trtStringNameTranslation] ([idfsBaseReference], [idfsLanguage], [strTextString], [intRowStatus], [rowguid], [strMaintenanceFlag], [strReservedAttribute]) VALUES (10081183, 10049003, N'Veterinary Aggregate Disease – Disease – is Zoonotic', 0, NEWID(), NULL, NULL);
INSERT INTO [dbo].[trtStringNameTranslation] ([idfsBaseReference], [idfsLanguage], [strTextString], [intRowStatus], [rowguid], [strMaintenanceFlag], [strReservedAttribute]) VALUES (10081183, 10049004, N'ვეტერინარული აგრეგირებული დაავადება - დაავადება - არის ზოონოზური', 0, NEWID(), NULL, NULL);
INSERT INTO [dbo].[trtStringNameTranslation] ([idfsBaseReference], [idfsLanguage], [strTextString], [intRowStatus], [rowguid], [strMaintenanceFlag], [strReservedAttribute]) VALUES (10081183, 10049001, N'Qrupşəkilli Baytarlıq Xəstəlikləri - Xəstəlik - Zoonozdur', 0, NEWID(), NULL, NULL);
INSERT INTO [dbo].[trtStringNameTranslation] ([idfsBaseReference], [idfsLanguage], [strTextString], [intRowStatus], [rowguid], [strMaintenanceFlag], [strReservedAttribute]) VALUES (10081183, 10049011, N'مجموعة الامراض البيطرية - المرض - حيوانيّ المصدر ', 0, NEWID(), NULL, NULL);

INSERT INTO [dbo].[trtStringNameTranslation] ([idfsBaseReference], [idfsLanguage], [strTextString], [intRowStatus], [rowguid], [strMaintenanceFlag], [strReservedAttribute]) VALUES (10081184, 10049003, N'Veterinary Aggregate Disease – OIE code', 0, NEWID(), NULL, NULL);
INSERT INTO [dbo].[trtStringNameTranslation] ([idfsBaseReference], [idfsLanguage], [strTextString], [intRowStatus], [rowguid], [strMaintenanceFlag], [strReservedAttribute]) VALUES (10081184, 10049004, N'ვეტერინარული აგრეგირებული დაავადება - OIE კოდი', 0, NEWID(), NULL, NULL);
INSERT INTO [dbo].[trtStringNameTranslation] ([idfsBaseReference], [idfsLanguage], [strTextString], [intRowStatus], [rowguid], [strMaintenanceFlag], [strReservedAttribute]) VALUES (10081184, 10049001, N'Qrupşəkilli Baytarlıq Xəstəlikləri - BEB-in kodu', 0, NEWID(), NULL, NULL);
INSERT INTO [dbo].[trtStringNameTranslation] ([idfsBaseReference], [idfsLanguage], [strTextString], [intRowStatus], [rowguid], [strMaintenanceFlag], [strReservedAttribute]) VALUES (10081184, 10049011, N'مجموعة الامراض البيطرية - رمز المنظمة العالمية لصحة الحيوان ', 0, NEWID(), NULL, NULL);

INSERT INTO [dbo].[trtStringNameTranslation] ([idfsBaseReference], [idfsLanguage], [strTextString], [intRowStatus], [rowguid], [strMaintenanceFlag], [strReservedAttribute]) VALUES (10081185, 10049003, N'Veterinary Aggregate Disease – Entered by Officer', 0, NEWID(), NULL, NULL);
INSERT INTO [dbo].[trtStringNameTranslation] ([idfsBaseReference], [idfsLanguage], [strTextString], [intRowStatus], [rowguid], [strMaintenanceFlag], [strReservedAttribute]) VALUES (10081185, 10049004, N'ვეტერინარული აგრეგირებული დაავადება - შეყვანილია თანამშრომლის მიერ', 0, NEWID(), NULL, NULL);
INSERT INTO [dbo].[trtStringNameTranslation] ([idfsBaseReference], [idfsLanguage], [strTextString], [intRowStatus], [rowguid], [strMaintenanceFlag], [strReservedAttribute]) VALUES (10081185, 10049001, N'Qrupşəkilli Baytarlıq Xəstəlikləri - Daxil edən işçi', 0, NEWID(), NULL, NULL);
INSERT INTO [dbo].[trtStringNameTranslation] ([idfsBaseReference], [idfsLanguage], [strTextString], [intRowStatus], [rowguid], [strMaintenanceFlag], [strReservedAttribute]) VALUES (10081185, 10049011, N'مجموعة الامراض البيطرية - أدخلها الموظف ', 0, NEWID(), NULL, NULL);

INSERT INTO [dbo].[trtStringNameTranslation] ([idfsBaseReference], [idfsLanguage], [strTextString], [intRowStatus], [rowguid], [strMaintenanceFlag], [strReservedAttribute]) VALUES (10081186, 10049003, N'Veterinary Aggregate Disease – Entered by Organization – Abbreviation', 0, NEWID(), NULL, NULL);
INSERT INTO [dbo].[trtStringNameTranslation] ([idfsBaseReference], [idfsLanguage], [strTextString], [intRowStatus], [rowguid], [strMaintenanceFlag], [strReservedAttribute]) VALUES (10081186, 10049004, N'ვეტერინარული აგრეგირებული დაავადება - შეყვანილია ორგანიზაციის მიერ - აბრევიაცია', 0, NEWID(), NULL, NULL);
INSERT INTO [dbo].[trtStringNameTranslation] ([idfsBaseReference], [idfsLanguage], [strTextString], [intRowStatus], [rowguid], [strMaintenanceFlag], [strReservedAttribute]) VALUES (10081186, 10049001, N'Qrupşəkilli Baytarlıq Xəstəlikləri - Daxil edən təşkilat - Qısa adı', 0, NEWID(), NULL, NULL);
INSERT INTO [dbo].[trtStringNameTranslation] ([idfsBaseReference], [idfsLanguage], [strTextString], [intRowStatus], [rowguid], [strMaintenanceFlag], [strReservedAttribute]) VALUES (10081186, 10049011, N'مجموعة الامراض البيطرية - أدخلتها المنظمة - الاختصار ', 0, NEWID(), NULL, NULL);

INSERT INTO [dbo].[trtStringNameTranslation] ([idfsBaseReference], [idfsLanguage], [strTextString], [intRowStatus], [rowguid], [strMaintenanceFlag], [strReservedAttribute]) VALUES (10081187, 10049003, N'Veterinary Aggregate Disease – Entered by Organization – ID', 0, NEWID(), NULL, NULL);
INSERT INTO [dbo].[trtStringNameTranslation] ([idfsBaseReference], [idfsLanguage], [strTextString], [intRowStatus], [rowguid], [strMaintenanceFlag], [strReservedAttribute]) VALUES (10081187, 10049004, N'ვეტერინარული აგრეგირებული დაავადება - შეყვანილია ორგანიზაციის მიერ - ID', 0, NEWID(), NULL, NULL);
INSERT INTO [dbo].[trtStringNameTranslation] ([idfsBaseReference], [idfsLanguage], [strTextString], [intRowStatus], [rowguid], [strMaintenanceFlag], [strReservedAttribute]) VALUES (10081187, 10049001, N'Qrupşəkilli Baytarlıq Xəstəlikləri - Daxil edən təşkilat - Q/N-si', 0, NEWID(), NULL, NULL);
INSERT INTO [dbo].[trtStringNameTranslation] ([idfsBaseReference], [idfsLanguage], [strTextString], [intRowStatus], [rowguid], [strMaintenanceFlag], [strReservedAttribute]) VALUES (10081187, 10049011, N'مجموعة الامراض البيطرية - أدخلتها المنظمة - المعرّف ', 0, NEWID(), NULL, NULL);

INSERT INTO [dbo].[trtStringNameTranslation] ([idfsBaseReference], [idfsLanguage], [strTextString], [intRowStatus], [rowguid], [strMaintenanceFlag], [strReservedAttribute]) VALUES (10081188, 10049003, N'Veterinary Aggregate Disease – Notification Received by Institution – ID', 0, NEWID(), NULL, NULL);
INSERT INTO [dbo].[trtStringNameTranslation] ([idfsBaseReference], [idfsLanguage], [strTextString], [intRowStatus], [rowguid], [strMaintenanceFlag], [strReservedAttribute]) VALUES (10081188, 10049004, N'ვეტერინარული აგრეგირებული დაავადება - შეტყობინება მიიღო დაწესებულებამ - ID', 0, NEWID(), NULL, NULL);
INSERT INTO [dbo].[trtStringNameTranslation] ([idfsBaseReference], [idfsLanguage], [strTextString], [intRowStatus], [rowguid], [strMaintenanceFlag], [strReservedAttribute]) VALUES (10081188, 10049001, N'Qrupşəkilli Baytarlıq Xəstəlikləri - Bildirişi qəbul edən müəssisə - Q/N-si', 0, NEWID(), NULL, NULL);
INSERT INTO [dbo].[trtStringNameTranslation] ([idfsBaseReference], [idfsLanguage], [strTextString], [intRowStatus], [rowguid], [strMaintenanceFlag], [strReservedAttribute]) VALUES (10081188, 10049011, N'مجموعة الامراض البيطرية - استلمتها المؤسسة - المعرّف ', 0, NEWID(), NULL, NULL);

INSERT INTO [dbo].[trtStringNameTranslation] ([idfsBaseReference], [idfsLanguage], [strTextString], [intRowStatus], [rowguid], [strMaintenanceFlag], [strReservedAttribute]) VALUES (10081189, 10049003, N'Veterinary Aggregate Disease – Notification Received by Institution – Name', 0, NEWID(), NULL, NULL);
INSERT INTO [dbo].[trtStringNameTranslation] ([idfsBaseReference], [idfsLanguage], [strTextString], [intRowStatus], [rowguid], [strMaintenanceFlag], [strReservedAttribute]) VALUES (10081189, 10049004, N'ვეტერინარული აგრეგირებული დაავადება - შეტყობინება მიიღო დაწესებულებამ - დასახელება', 0, NEWID(), NULL, NULL);
INSERT INTO [dbo].[trtStringNameTranslation] ([idfsBaseReference], [idfsLanguage], [strTextString], [intRowStatus], [rowguid], [strMaintenanceFlag], [strReservedAttribute]) VALUES (10081189, 10049001, N'Qrupşəkilli Baytarlıq Xəstəlikləri - Bildirişi qəbul edən müəssisə - Adı', 0, NEWID(), NULL, NULL);
INSERT INTO [dbo].[trtStringNameTranslation] ([idfsBaseReference], [idfsLanguage], [strTextString], [intRowStatus], [rowguid], [strMaintenanceFlag], [strReservedAttribute]) VALUES (10081189, 10049011, N'مجموعة الامراض البيطرية - استلمتها المؤسسة - الاسم ', 0, NEWID(), NULL, NULL);

INSERT INTO [dbo].[trtStringNameTranslation] ([idfsBaseReference], [idfsLanguage], [strTextString], [intRowStatus], [rowguid], [strMaintenanceFlag], [strReservedAttribute]) VALUES (10081190, 10049003, N'Veterinary Aggregate Disease – Notification Received by Officer', 0, NEWID(), NULL, NULL);
INSERT INTO [dbo].[trtStringNameTranslation] ([idfsBaseReference], [idfsLanguage], [strTextString], [intRowStatus], [rowguid], [strMaintenanceFlag], [strReservedAttribute]) VALUES (10081190, 10049004, N'ვეტერინარული აგრეგირებული დაავადება - შეტყობინება მიიღო თანამშრომელმა', 0, NEWID(), NULL, NULL);
INSERT INTO [dbo].[trtStringNameTranslation] ([idfsBaseReference], [idfsLanguage], [strTextString], [intRowStatus], [rowguid], [strMaintenanceFlag], [strReservedAttribute]) VALUES (10081190, 10049001, N'Qrupşəkilli Baytarlıq Xəstəlikləri - Bildirişi qəbul edən işçi', 0, NEWID(), NULL, NULL);
INSERT INTO [dbo].[trtStringNameTranslation] ([idfsBaseReference], [idfsLanguage], [strTextString], [intRowStatus], [rowguid], [strMaintenanceFlag], [strReservedAttribute]) VALUES (10081190, 10049011, N'مجموعة الامراض البيطرية - الموظف  الذي استلم الإخطار ', 0, NEWID(), NULL, NULL);

INSERT INTO [dbo].[trtStringNameTranslation] ([idfsBaseReference], [idfsLanguage], [strTextString], [intRowStatus], [rowguid], [strMaintenanceFlag], [strReservedAttribute]) VALUES (10081191, 10049003, N'Veterinary Aggregate Disease – Notification Received Date', 0, NEWID(), NULL, NULL);
INSERT INTO [dbo].[trtStringNameTranslation] ([idfsBaseReference], [idfsLanguage], [strTextString], [intRowStatus], [rowguid], [strMaintenanceFlag], [strReservedAttribute]) VALUES (10081191, 10049004, N'ვეტერინარული აგრეგირებული დაავადება - შეტყობინების მიღების თარიღი', 0, NEWID(), NULL, NULL);
INSERT INTO [dbo].[trtStringNameTranslation] ([idfsBaseReference], [idfsLanguage], [strTextString], [intRowStatus], [rowguid], [strMaintenanceFlag], [strReservedAttribute]) VALUES (10081191, 10049001, N'Qrupşəkilli Baytarlıq Xəstəlikləri - Bildirişin qəbul edilmə tarixi', 0, NEWID(), NULL, NULL);
INSERT INTO [dbo].[trtStringNameTranslation] ([idfsBaseReference], [idfsLanguage], [strTextString], [intRowStatus], [rowguid], [strMaintenanceFlag], [strReservedAttribute]) VALUES (10081191, 10049011, N'مجموعة الامراض البيطرية - تاريخ استلام الإخطار ', 0, NEWID(), NULL, NULL);

INSERT INTO [dbo].[trtStringNameTranslation] ([idfsBaseReference], [idfsLanguage], [strTextString], [intRowStatus], [rowguid], [strMaintenanceFlag], [strReservedAttribute]) VALUES (10081192, 10049003, N'Veterinary Aggregate Disease – Notification Sent by Institution – ID', 0, NEWID(), NULL, NULL);
INSERT INTO [dbo].[trtStringNameTranslation] ([idfsBaseReference], [idfsLanguage], [strTextString], [intRowStatus], [rowguid], [strMaintenanceFlag], [strReservedAttribute]) VALUES (10081192, 10049004, N'ვეტერინარული აგრეგირებული დაავადება - შეტყობინება გაგზავნილია დაწესებულების მიერ - ID', 0, NEWID(), NULL, NULL);
INSERT INTO [dbo].[trtStringNameTranslation] ([idfsBaseReference], [idfsLanguage], [strTextString], [intRowStatus], [rowguid], [strMaintenanceFlag], [strReservedAttribute]) VALUES (10081192, 10049001, N'Qrupşəkilli Baytarlıq Xəstəlikləri - Bildirişi göndərən müəssisə - Q/N-si', 0, NEWID(), NULL, NULL);
INSERT INTO [dbo].[trtStringNameTranslation] ([idfsBaseReference], [idfsLanguage], [strTextString], [intRowStatus], [rowguid], [strMaintenanceFlag], [strReservedAttribute]) VALUES (10081192, 10049011, N'مجموعة الامراض البيطرية -  الإخطار الذي ارسلته المؤسسة - المعرّف ', 0, NEWID(), NULL, NULL);

INSERT INTO [dbo].[trtStringNameTranslation] ([idfsBaseReference], [idfsLanguage], [strTextString], [intRowStatus], [rowguid], [strMaintenanceFlag], [strReservedAttribute]) VALUES (10081193, 10049003, N'Veterinary Aggregate Disease – Notification Sent by Institution – Name', 0, NEWID(), NULL, NULL);
INSERT INTO [dbo].[trtStringNameTranslation] ([idfsBaseReference], [idfsLanguage], [strTextString], [intRowStatus], [rowguid], [strMaintenanceFlag], [strReservedAttribute]) VALUES (10081193, 10049004, N'ვეტერინარული აგრეგირებული დაავადება - შეტყობინება გაგზავნილია დაწესებულების მიერ - დასახელება', 0, NEWID(), NULL, NULL);
INSERT INTO [dbo].[trtStringNameTranslation] ([idfsBaseReference], [idfsLanguage], [strTextString], [intRowStatus], [rowguid], [strMaintenanceFlag], [strReservedAttribute]) VALUES (10081193, 10049001, N'Qrupşəkilli Baytarlıq Xəstəlikləri - Bildirişi göndərən müəssisə - Adı', 0, NEWID(), NULL, NULL);
INSERT INTO [dbo].[trtStringNameTranslation] ([idfsBaseReference], [idfsLanguage], [strTextString], [intRowStatus], [rowguid], [strMaintenanceFlag], [strReservedAttribute]) VALUES (10081193, 10049011, N'مجموعة الامراض البيطرية -   الإخطار الذي ارسلته المؤسسة - الاسم ', 0, NEWID(), NULL, NULL);

INSERT INTO [dbo].[trtStringNameTranslation] ([idfsBaseReference], [idfsLanguage], [strTextString], [intRowStatus], [rowguid], [strMaintenanceFlag], [strReservedAttribute]) VALUES (10081194, 10049003, N'Veterinary Aggregate Disease – Notification Sent by Officer', 0, NEWID(), NULL, NULL);
INSERT INTO [dbo].[trtStringNameTranslation] ([idfsBaseReference], [idfsLanguage], [strTextString], [intRowStatus], [rowguid], [strMaintenanceFlag], [strReservedAttribute]) VALUES (10081194, 10049004, N'ვეტერინარული აგრეგირებული დაავადება - შეტყობინება გაგზავნილია თანამშრომლის მიერ', 0, NEWID(), NULL, NULL);
INSERT INTO [dbo].[trtStringNameTranslation] ([idfsBaseReference], [idfsLanguage], [strTextString], [intRowStatus], [rowguid], [strMaintenanceFlag], [strReservedAttribute]) VALUES (10081194, 10049001, N'Qrupşəkilli Baytarlıq Xəstəlikləri - Bildirişi göndərən işçi', 0, NEWID(), NULL, NULL);
INSERT INTO [dbo].[trtStringNameTranslation] ([idfsBaseReference], [idfsLanguage], [strTextString], [intRowStatus], [rowguid], [strMaintenanceFlag], [strReservedAttribute]) VALUES (10081194, 10049011, N'مجموعة الامراض البيطرية - الإخطار الذي ارسله الموظف ', 0, NEWID(), NULL, NULL);

INSERT INTO [dbo].[trtStringNameTranslation] ([idfsBaseReference], [idfsLanguage], [strTextString], [intRowStatus], [rowguid], [strMaintenanceFlag], [strReservedAttribute]) VALUES (10081195, 10049003, N'Veterinary Aggregate Disease – Notification Sent Date', 0, NEWID(), NULL, NULL);
INSERT INTO [dbo].[trtStringNameTranslation] ([idfsBaseReference], [idfsLanguage], [strTextString], [intRowStatus], [rowguid], [strMaintenanceFlag], [strReservedAttribute]) VALUES (10081195, 10049004, N'ვეტერინარული აგრეგირებული დაავადება - შეტყობინების გაგზავნის თარიღი', 0, NEWID(), NULL, NULL);
INSERT INTO [dbo].[trtStringNameTranslation] ([idfsBaseReference], [idfsLanguage], [strTextString], [intRowStatus], [rowguid], [strMaintenanceFlag], [strReservedAttribute]) VALUES (10081195, 10049001, N'Qrupşəkilli Baytarlıq Xəstəlikləri - Bildirişin göndərilmə tarixi', 0, NEWID(), NULL, NULL);
INSERT INTO [dbo].[trtStringNameTranslation] ([idfsBaseReference], [idfsLanguage], [strTextString], [intRowStatus], [rowguid], [strMaintenanceFlag], [strReservedAttribute]) VALUES (10081195, 10049011, N'مجموعة الامراض البيطرية -  تاريخ ارسال الإخطار ', 0, NEWID(), NULL, NULL);

INSERT INTO [dbo].[trtStringNameTranslation] ([idfsBaseReference], [idfsLanguage], [strTextString], [intRowStatus], [rowguid], [strMaintenanceFlag], [strReservedAttribute]) VALUES (10081196, 10049003, N'Veterinary Aggregate Disease – Rayon', 0, NEWID(), NULL, NULL);
INSERT INTO [dbo].[trtStringNameTranslation] ([idfsBaseReference], [idfsLanguage], [strTextString], [intRowStatus], [rowguid], [strMaintenanceFlag], [strReservedAttribute]) VALUES (10081196, 10049004, N'ვეტერინარული აგრეგირებული დაავადება - რაიონი', 0, NEWID(), NULL, NULL);
INSERT INTO [dbo].[trtStringNameTranslation] ([idfsBaseReference], [idfsLanguage], [strTextString], [intRowStatus], [rowguid], [strMaintenanceFlag], [strReservedAttribute]) VALUES (10081196, 10049001, N'Qrupşəkilli Baytarlıq Xəstəlikləri - Rayon', 0, NEWID(), NULL, NULL);
INSERT INTO [dbo].[trtStringNameTranslation] ([idfsBaseReference], [idfsLanguage], [strTextString], [intRowStatus], [rowguid], [strMaintenanceFlag], [strReservedAttribute]) VALUES (10081196, 10049011, N'مجموعة الامراض البيطرية - رايون ', 0, NEWID(), NULL, NULL);

INSERT INTO [dbo].[trtStringNameTranslation] ([idfsBaseReference], [idfsLanguage], [strTextString], [intRowStatus], [rowguid], [strMaintenanceFlag], [strReservedAttribute]) VALUES (10081197, 10049003, N'Veterinary Aggregate Disease – Region', 0, NEWID(), NULL, NULL);
INSERT INTO [dbo].[trtStringNameTranslation] ([idfsBaseReference], [idfsLanguage], [strTextString], [intRowStatus], [rowguid], [strMaintenanceFlag], [strReservedAttribute]) VALUES (10081197, 10049004, N'ვეტერინარული აგრეგირებული დაავადება - რეგიონი', 0, NEWID(), NULL, NULL);
INSERT INTO [dbo].[trtStringNameTranslation] ([idfsBaseReference], [idfsLanguage], [strTextString], [intRowStatus], [rowguid], [strMaintenanceFlag], [strReservedAttribute]) VALUES (10081197, 10049001, N'Qrupşəkilli Baytarlıq Xəstəlikləri - Region', 0, NEWID(), NULL, NULL);
INSERT INTO [dbo].[trtStringNameTranslation] ([idfsBaseReference], [idfsLanguage], [strTextString], [intRowStatus], [rowguid], [strMaintenanceFlag], [strReservedAttribute]) VALUES (10081197, 10049011, N'مجموعة الامراض البيطرية -  المنطقة ', 0, NEWID(), NULL, NULL);

INSERT INTO [dbo].[trtStringNameTranslation] ([idfsBaseReference], [idfsLanguage], [strTextString], [intRowStatus], [rowguid], [strMaintenanceFlag], [strReservedAttribute]) VALUES (10081198, 10049003, N'Veterinary Aggregate Disease – Time Interval for grouping', 0, NEWID(), NULL, NULL);
INSERT INTO [dbo].[trtStringNameTranslation] ([idfsBaseReference], [idfsLanguage], [strTextString], [intRowStatus], [rowguid], [strMaintenanceFlag], [strReservedAttribute]) VALUES (10081198, 10049004, N'ვეტერინარული აგრეგირებული დაავადება - დაჯგუფების დროის შუალედი', 0, NEWID(), NULL, NULL);
INSERT INTO [dbo].[trtStringNameTranslation] ([idfsBaseReference], [idfsLanguage], [strTextString], [intRowStatus], [rowguid], [strMaintenanceFlag], [strReservedAttribute]) VALUES (10081198, 10049001, N'Qrupşəkilli Baytarlıq Xəstəlikləri - Qruplaşdırma üçün vaxt müddəti', 0, NEWID(), NULL, NULL);
INSERT INTO [dbo].[trtStringNameTranslation] ([idfsBaseReference], [idfsLanguage], [strTextString], [intRowStatus], [rowguid], [strMaintenanceFlag], [strReservedAttribute]) VALUES (10081198, 10049011, N'مجموعة الامراض البيطرية -  الفاصل الزمني للمجموعة ', 0, NEWID(), NULL, NULL);

INSERT INTO [dbo].[trtStringNameTranslation] ([idfsBaseReference], [idfsLanguage], [strTextString], [intRowStatus], [rowguid], [strMaintenanceFlag], [strReservedAttribute]) VALUES (10081199, 10049003, N'Veterinary Aggregate Disease – Time Interval End Date', 0, NEWID(), NULL, NULL);
INSERT INTO [dbo].[trtStringNameTranslation] ([idfsBaseReference], [idfsLanguage], [strTextString], [intRowStatus], [rowguid], [strMaintenanceFlag], [strReservedAttribute]) VALUES (10081199, 10049004, N'ვეტერინარული აგრეგირებული დაავადება - დროის შუალედის დასრულების თარიღი', 0, NEWID(), NULL, NULL);
INSERT INTO [dbo].[trtStringNameTranslation] ([idfsBaseReference], [idfsLanguage], [strTextString], [intRowStatus], [rowguid], [strMaintenanceFlag], [strReservedAttribute]) VALUES (10081199, 10049001, N'Qrupşəkilli Baytarlıq Xəstəlikləri - Vaxt müddətinin bitmə tarixi', 0, NEWID(), NULL, NULL);
INSERT INTO [dbo].[trtStringNameTranslation] ([idfsBaseReference], [idfsLanguage], [strTextString], [intRowStatus], [rowguid], [strMaintenanceFlag], [strReservedAttribute]) VALUES (10081199, 10049011, N'مجموعة الامراض البيطرية -  تاريخ انتهاء الفاصل الزمني ', 0, NEWID(), NULL, NULL);

INSERT INTO [dbo].[trtStringNameTranslation] ([idfsBaseReference], [idfsLanguage], [strTextString], [intRowStatus], [rowguid], [strMaintenanceFlag], [strReservedAttribute]) VALUES (10081200, 10049003, N'Veterinary Aggregate Disease – Time Interval Start Date', 0, NEWID(), NULL, NULL);
INSERT INTO [dbo].[trtStringNameTranslation] ([idfsBaseReference], [idfsLanguage], [strTextString], [intRowStatus], [rowguid], [strMaintenanceFlag], [strReservedAttribute]) VALUES (10081200, 10049004, N'ვეტერინარული აგრეგირებული დაავადება - დროის შუალედის დაწყების თარიღი', 0, NEWID(), NULL, NULL);
INSERT INTO [dbo].[trtStringNameTranslation] ([idfsBaseReference], [idfsLanguage], [strTextString], [intRowStatus], [rowguid], [strMaintenanceFlag], [strReservedAttribute]) VALUES (10081200, 10049001, N'Qrupşəkilli Baytarlıq Xəstəlikləri - Vaxt müddətinin başlanma tarixi', 0, NEWID(), NULL, NULL);
INSERT INTO [dbo].[trtStringNameTranslation] ([idfsBaseReference], [idfsLanguage], [strTextString], [intRowStatus], [rowguid], [strMaintenanceFlag], [strReservedAttribute]) VALUES (10081200, 10049011, N'مجموعة الامراض البيطرية - تاريخ بدء الفاصل الزمني ', 0, NEWID(), NULL, NULL);

INSERT INTO [dbo].[trtStringNameTranslation] ([idfsBaseReference], [idfsLanguage], [strTextString], [intRowStatus], [rowguid], [strMaintenanceFlag], [strReservedAttribute]) VALUES (10081201, 10049003, N'Veterinary Aggregate Disease – Time Interval Unit', 0, NEWID(), NULL, NULL);
INSERT INTO [dbo].[trtStringNameTranslation] ([idfsBaseReference], [idfsLanguage], [strTextString], [intRowStatus], [rowguid], [strMaintenanceFlag], [strReservedAttribute]) VALUES (10081201, 10049004, N'ვეტერინარული აგრეგირებული დაავადება - დროის შუალედის ერთეული', 0, NEWID(), NULL, NULL);
INSERT INTO [dbo].[trtStringNameTranslation] ([idfsBaseReference], [idfsLanguage], [strTextString], [intRowStatus], [rowguid], [strMaintenanceFlag], [strReservedAttribute]) VALUES (10081201, 10049001, N'Qrupşəkilli Baytarlıq Xəstəlikləri - Vaxt müddətinin vahidi', 0, NEWID(), NULL, NULL);
INSERT INTO [dbo].[trtStringNameTranslation] ([idfsBaseReference], [idfsLanguage], [strTextString], [intRowStatus], [rowguid], [strMaintenanceFlag], [strReservedAttribute]) VALUES (10081201, 10049011, N'مجموعة الامراض البيطرية - وحدة الفاصل الزمني ', 0, NEWID(), NULL, NULL);

INSERT INTO [dbo].[trtStringNameTranslation] ([idfsBaseReference], [idfsLanguage], [strTextString], [intRowStatus], [rowguid], [strMaintenanceFlag], [strReservedAttribute]) VALUES (10081202, 10049003, N'Veterinary Aggregate Disease – Total', 0, NEWID(), NULL, NULL);
INSERT INTO [dbo].[trtStringNameTranslation] ([idfsBaseReference], [idfsLanguage], [strTextString], [intRowStatus], [rowguid], [strMaintenanceFlag], [strReservedAttribute]) VALUES (10081202, 10049004, N'ვეტერინარული აგრეგირებული დაავადება - დროის შუალედის ერთეული', 0, NEWID(), NULL, NULL);
INSERT INTO [dbo].[trtStringNameTranslation] ([idfsBaseReference], [idfsLanguage], [strTextString], [intRowStatus], [rowguid], [strMaintenanceFlag], [strReservedAttribute]) VALUES (10081202, 10049001, N'Qrupşəkilli Baytarlıq Xəstəlikləri - Vaxt müddətinin vahidi', 0, NEWID(), NULL, NULL);
INSERT INTO [dbo].[trtStringNameTranslation] ([idfsBaseReference], [idfsLanguage], [strTextString], [intRowStatus], [rowguid], [strMaintenanceFlag], [strReservedAttribute]) VALUES (10081202, 10049011, N'مجموعة الامراض البيطرية - وحدة الفاصل الزمني ', 0, NEWID(), NULL, NULL);

INSERT INTO [dbo].[trtStringNameTranslation] ([idfsBaseReference], [idfsLanguage], [strTextString], [intRowStatus], [rowguid], [strMaintenanceFlag], [strReservedAttribute]) VALUES (10081203, 10049003, N'Veterinary Aggregate Disease – Settlement', 0, NEWID(), NULL, NULL);
INSERT INTO [dbo].[trtStringNameTranslation] ([idfsBaseReference], [idfsLanguage], [strTextString], [intRowStatus], [rowguid], [strMaintenanceFlag], [strReservedAttribute]) VALUES (10081203, 10049004, N'ვეტერინარული აგრეგირებული დაავადება - დასახლება', 0, NEWID(), NULL, NULL);
INSERT INTO [dbo].[trtStringNameTranslation] ([idfsBaseReference], [idfsLanguage], [strTextString], [intRowStatus], [rowguid], [strMaintenanceFlag], [strReservedAttribute]) VALUES (10081203, 10049001, N'Qrupşəkilli Baytarlıq Xəstəlikləri - Yaşayış məntəqəsi', 0, NEWID(), NULL, NULL);
INSERT INTO [dbo].[trtStringNameTranslation] ([idfsBaseReference], [idfsLanguage], [strTextString], [intRowStatus], [rowguid], [strMaintenanceFlag], [strReservedAttribute]) VALUES (10081203, 10049011, N'مجموعة الامراض البيطرية - الاقامة ', 0, NEWID(), NULL, NULL);

INSERT INTO [dbo].[tasSearchField] ([idfsSearchField], [idfsSearchFieldType], [idfsSearchObject], [idfsReferenceType], [idfsGISReferenceType], [strSearchFieldAlias], [strLookupTable], [intMapDisplayOrder], [intIncidenceDisplayOrder], [blnGeoLocationString], [strCalculatedFieldText], [rowguid], [intRowStatus], [idfsDefaultAggregateFunction], [blnShortAddressString], [strLookupFunction], [strLookupFunctionIdField], [strLookupFunctionNameField], [strLookupAttribute], [blnAllowMissedReferenceValues], [strReservedAttribute]) VALUES (10081179, 10080710, 10082067, 19000089, NULL, 'sflVAD_AdministrativeLevel', NULL, NULL, NULL, 0, NULL, NEWID(), 0, 10004003, 0, NULL, NULL, NULL, 'name', 1, NULL);
INSERT INTO [dbo].[tasSearchField] ([idfsSearchField], [idfsSearchFieldType], [idfsSearchObject], [idfsReferenceType], [idfsGISReferenceType], [strSearchFieldAlias], [strLookupTable], [intMapDisplayOrder], [intIncidenceDisplayOrder], [blnGeoLocationString], [strCalculatedFieldText], [rowguid], [intRowStatus], [idfsDefaultAggregateFunction], [blnShortAddressString], [strLookupFunction], [strLookupFunctionIdField], [strLookupFunctionNameField], [strLookupAttribute], [blnAllowMissedReferenceValues], [strReservedAttribute]) VALUES (10081180, 10080710, 10082067, NULL, NULL, 'sflVAD_CaseID', NULL, NULL, NULL, 0, NULL, NEWID(), 0, 10004020, 0, NULL, NULL, NULL, NULL, 1, NULL);
INSERT INTO [dbo].[tasSearchField] ([idfsSearchField], [idfsSearchFieldType], [idfsSearchObject], [idfsReferenceType], [idfsGISReferenceType], [strSearchFieldAlias], [strLookupTable], [intMapDisplayOrder], [intIncidenceDisplayOrder], [blnGeoLocationString], [strCalculatedFieldText], [rowguid], [intRowStatus], [idfsDefaultAggregateFunction], [blnShortAddressString], [strLookupFunction], [strLookupFunctionIdField], [strLookupFunctionNameField], [strLookupAttribute], [blnAllowMissedReferenceValues], [strReservedAttribute]) VALUES (10081181, 10081002, 10082067, NULL, NULL, 'sflVAD_DateOfEntry', NULL, NULL, NULL, 0, NULL, NEWID(), 0, 10004003, 0, NULL, NULL, NULL, NULL, 1, NULL);
INSERT INTO [dbo].[tasSearchField] ([idfsSearchField], [idfsSearchFieldType], [idfsSearchObject], [idfsReferenceType], [idfsGISReferenceType], [strSearchFieldAlias], [strLookupTable], [intMapDisplayOrder], [intIncidenceDisplayOrder], [blnGeoLocationString], [strCalculatedFieldText], [rowguid], [intRowStatus], [idfsDefaultAggregateFunction], [blnShortAddressString], [strLookupFunction], [strLookupFunctionIdField], [strLookupFunctionNameField], [strLookupAttribute], [blnAllowMissedReferenceValues], [strReservedAttribute]) VALUES (10081182, 10081007, 10082067, 19000019, NULL, 'sflVAD_Diagnosis', 'HumanStandardDiagnosis', NULL, NULL, NULL, NULL, NEWID(), 0, 10004003, 0, NULL, NULL, NULL, 'name', 1, NULL);
INSERT INTO [dbo].[tasSearchField] ([idfsSearchField], [idfsSearchFieldType], [idfsSearchObject], [idfsReferenceType], [idfsGISReferenceType], [strSearchFieldAlias], [strLookupTable], [intMapDisplayOrder], [intIncidenceDisplayOrder], [blnGeoLocationString], [strCalculatedFieldText], [rowguid], [intRowStatus], [idfsDefaultAggregateFunction], [blnShortAddressString], [strLookupFunction], [strLookupFunctionIdField], [strLookupFunctionNameField], [strLookupAttribute], [blnAllowMissedReferenceValues], [strReservedAttribute]) VALUES (10081183, 10081007, 10082067, 19000100, NULL, 'sflVAD_IsZoonotic', 'rftYesNoValue', NULL, NULL, 0, NULL, NEWID(), 0, 10004003, 0, NULL, NULL, NULL, 'name', 0, NULL);
INSERT INTO [dbo].[tasSearchField] ([idfsSearchField], [idfsSearchFieldType], [idfsSearchObject], [idfsReferenceType], [idfsGISReferenceType], [strSearchFieldAlias], [strLookupTable], [intMapDisplayOrder], [intIncidenceDisplayOrder], [blnGeoLocationString], [strCalculatedFieldText], [rowguid], [intRowStatus], [idfsDefaultAggregateFunction], [blnShortAddressString], [strLookupFunction], [strLookupFunctionIdField], [strLookupFunctionNameField], [strLookupAttribute], [blnAllowMissedReferenceValues], [strReservedAttribute]) VALUES (10081184, 10081007, 10082067, NULL, NULL, 'sflVAD_OIEcode', NULL, NULL, NULL, 0, NULL, NEWID(), 0, 10004003, 0, NULL, NULL, NULL, NULL, 0, NULL);
INSERT INTO [dbo].[tasSearchField] ([idfsSearchField], [idfsSearchFieldType], [idfsSearchObject], [idfsReferenceType], [idfsGISReferenceType], [strSearchFieldAlias], [strLookupTable], [intMapDisplayOrder], [intIncidenceDisplayOrder], [blnGeoLocationString], [strCalculatedFieldText], [rowguid], [intRowStatus], [idfsDefaultAggregateFunction], [blnShortAddressString], [strLookupFunction], [strLookupFunctionIdField], [strLookupFunctionNameField], [strLookupAttribute], [blnAllowMissedReferenceValues], [strReservedAttribute]) VALUES (10081185, 10081007, 10082067, NULL, NULL, 'sflVAD_EnteredByPerson', NULL, NULL, NULL, NULL, NULL, NEWID(), 0, 10004003, 0, NULL, NULL, NULL, NULL, 0, NULL);
INSERT INTO [dbo].[tasSearchField] ([idfsSearchField], [idfsSearchFieldType], [idfsSearchObject], [idfsReferenceType], [idfsGISReferenceType], [strSearchFieldAlias], [strLookupTable], [intMapDisplayOrder], [intIncidenceDisplayOrder], [blnGeoLocationString], [strCalculatedFieldText], [rowguid], [intRowStatus], [idfsDefaultAggregateFunction], [blnShortAddressString], [strLookupFunction], [strLookupFunctionIdField], [strLookupFunctionNameField], [strLookupAttribute], [blnAllowMissedReferenceValues], [strReservedAttribute]) VALUES (10081186, 10081007, 10082067, 19000045, NULL, 'sflVAD_SiteID', 'Organization', NULL, NULL, 0, NULL, NEWID(), 0, 10004003, 0, NULL, NULL, NULL, 'name', 1, NULL);
INSERT INTO [dbo].[tasSearchField] ([idfsSearchField], [idfsSearchFieldType], [idfsSearchObject], [idfsReferenceType], [idfsGISReferenceType], [strSearchFieldAlias], [strLookupTable], [intMapDisplayOrder], [intIncidenceDisplayOrder], [blnGeoLocationString], [strCalculatedFieldText], [rowguid], [intRowStatus], [idfsDefaultAggregateFunction], [blnShortAddressString], [strLookupFunction], [strLookupFunctionIdField], [strLookupFunctionNameField], [strLookupAttribute], [blnAllowMissedReferenceValues], [strReservedAttribute]) VALUES (10081187, 10081007, 10082067, NULL, NULL, 'sflVAD_EnteredByOrganizationID', NULL, NULL, NULL, 0, NULL, NEWID(), 0, 10004003, 0, NULL, NULL, NULL, NULL, 0, NULL);
INSERT INTO [dbo].[tasSearchField] ([idfsSearchField], [idfsSearchFieldType], [idfsSearchObject], [idfsReferenceType], [idfsGISReferenceType], [strSearchFieldAlias], [strLookupTable], [intMapDisplayOrder], [intIncidenceDisplayOrder], [blnGeoLocationString], [strCalculatedFieldText], [rowguid], [intRowStatus], [idfsDefaultAggregateFunction], [blnShortAddressString], [strLookupFunction], [strLookupFunctionIdField], [strLookupFunctionNameField], [strLookupAttribute], [blnAllowMissedReferenceValues], [strReservedAttribute]) VALUES (10081188, 10081007, 10082067, NULL, NULL, 'sflVAD_ReceiveByInstitutionID', NULL, NULL, NULL, 0, NULL, NEWID(), 0, 10004003, 0, NULL, NULL, NULL, NULL, 0, NULL);
INSERT INTO [dbo].[tasSearchField] ([idfsSearchField], [idfsSearchFieldType], [idfsSearchObject], [idfsReferenceType], [idfsGISReferenceType], [strSearchFieldAlias], [strLookupTable], [intMapDisplayOrder], [intIncidenceDisplayOrder], [blnGeoLocationString], [strCalculatedFieldText], [rowguid], [intRowStatus], [idfsDefaultAggregateFunction], [blnShortAddressString], [strLookupFunction], [strLookupFunctionIdField], [strLookupFunctionNameField], [strLookupAttribute], [blnAllowMissedReferenceValues], [strReservedAttribute]) VALUES (10081189, 10081007, 10082067, 19000046, NULL, 'sflVAD_ReceivedByInst', 'Organization', NULL, NULL, 0, NULL, NEWID(), 0, 10004003, 0, NULL, NULL, NULL, 'FullName', 1, NULL);
INSERT INTO [dbo].[tasSearchField] ([idfsSearchField], [idfsSearchFieldType], [idfsSearchObject], [idfsReferenceType], [idfsGISReferenceType], [strSearchFieldAlias], [strLookupTable], [intMapDisplayOrder], [intIncidenceDisplayOrder], [blnGeoLocationString], [strCalculatedFieldText], [rowguid], [intRowStatus], [idfsDefaultAggregateFunction], [blnShortAddressString], [strLookupFunction], [strLookupFunctionIdField], [strLookupFunctionNameField], [strLookupAttribute], [blnAllowMissedReferenceValues], [strReservedAttribute]) VALUES (10081190, 10081007, 10082067, NULL, NULL, 'sflVAD_ReceivedByOfficer', NULL, NULL, NULL, 0, NULL, NEWID(), 0, 10004003, 0, NULL, NULL, NULL, NULL, 0, NULL);
INSERT INTO [dbo].[tasSearchField] ([idfsSearchField], [idfsSearchFieldType], [idfsSearchObject], [idfsReferenceType], [idfsGISReferenceType], [strSearchFieldAlias], [strLookupTable], [intMapDisplayOrder], [intIncidenceDisplayOrder], [blnGeoLocationString], [strCalculatedFieldText], [rowguid], [intRowStatus], [idfsDefaultAggregateFunction], [blnShortAddressString], [strLookupFunction], [strLookupFunctionIdField], [strLookupFunctionNameField], [strLookupAttribute], [blnAllowMissedReferenceValues], [strReservedAttribute]) VALUES (10081191, 10081002, 10082067, NULL, NULL, 'sflVAD_NotificationReceivDate', NULL, NULL, NULL, 0, NULL, NEWID(), 0, 10004003, 0, NULL, NULL, NULL, NULL, 1, NULL);
INSERT INTO [dbo].[tasSearchField] ([idfsSearchField], [idfsSearchFieldType], [idfsSearchObject], [idfsReferenceType], [idfsGISReferenceType], [strSearchFieldAlias], [strLookupTable], [intMapDisplayOrder], [intIncidenceDisplayOrder], [blnGeoLocationString], [strCalculatedFieldText], [rowguid], [intRowStatus], [idfsDefaultAggregateFunction], [blnShortAddressString], [strLookupFunction], [strLookupFunctionIdField], [strLookupFunctionNameField], [strLookupAttribute], [blnAllowMissedReferenceValues], [strReservedAttribute]) VALUES (10081192, 10081007, 10082067, NULL, NULL, 'sflVAD_SentByInstitutionID', NULL, NULL, NULL, 0, NULL, NEWID(), 0, 10004003, 0, NULL, NULL, NULL, NULL, 0, NULL);
INSERT INTO [dbo].[tasSearchField] ([idfsSearchField], [idfsSearchFieldType], [idfsSearchObject], [idfsReferenceType], [idfsGISReferenceType], [strSearchFieldAlias], [strLookupTable], [intMapDisplayOrder], [intIncidenceDisplayOrder], [blnGeoLocationString], [strCalculatedFieldText], [rowguid], [intRowStatus], [idfsDefaultAggregateFunction], [blnShortAddressString], [strLookupFunction], [strLookupFunctionIdField], [strLookupFunctionNameField], [strLookupAttribute], [blnAllowMissedReferenceValues], [strReservedAttribute]) VALUES (10081193, 10081007, 10082067, 19000046, NULL, 'sflVAD_SentByInstitution', 'Organization', NULL, NULL, 0, NULL, NEWID(), 0, 10004003, 0, NULL, NULL, NULL, 'FullName', 1, NULL);
INSERT INTO [dbo].[tasSearchField] ([idfsSearchField], [idfsSearchFieldType], [idfsSearchObject], [idfsReferenceType], [idfsGISReferenceType], [strSearchFieldAlias], [strLookupTable], [intMapDisplayOrder], [intIncidenceDisplayOrder], [blnGeoLocationString], [strCalculatedFieldText], [rowguid], [intRowStatus], [idfsDefaultAggregateFunction], [blnShortAddressString], [strLookupFunction], [strLookupFunctionIdField], [strLookupFunctionNameField], [strLookupAttribute], [blnAllowMissedReferenceValues], [strReservedAttribute]) VALUES (10081194, 10081007, 10082067, NULL, NULL, 'sflVAD_SentByOfficer', NULL, NULL, NULL, 0, NULL, NEWID(), 0, 10004003, 0, NULL, NULL, NULL, NULL, 0, NULL);
INSERT INTO [dbo].[tasSearchField] ([idfsSearchField], [idfsSearchFieldType], [idfsSearchObject], [idfsReferenceType], [idfsGISReferenceType], [strSearchFieldAlias], [strLookupTable], [intMapDisplayOrder], [intIncidenceDisplayOrder], [blnGeoLocationString], [strCalculatedFieldText], [rowguid], [intRowStatus], [idfsDefaultAggregateFunction], [blnShortAddressString], [strLookupFunction], [strLookupFunctionIdField], [strLookupFunctionNameField], [strLookupAttribute], [blnAllowMissedReferenceValues], [strReservedAttribute]) VALUES (10081195, 10081002, 10082067, NULL, NULL, 'sflVAD_NotificationSentDate', NULL, NULL, NULL, 0, NULL, NEWID(), 0, 10004003, 0, NULL, NULL, NULL, NULL, 1, NULL);
INSERT INTO [dbo].[tasSearchField] ([idfsSearchField], [idfsSearchFieldType], [idfsSearchObject], [idfsReferenceType], [idfsGISReferenceType], [strSearchFieldAlias], [strLookupTable], [intMapDisplayOrder], [intIncidenceDisplayOrder], [blnGeoLocationString], [strCalculatedFieldText], [rowguid], [intRowStatus], [idfsDefaultAggregateFunction], [blnShortAddressString], [strLookupFunction], [strLookupFunctionIdField], [strLookupFunctionNameField], [strLookupAttribute], [blnAllowMissedReferenceValues], [strReservedAttribute]) VALUES (10081196, 10081007, 10082067, NULL, 19000002, 'sflVAD_Rayon', 'Rayon', 110, NULL, NULL, NULL, NEWID(), 0, 10004003, 0, NULL, NULL, NULL, 'strRayonExtendedName', 1, NULL);
INSERT INTO [dbo].[tasSearchField] ([idfsSearchField], [idfsSearchFieldType], [idfsSearchObject], [idfsReferenceType], [idfsGISReferenceType], [strSearchFieldAlias], [strLookupTable], [intMapDisplayOrder], [intIncidenceDisplayOrder], [blnGeoLocationString], [strCalculatedFieldText], [rowguid], [intRowStatus], [idfsDefaultAggregateFunction], [blnShortAddressString], [strLookupFunction], [strLookupFunctionIdField], [strLookupFunctionNameField], [strLookupAttribute], [blnAllowMissedReferenceValues], [strReservedAttribute]) VALUES (10081197, 10081007, 10082067, NULL, 19000003, 'sflVAD_Region', 'Region', 160, 50, NULL, NULL, NEWID(), 0, 10004003, 0, NULL, NULL, NULL, 'strRegionExtendedName', 1, NULL);
INSERT INTO [dbo].[tasSearchField] ([idfsSearchField], [idfsSearchFieldType], [idfsSearchObject], [idfsReferenceType], [idfsGISReferenceType], [strSearchFieldAlias], [strLookupTable], [intMapDisplayOrder], [intIncidenceDisplayOrder], [blnGeoLocationString], [strCalculatedFieldText], [rowguid], [intRowStatus], [idfsDefaultAggregateFunction], [blnShortAddressString], [strLookupFunction], [strLookupFunctionIdField], [strLookupFunctionNameField], [strLookupAttribute], [blnAllowMissedReferenceValues], [strReservedAttribute]) VALUES (10081198, 10081002, 10082067, NULL, NULL, 'sflVAD_GroupingDate', NULL, NULL, NULL, 0, NULL, NEWID(), 0, 10004003, 0, NULL, NULL, NULL, NULL, 1, NULL);
INSERT INTO [dbo].[tasSearchField] ([idfsSearchField], [idfsSearchFieldType], [idfsSearchObject], [idfsReferenceType], [idfsGISReferenceType], [strSearchFieldAlias], [strLookupTable], [intMapDisplayOrder], [intIncidenceDisplayOrder], [blnGeoLocationString], [strCalculatedFieldText], [rowguid], [intRowStatus], [idfsDefaultAggregateFunction], [blnShortAddressString], [strLookupFunction], [strLookupFunctionIdField], [strLookupFunctionNameField], [strLookupAttribute], [blnAllowMissedReferenceValues], [strReservedAttribute]) VALUES (10081199, 10081002, 10082067, NULL, NULL, 'sflVAD_EndDate', NULL, NULL, NULL, 0, NULL, NEWID(), 0, 10004003, 0, NULL, NULL, NULL, NULL, 1, NULL);
INSERT INTO [dbo].[tasSearchField] ([idfsSearchField], [idfsSearchFieldType], [idfsSearchObject], [idfsReferenceType], [idfsGISReferenceType], [strSearchFieldAlias], [strLookupTable], [intMapDisplayOrder], [intIncidenceDisplayOrder], [blnGeoLocationString], [strCalculatedFieldText], [rowguid], [intRowStatus], [idfsDefaultAggregateFunction], [blnShortAddressString], [strLookupFunction], [strLookupFunctionIdField], [strLookupFunctionNameField], [strLookupAttribute], [blnAllowMissedReferenceValues], [strReservedAttribute]) VALUES (10081200, 10081002, 10082067, NULL, NULL, 'sflVAD_StartDate', NULL, NULL, NULL, 0, NULL, NEWID(), 0, 10004003, 0, NULL, NULL, NULL, NULL, 1, NULL);
INSERT INTO [dbo].[tasSearchField] ([idfsSearchField], [idfsSearchFieldType], [idfsSearchObject], [idfsReferenceType], [idfsGISReferenceType], [strSearchFieldAlias], [strLookupTable], [intMapDisplayOrder], [intIncidenceDisplayOrder], [blnGeoLocationString], [strCalculatedFieldText], [rowguid], [intRowStatus], [idfsDefaultAggregateFunction], [blnShortAddressString], [strLookupFunction], [strLookupFunctionIdField], [strLookupFunctionNameField], [strLookupAttribute], [blnAllowMissedReferenceValues], [strReservedAttribute]) VALUES (10081201, 10081007, 10082067, 19000091, NULL, 'sflVAD_TimeIntervalUnit', 'rftStatisticPeriodType', NULL, NULL, 0, NULL, NEWID(), 0, 10004003, 0, NULL, NULL, NULL, 'name', 1, NULL);
INSERT INTO [dbo].[tasSearchField] ([idfsSearchField], [idfsSearchFieldType], [idfsSearchObject], [idfsReferenceType], [idfsGISReferenceType], [strSearchFieldAlias], [strLookupTable], [intMapDisplayOrder], [intIncidenceDisplayOrder], [blnGeoLocationString], [strCalculatedFieldText], [rowguid], [intRowStatus], [idfsDefaultAggregateFunction], [blnShortAddressString], [strLookupFunction], [strLookupFunctionIdField], [strLookupFunctionNameField], [strLookupAttribute], [blnAllowMissedReferenceValues], [strReservedAttribute]) VALUES (10081202, 10081007, 10082067, NULL, NULL, 'sflVAD_Total', NULL, NULL, NULL, 0, NULL, NEWID(), 0, 10004003, 0, NULL, NULL, NULL, NULL, 0, NULL);
INSERT INTO [dbo].[tasSearchField] ([idfsSearchField], [idfsSearchFieldType], [idfsSearchObject], [idfsReferenceType], [idfsGISReferenceType], [strSearchFieldAlias], [strLookupTable], [intMapDisplayOrder], [intIncidenceDisplayOrder], [blnGeoLocationString], [strCalculatedFieldText], [rowguid], [intRowStatus], [idfsDefaultAggregateFunction], [blnShortAddressString], [strLookupFunction], [strLookupFunctionIdField], [strLookupFunctionNameField], [strLookupAttribute], [blnAllowMissedReferenceValues], [strReservedAttribute]) VALUES (10081203, 10081007, 10082067, NULL, 19000004, 'sflVAD_Settlement', 'Settlement', 50, NULL, NULL, NULL, NEWID(), 0, 10004003, 0, NULL, NULL, NULL, 'strSettlementExtendedName', 1, NULL);

-- Add 'Veterinary Aggregate Disease Column' - object
ALTER TABLE dbo.trtBaseReference DISABLE TRIGGER ALL
INSERT INTO [dbo].[trtBaseReference] ([idfsBaseReference], [idfsReferenceType], [strBaseReferenceCode], [strDefault], [intHACode], [intOrder], [blnSystem], [intRowStatus], [rowguid], [strMaintenanceFlag], [strReservedAttribute])
VALUES (10082068, 19000082, NULL, 'Veterinary Aggregate Disease Column', 32, 0, 1, 0, NEWID(), NULL, NULL)
GO

INSERT INTO [dbo].[tasSearchObject] ([idfsSearchObject], [idfsFormType], [blnPrimary], [rowguid], [intRowStatus], [blnShowReportType], [strReservedAttribute])
VALUES (10082068, NULL, 0, NEWID(), 0, 0, NULL)
GO

INSERT INTO [dbo].[trtStringNameTranslation] ([idfsBaseReference], [idfsLanguage], [strTextString], [intRowStatus], [rowguid], [strMaintenanceFlag], [strReservedAttribute])
VALUES(10082068, 10049003,N'Vet Aggregate Disease Column', 0, NEWID(), NULL, NULL)
INSERT INTO [dbo].[trtStringNameTranslation] ([idfsBaseReference], [idfsLanguage], [strTextString], [intRowStatus], [rowguid], [strMaintenanceFlag], [strReservedAttribute])
VALUES(10082068, 10049004,N'ვეტერინარული აგრეგირებული დაავადების სვეტი', 0, NEWID(), NULL, NULL)
INSERT INTO [dbo].[trtStringNameTranslation] ([idfsBaseReference], [idfsLanguage], [strTextString], [intRowStatus], [rowguid], [strMaintenanceFlag], [strReservedAttribute])
VALUES(10082068, 10049001,N'Qrupşəkilli baytarlıq xəstəliyi sütunu', 0, NEWID(), NULL, NULL)
INSERT INTO [dbo].[trtStringNameTranslation] ([idfsBaseReference], [idfsLanguage], [strTextString], [intRowStatus], [rowguid], [strMaintenanceFlag], [strReservedAttribute])
VALUES(10082068, 10049011,N'عمود الأمراض الإجمالية البيطرية', 0, NEWID(), NULL, NULL)
GO
ALTER TABLE dbo.trtBaseReference ENABLE TRIGGER ALL

-- Add relations - 'Outbreak Veterinary Case Samples' child of 'Outbreak Veterinary Case', used idfsParentSearchObject 10082016 as an example. 
INSERT INTO [dbo].[tasSearchObjectToSearchObject] ([idfsRelatedSearchObject], [idfsParentSearchObject], [rowguid], [strSubQueryJoinCondition], [blnUseForSubQuery], [strReservedAttribute])
VALUES(10082068, 10082067, NEWID(), 'v_{6}.[PKField] = v.[PKField] and v_{6}.[PKField_4582900000000] = v.[PKField_4582900000000] and v_{6}.[PKField_4582670000000] is not null', 0, NULL) -- TODO: verify value of [strSubQueryJoinCondition] with Mandar.
GO
ALTER TABLE dbo.trtBaseReference ENABLE TRIGGER ALL

-- Veterinary Aggregate Disease - fields
INSERT INTO [dbo].[trtBaseReference] ([idfsBaseReference], [idfsReferenceType], [strBaseReferenceCode], [strDefault], [intHACode], [intOrder], [blnSystem], [intRowStatus], [rowguid], [strMaintenanceFlag], [strReservedAttribute]) VALUES (10081204, 19000080, 'sflVADC_Name', 'Veterinary Aggregate Disease Column – Name', 226, 0, 1, 0, NEWID(), NULL, NULL);  -- using 10080712 as an example
INSERT INTO [dbo].[trtBaseReference] ([idfsBaseReference], [idfsReferenceType], [strBaseReferenceCode], [strDefault], [intHACode], [intOrder], [blnSystem], [intRowStatus], [rowguid], [strMaintenanceFlag], [strReservedAttribute]) VALUES (10081205, 19000080, 'sflVADC_NumericValue', 'Veterinary Aggregate Disease Column – Numeric Value', 226, 1, 1, 0, NEWID(), NULL, NULL);  -- using 10080714 as an example
INSERT INTO [dbo].[trtBaseReference] ([idfsBaseReference], [idfsReferenceType], [strBaseReferenceCode], [strDefault], [intHACode], [intOrder], [blnSystem], [intRowStatus], [rowguid], [strMaintenanceFlag], [strReservedAttribute]) VALUES (10081206, 19000080, 'sflVADC_TextValue', 'Veterinary Aggregate Disease Column – Text Value', 226, 2, 1, 0, NEWID(), NULL, NULL);  -- using 10080713 as an example

INSERT INTO [dbo].[trtStringNameTranslation] ([idfsBaseReference], [idfsLanguage], [strTextString], [intRowStatus], [rowguid], [strMaintenanceFlag], [strReservedAttribute]) VALUES (10081204, 10049003, N'Veterinary Aggregate Disease Column – Name', 0, NEWID(), NULL, NULL);
INSERT INTO [dbo].[trtStringNameTranslation] ([idfsBaseReference], [idfsLanguage], [strTextString], [intRowStatus], [rowguid], [strMaintenanceFlag], [strReservedAttribute]) VALUES (10081204, 10049004, N'ვეტერინარული აგრეგირებული დაავადების სვეტი - სახელი', 0, NEWID(), NULL, NULL);
INSERT INTO [dbo].[trtStringNameTranslation] ([idfsBaseReference], [idfsLanguage], [strTextString], [intRowStatus], [rowguid], [strMaintenanceFlag], [strReservedAttribute]) VALUES (10081204, 10049001, N'Qrupşəkilli Baytarlıq Xəstəlikləri Sütun - Adı', 0, NEWID(), NULL, NULL);
INSERT INTO [dbo].[trtStringNameTranslation] ([idfsBaseReference], [idfsLanguage], [strTextString], [intRowStatus], [rowguid], [strMaintenanceFlag], [strReservedAttribute]) VALUES (10081204, 10049011, N'عمود مجموعة الامراض البيطرية-  الاسم ', 0, NEWID(), NULL, NULL);

INSERT INTO [dbo].[trtStringNameTranslation] ([idfsBaseReference], [idfsLanguage], [strTextString], [intRowStatus], [rowguid], [strMaintenanceFlag], [strReservedAttribute]) VALUES (10081205, 10049003, N'Veterinary Aggregate Disease Column – Numeric Value', 0, NEWID(), NULL, NULL);
INSERT INTO [dbo].[trtStringNameTranslation] ([idfsBaseReference], [idfsLanguage], [strTextString], [intRowStatus], [rowguid], [strMaintenanceFlag], [strReservedAttribute]) VALUES (10081205, 10049004, N'ვეტერინარული აგრეგირებული დაავადების სვეტი - რიცხობრივი მნიშვნელობა', 0, NEWID(), NULL, NULL);
INSERT INTO [dbo].[trtStringNameTranslation] ([idfsBaseReference], [idfsLanguage], [strTextString], [intRowStatus], [rowguid], [strMaintenanceFlag], [strReservedAttribute]) VALUES (10081205, 10049001, N'Qrupşəkilli Baytarlıq Xəstəlikləri Sütün - Rəqəm dəyəri', 0, NEWID(), NULL, NULL);
INSERT INTO [dbo].[trtStringNameTranslation] ([idfsBaseReference], [idfsLanguage], [strTextString], [intRowStatus], [rowguid], [strMaintenanceFlag], [strReservedAttribute]) VALUES (10081205, 10049011, N'عمود مجموعة الامراض البيطرية- القيمة الرقمية ', 0, NEWID(), NULL, NULL);

INSERT INTO [dbo].[trtStringNameTranslation] ([idfsBaseReference], [idfsLanguage], [strTextString], [intRowStatus], [rowguid], [strMaintenanceFlag], [strReservedAttribute]) VALUES (10081206, 10049003, N'Veterinary Aggregate Disease Column – Text Value', 0, NEWID(), NULL, NULL);
INSERT INTO [dbo].[trtStringNameTranslation] ([idfsBaseReference], [idfsLanguage], [strTextString], [intRowStatus], [rowguid], [strMaintenanceFlag], [strReservedAttribute]) VALUES (10081206, 10049004, N'ვეტერინარული აგრეგირებული დაავადების სვეტი - ტექსტის მნიშვნელობა', 0, NEWID(), NULL, NULL);
INSERT INTO [dbo].[trtStringNameTranslation] ([idfsBaseReference], [idfsLanguage], [strTextString], [intRowStatus], [rowguid], [strMaintenanceFlag], [strReservedAttribute]) VALUES (10081206, 10049001, N'Qrupşəkilli Baytarlıq Xəstəlikləri Sütun - Mətn dəyəri', 0, NEWID(), NULL, NULL);
INSERT INTO [dbo].[trtStringNameTranslation] ([idfsBaseReference], [idfsLanguage], [strTextString], [intRowStatus], [rowguid], [strMaintenanceFlag], [strReservedAttribute]) VALUES (10081206, 10049011, N'عمود مجموعة الامراض البيطرية- القيمة النصية ', 0, NEWID(), NULL, NULL);

INSERT INTO [dbo].[tasSearchField] ([idfsSearchField], [idfsSearchFieldType], [idfsSearchObject], [idfsReferenceType], [idfsGISReferenceType], [strSearchFieldAlias], [strLookupTable], [intMapDisplayOrder], [intIncidenceDisplayOrder], [blnGeoLocationString], [strCalculatedFieldText], [rowguid], [intRowStatus], [idfsDefaultAggregateFunction], [blnShortAddressString], [strLookupFunction], [strLookupFunctionIdField], [strLookupFunctionNameField], [strLookupAttribute], [blnAllowMissedReferenceValues], [strReservedAttribute]) VALUES (10081204, 10081007, 10082068, 19000066, NULL, 'sflVADC_Name', 'HumanAggregateCaseParameter', NULL, NULL, 0, NULL, NEWID(), 0, 10004003, 0, NULL, NULL, NULL, 'name', 1, NULL);
INSERT INTO [dbo].[tasSearchField] ([idfsSearchField], [idfsSearchFieldType], [idfsSearchObject], [idfsReferenceType], [idfsGISReferenceType], [strSearchFieldAlias], [strLookupTable], [intMapDisplayOrder], [intIncidenceDisplayOrder], [blnGeoLocationString], [strCalculatedFieldText], [rowguid], [intRowStatus], [idfsDefaultAggregateFunction], [blnShortAddressString], [strLookupFunction], [strLookupFunctionIdField], [strLookupFunctionNameField], [strLookupAttribute], [blnAllowMissedReferenceValues], [strReservedAttribute]) VALUES (10081205, 10081004, 10082068, NULL, NULL, 'sflVADC_NumericValue', NULL, NULL, NULL, 0, NULL, NEWID(), 0, 10004005, 0, NULL, NULL, NULL, NULL, 0, NULL);
INSERT INTO [dbo].[tasSearchField] ([idfsSearchField], [idfsSearchFieldType], [idfsSearchObject], [idfsReferenceType], [idfsGISReferenceType], [strSearchFieldAlias], [strLookupTable], [intMapDisplayOrder], [intIncidenceDisplayOrder], [blnGeoLocationString], [strCalculatedFieldText], [rowguid], [intRowStatus], [idfsDefaultAggregateFunction], [blnShortAddressString], [strLookupFunction], [strLookupFunctionIdField], [strLookupFunctionNameField], [strLookupAttribute], [blnAllowMissedReferenceValues], [strReservedAttribute]) VALUES (10081206, 10081007, 10082068, NULL, NULL, 'sflVADC_TextValue', NULL, NULL, NULL, 0, NULL, NEWID(), 0, 10004003, 0, NULL, NULL, NULL, NULL, 0, NULL);



--- Add 'Veterinary Aggregate Investigation Actions' (10082069) ---
-- New root search object 

ALTER TABLE dbo.trtBaseReference DISABLE TRIGGER ALL
INSERT INTO [dbo].[trtBaseReference] ([idfsBaseReference], [idfsReferenceType], [strBaseReferenceCode], [strDefault], [intHACode], [intOrder], [blnSystem], [intRowStatus], [rowguid], [strMaintenanceFlag], [strReservedAttribute])
VALUES (10082069, 19000082, NULL, 'Veterinary Aggregate Investigation Actions', 32, 0, 1, 0, NEWID(), NULL, NULL)
GO

INSERT INTO [dbo].[tasSearchObject] ([idfsSearchObject], [idfsFormType], [blnPrimary], [rowguid], [intRowStatus], [blnShowReportType], [strReservedAttribute])
VALUES (10082069, NULL, 1, NEWID(), 0, 0, NULL)
GO

INSERT INTO [dbo].[trtStringNameTranslation] ([idfsBaseReference], [idfsLanguage], [strTextString], [intRowStatus], [rowguid], [strMaintenanceFlag], [strReservedAttribute])
VALUES(10082069, 10049003,N'Veterinary Aggregate Investigation Actions', 0, NEWID(), NULL, NULL)
INSERT INTO [dbo].[trtStringNameTranslation] ([idfsBaseReference], [idfsLanguage], [strTextString], [intRowStatus], [rowguid], [strMaintenanceFlag], [strReservedAttribute])
VALUES(10082069, 10049004,N'ვეტერინარული დაავადების აგრეგირებული კვლევების ღონისძიებები', 0, NEWID(), NULL, NULL)
INSERT INTO [dbo].[trtStringNameTranslation] ([idfsBaseReference], [idfsLanguage], [strTextString], [intRowStatus], [rowguid], [strMaintenanceFlag], [strReservedAttribute])
VALUES(10082069, 10049001,N'Baytarlıq üzrə qrupşəkilli tədqiqat tədbirləri', 0, NEWID(), NULL, NULL)
INSERT INTO [dbo].[trtStringNameTranslation] ([idfsBaseReference], [idfsLanguage], [strTextString], [intRowStatus], [rowguid], [strMaintenanceFlag], [strReservedAttribute])
VALUES(10082069, 10049011,N'إجراءات التحقيق الإجمالي للطب البيطري ', 0, NEWID(), NULL, NULL)
GO
ALTER TABLE dbo.trtBaseReference ENABLE TRIGGER ALL

-- Veterinary Aggregate Investigation Actions - fields
INSERT INTO [dbo].[trtBaseReference] ([idfsBaseReference], [idfsReferenceType], [strBaseReferenceCode], [strDefault], [intHACode], [intOrder], [blnSystem], [intRowStatus], [rowguid], [strMaintenanceFlag], [strReservedAttribute]) VALUES (10081207, 19000080, 'sflVAIA_AdministrativeLevel', 'Veterinary Aggregate Investigation Actions – Administrative Level', 226, 0, 1, 0, NEWID(), NULL, NULL);  -- using 10080710 as an example (Human)
INSERT INTO [dbo].[trtBaseReference] ([idfsBaseReference], [idfsReferenceType], [strBaseReferenceCode], [strDefault], [intHACode], [intOrder], [blnSystem], [intRowStatus], [rowguid], [strMaintenanceFlag], [strReservedAttribute]) VALUES (10081208, 19000080, 'sflVAIA_CaseID', 'Veterinary Aggregate Investigation Actions – Case ID', 226, 1, 1, 0, NEWID(), NULL, NULL);  -- using 10080458 as an example
INSERT INTO [dbo].[trtBaseReference] ([idfsBaseReference], [idfsReferenceType], [strBaseReferenceCode], [strDefault], [intHACode], [intOrder], [blnSystem], [intRowStatus], [rowguid], [strMaintenanceFlag], [strReservedAttribute]) VALUES (10081209, 19000080, 'sflVAIA_DateOfEntry', 'Veterinary Aggregate Investigation Actions – Date of Entry', 226, 2, 1, 0, NEWID(), NULL, NULL);  -- using 10080690 as an example (Human)
INSERT INTO [dbo].[trtBaseReference] ([idfsBaseReference], [idfsReferenceType], [strBaseReferenceCode], [strDefault], [intHACode], [intOrder], [blnSystem], [intRowStatus], [rowguid], [strMaintenanceFlag], [strReservedAttribute]) VALUES (10081210, 19000080, 'sflVAIA_InvestigationType', 'Veterinary Aggregate Investigation Actions – Investigation type', 226, 3, 1, 0, NEWID(), NULL, NULL);  -- using 10080494 as an example
INSERT INTO [dbo].[trtBaseReference] ([idfsBaseReference], [idfsReferenceType], [strBaseReferenceCode], [strDefault], [intHACode], [intOrder], [blnSystem], [intRowStatus], [rowguid], [strMaintenanceFlag], [strReservedAttribute]) VALUES (10081211, 19000080, 'sflVAIA_Species', 'Veterinary Aggregate Investigation Actions – Species', 226, 4, 1, 0, NEWID(), NULL, NULL);  -- using 10080014 as an example
INSERT INTO [dbo].[trtBaseReference] ([idfsBaseReference], [idfsReferenceType], [strBaseReferenceCode], [strDefault], [intHACode], [intOrder], [blnSystem], [intRowStatus], [rowguid], [strMaintenanceFlag], [strReservedAttribute]) VALUES (10081212, 19000080, 'sflVAIA_FinalDiagnosis', 'Veterinary Aggregate Investigation Actions - Diseases', 226, 5, 1, 0, NEWID(), NULL, NULL);  -- using 10080162 as an example
INSERT INTO [dbo].[trtBaseReference] ([idfsBaseReference], [idfsReferenceType], [strBaseReferenceCode], [strDefault], [intHACode], [intOrder], [blnSystem], [intRowStatus], [rowguid], [strMaintenanceFlag], [strReservedAttribute]) VALUES (10081213, 19000080, 'sflVAIA_OIEcode', 'Veterinary Aggregate Investigation Actions – OIE code', 226, 6, 1, 0, NEWID(), NULL, NULL);  -- using xxx as an example
INSERT INTO [dbo].[trtBaseReference] ([idfsBaseReference], [idfsReferenceType], [strBaseReferenceCode], [strDefault], [intHACode], [intOrder], [blnSystem], [intRowStatus], [rowguid], [strMaintenanceFlag], [strReservedAttribute]) VALUES (10081214, 19000080, 'sflVAIA_Officer', 'Veterinary Aggregate Investigation Actions – Entered by', 226, 7, 1, 0, NEWID(), NULL, NULL);  -- using 10081185 as an example
INSERT INTO [dbo].[trtBaseReference] ([idfsBaseReference], [idfsReferenceType], [strBaseReferenceCode], [strDefault], [intHACode], [intOrder], [blnSystem], [intRowStatus], [rowguid], [strMaintenanceFlag], [strReservedAttribute]) VALUES (10081215, 19000080, 'sflVAIA_Site', 'Veterinary Aggregate Investigation Actions – Entered by Organization – Abbreviation', 226, 8, 1, 0, NEWID(), NULL, NULL);  -- using 10080192 as an example
INSERT INTO [dbo].[trtBaseReference] ([idfsBaseReference], [idfsReferenceType], [strBaseReferenceCode], [strDefault], [intHACode], [intOrder], [blnSystem], [intRowStatus], [rowguid], [strMaintenanceFlag], [strReservedAttribute]) VALUES (10081216, 19000080, 'sflVAIA_EnteredByOrganizationID', 'Veterinary Aggregate Investigation Actions – Entered by Organization – ID', 226, 9, 1, 0, NEWID(), NULL, NULL);  -- using 10080583 as an example
INSERT INTO [dbo].[trtBaseReference] ([idfsBaseReference], [idfsReferenceType], [strBaseReferenceCode], [strDefault], [intHACode], [intOrder], [blnSystem], [intRowStatus], [rowguid], [strMaintenanceFlag], [strReservedAttribute]) VALUES (10081217, 19000080, 'sflVAIA_ReceiveByInstitutionID', 'Veterinary Aggregate Investigation Actions – Notification Received by Institution – ID', 226, 10, 1, 0, NEWID(), NULL, NULL);  -- using 10080703 as an example
INSERT INTO [dbo].[trtBaseReference] ([idfsBaseReference], [idfsReferenceType], [strBaseReferenceCode], [strDefault], [intHACode], [intOrder], [blnSystem], [intRowStatus], [rowguid], [strMaintenanceFlag], [strReservedAttribute]) VALUES (10081218, 19000080, 'sflVAIA_ReceivedByInst', 'Veterinary Aggregate Investigation Actions – Notification Received by Institution – Name', 226, 11, 1, 0, NEWID(), NULL, NULL);  -- using 10080700 as an example
INSERT INTO [dbo].[trtBaseReference] ([idfsBaseReference], [idfsReferenceType], [strBaseReferenceCode], [strDefault], [intHACode], [intOrder], [blnSystem], [intRowStatus], [rowguid], [strMaintenanceFlag], [strReservedAttribute]) VALUES (10081219, 19000080, 'sflVAIA_ReceivedByOfficer', 'Veterinary Aggregate Investigation Actions – Notification Received by Officer', 226, 12, 1, 0, NEWID(), NULL, NULL);  -- using 10080706 as an example
INSERT INTO [dbo].[trtBaseReference] ([idfsBaseReference], [idfsReferenceType], [strBaseReferenceCode], [strDefault], [intHACode], [intOrder], [blnSystem], [intRowStatus], [rowguid], [strMaintenanceFlag], [strReservedAttribute]) VALUES (10081220, 19000080, 'sflVAIA_NotificationReceivDate', 'Veterinary Aggregate Investigation Actions – Notification Received Date', 226, 13, 1, 0, NEWID(), NULL, NULL);  -- using 10080689 as an example
INSERT INTO [dbo].[trtBaseReference] ([idfsBaseReference], [idfsReferenceType], [strBaseReferenceCode], [strDefault], [intHACode], [intOrder], [blnSystem], [intRowStatus], [rowguid], [strMaintenanceFlag], [strReservedAttribute]) VALUES (10081221, 19000080, 'sflVAIA_SentByInstitutionID', 'Veterinary Aggregate Investigation Actions – Notification Sent by Institution – ID', 226, 14, 1, 0, NEWID(), NULL, NULL);  -- using 10080702 as an example
INSERT INTO [dbo].[trtBaseReference] ([idfsBaseReference], [idfsReferenceType], [strBaseReferenceCode], [strDefault], [intHACode], [intOrder], [blnSystem], [intRowStatus], [rowguid], [strMaintenanceFlag], [strReservedAttribute]) VALUES (10081222, 19000080, 'sflVAIA_SentByInstitution', 'Veterinary Aggregate Investigation Actions – Notification Sent by Institution – Name', 226, 15, 1, 0, NEWID(), NULL, NULL);  -- using 10080699 as an example
INSERT INTO [dbo].[trtBaseReference] ([idfsBaseReference], [idfsReferenceType], [strBaseReferenceCode], [strDefault], [intHACode], [intOrder], [blnSystem], [intRowStatus], [rowguid], [strMaintenanceFlag], [strReservedAttribute]) VALUES (10081223, 19000080, 'sflVAIA_SentByOfficer', 'Veterinary Aggregate Investigation Actions – Notification Sent by Officer', 226, 16, 1, 0, NEWID(), NULL, NULL);  -- using 10080705 as an example
INSERT INTO [dbo].[trtBaseReference] ([idfsBaseReference], [idfsReferenceType], [strBaseReferenceCode], [strDefault], [intHACode], [intOrder], [blnSystem], [intRowStatus], [rowguid], [strMaintenanceFlag], [strReservedAttribute]) VALUES (10081224, 19000080, 'sflVAIA_NotificationSentDate', 'Veterinary Aggregate Investigation Actions – Notification Sent Date', 226, 17, 1, 0, NEWID(), NULL, NULL);  -- using 10080688 as an example
INSERT INTO [dbo].[trtBaseReference] ([idfsBaseReference], [idfsReferenceType], [strBaseReferenceCode], [strDefault], [intHACode], [intOrder], [blnSystem], [intRowStatus], [rowguid], [strMaintenanceFlag], [strReservedAttribute]) VALUES (10081225, 19000080, 'sflVAIA_Rayon', 'Veterinary Aggregate Investigation Actions – Rayon', 226, 18, 1, 0, NEWID(), NULL, NULL);  -- using 10080186 as an example
INSERT INTO [dbo].[trtBaseReference] ([idfsBaseReference], [idfsReferenceType], [strBaseReferenceCode], [strDefault], [intHACode], [intOrder], [blnSystem], [intRowStatus], [rowguid], [strMaintenanceFlag], [strReservedAttribute]) VALUES (10081226, 19000080, 'sflVAIA_Region', 'Veterinary Aggregate Investigation Actions – Region', 226, 19, 1, 0, NEWID(), NULL, NULL);  -- using 10080085 as an example
INSERT INTO [dbo].[trtBaseReference] ([idfsBaseReference], [idfsReferenceType], [strBaseReferenceCode], [strDefault], [intHACode], [intOrder], [blnSystem], [intRowStatus], [rowguid], [strMaintenanceFlag], [strReservedAttribute]) VALUES (10081227, 19000080, 'sflVAIA_GroupingDate', 'Veterinary Aggregate Investigation Actions – Time Interval for grouping', 226, 20, 1, 0, NEWID(), NULL, NULL);  -- using 10080693 as an example
INSERT INTO [dbo].[trtBaseReference] ([idfsBaseReference], [idfsReferenceType], [strBaseReferenceCode], [strDefault], [intHACode], [intOrder], [blnSystem], [intRowStatus], [rowguid], [strMaintenanceFlag], [strReservedAttribute]) VALUES (10081228, 19000080, 'sflVAIA_EndDate', 'Veterinary Aggregate Investigation Actions – Time Interval End Date', 226, 21, 1, 0, NEWID(), NULL, NULL);  -- using 10080692 as an example
INSERT INTO [dbo].[trtBaseReference] ([idfsBaseReference], [idfsReferenceType], [strBaseReferenceCode], [strDefault], [intHACode], [intOrder], [blnSystem], [intRowStatus], [rowguid], [strMaintenanceFlag], [strReservedAttribute]) VALUES (10081229, 19000080, 'sflVAIA_StartDate', 'Veterinary Aggregate Investigation Actions – Time Interval Start Date', 226, 22, 1, 0, NEWID(), NULL, NULL);  -- using 10080691 as an example
INSERT INTO [dbo].[trtBaseReference] ([idfsBaseReference], [idfsReferenceType], [strBaseReferenceCode], [strDefault], [intHACode], [intOrder], [blnSystem], [intRowStatus], [rowguid], [strMaintenanceFlag], [strReservedAttribute]) VALUES (10081230, 19000080, 'sflVAIA_TimeIntervalUnit', 'Veterinary Aggregate Investigation Actions – Time Interval Unit', 226, 23, 1, 0, NEWID(), NULL, NULL);  -- using 10080709 as an example
INSERT INTO [dbo].[trtBaseReference] ([idfsBaseReference], [idfsReferenceType], [strBaseReferenceCode], [strDefault], [intHACode], [intOrder], [blnSystem], [intRowStatus], [rowguid], [strMaintenanceFlag], [strReservedAttribute]) VALUES (10081231, 19000080, 'sflVAIA_Total', 'Veterinary Aggregate Investigation Actions – Total', 226, 24, 1, 0, NEWID(), NULL, NULL);  -- using 10080711 as an example
INSERT INTO [dbo].[trtBaseReference] ([idfsBaseReference], [idfsReferenceType], [strBaseReferenceCode], [strDefault], [intHACode], [intOrder], [blnSystem], [intRowStatus], [rowguid], [strMaintenanceFlag], [strReservedAttribute]) VALUES (10081232, 19000080, 'sflVAIA_Settlement', 'Veterinary Aggregate Investigation Actions – Settlement', 226, 25, 1, 0, NEWID(), NULL, NULL);  -- using 10080191 as an example

INSERT INTO [dbo].[trtStringNameTranslation] ([idfsBaseReference], [idfsLanguage], [strTextString], [intRowStatus], [rowguid], [strMaintenanceFlag], [strReservedAttribute]) VALUES (10081207, 10049003, N'Veterinary Aggregate Investigation Actions – Administrative Level', 0, NEWID(), NULL, NULL);
INSERT INTO [dbo].[trtStringNameTranslation] ([idfsBaseReference], [idfsLanguage], [strTextString], [intRowStatus], [rowguid], [strMaintenanceFlag], [strReservedAttribute]) VALUES (10081207, 10049004, N'ვეტერინარული გამოკვლევის აგრეგირებული ქმედებები - ადმინისტრაციული დონე', 0, NEWID(), NULL, NULL);
INSERT INTO [dbo].[trtStringNameTranslation] ([idfsBaseReference], [idfsLanguage], [strTextString], [intRowStatus], [rowguid], [strMaintenanceFlag], [strReservedAttribute]) VALUES (10081207, 10049001, N'Baytarlıq üzrə Qrupşəkilli Tədqiqat Tədbirləri - İnzibati səviyyə', 0, NEWID(), NULL, NULL);
INSERT INTO [dbo].[trtStringNameTranslation] ([idfsBaseReference], [idfsLanguage], [strTextString], [intRowStatus], [rowguid], [strMaintenanceFlag], [strReservedAttribute]) VALUES (10081207, 10049011, N'إجراءات البحث لمجموعة الامراض البيطرية - المستوى الاداري ', 0, NEWID(), NULL, NULL);

INSERT INTO [dbo].[trtStringNameTranslation] ([idfsBaseReference], [idfsLanguage], [strTextString], [intRowStatus], [rowguid], [strMaintenanceFlag], [strReservedAttribute]) VALUES (10081208, 10049003, N'Veterinary Aggregate Investigation Actions – Case ID', 0, NEWID(), NULL, NULL);
INSERT INTO [dbo].[trtStringNameTranslation] ([idfsBaseReference], [idfsLanguage], [strTextString], [intRowStatus], [rowguid], [strMaintenanceFlag], [strReservedAttribute]) VALUES (10081208, 10049004, N'ვეტერინარული გამოკვლევის აგრეგირებული ქმედებები - შემთხვევის ID', 0, NEWID(), NULL, NULL);
INSERT INTO [dbo].[trtStringNameTranslation] ([idfsBaseReference], [idfsLanguage], [strTextString], [intRowStatus], [rowguid], [strMaintenanceFlag], [strReservedAttribute]) VALUES (10081208, 10049001, N'Baytarlıq üzrə Qrupşəkilli Tədqiqat Tədbirləri - Hadisənin Q/N-si', 0, NEWID(), NULL, NULL);
INSERT INTO [dbo].[trtStringNameTranslation] ([idfsBaseReference], [idfsLanguage], [strTextString], [intRowStatus], [rowguid], [strMaintenanceFlag], [strReservedAttribute]) VALUES (10081208, 10049011, N'إجراءات البحث لمجموعة الامراض البيطرية - معرّف الحالة ', 0, NEWID(), NULL, NULL);

INSERT INTO [dbo].[trtStringNameTranslation] ([idfsBaseReference], [idfsLanguage], [strTextString], [intRowStatus], [rowguid], [strMaintenanceFlag], [strReservedAttribute]) VALUES (10081209, 10049003, N'Veterinary Aggregate Investigation Actions – Date of Entry', 0, NEWID(), NULL, NULL);
INSERT INTO [dbo].[trtStringNameTranslation] ([idfsBaseReference], [idfsLanguage], [strTextString], [intRowStatus], [rowguid], [strMaintenanceFlag], [strReservedAttribute]) VALUES (10081209, 10049004, N'ვეტერინარული გამოკვლევის აგრეგირებული ქმედებები - შეყვანის თარიღი', 0, NEWID(), NULL, NULL);
INSERT INTO [dbo].[trtStringNameTranslation] ([idfsBaseReference], [idfsLanguage], [strTextString], [intRowStatus], [rowguid], [strMaintenanceFlag], [strReservedAttribute]) VALUES (10081209, 10049001, N'Baytarlıq üzrə Qrupşəkilli Tədqiqat Tədbirləri - Daxil etmə tarixi', 0, NEWID(), NULL, NULL);
INSERT INTO [dbo].[trtStringNameTranslation] ([idfsBaseReference], [idfsLanguage], [strTextString], [intRowStatus], [rowguid], [strMaintenanceFlag], [strReservedAttribute]) VALUES (10081209, 10049011, N'إجراءات البحث لمجموعة الامراض البيطرية - تاريخ الدخول ', 0, NEWID(), NULL, NULL);

INSERT INTO [dbo].[trtStringNameTranslation] ([idfsBaseReference], [idfsLanguage], [strTextString], [intRowStatus], [rowguid], [strMaintenanceFlag], [strReservedAttribute]) VALUES (10081210, 10049003, N'Veterinary Aggregate Investigation Actions – Investigation type', 0, NEWID(), NULL, NULL);
INSERT INTO [dbo].[trtStringNameTranslation] ([idfsBaseReference], [idfsLanguage], [strTextString], [intRowStatus], [rowguid], [strMaintenanceFlag], [strReservedAttribute]) VALUES (10081210, 10049004, N'ვეტერინარული გამოკვლევის აგრეგირებული ქმედებები - გამოკვლევის ტიპი', 0, NEWID(), NULL, NULL);
INSERT INTO [dbo].[trtStringNameTranslation] ([idfsBaseReference], [idfsLanguage], [strTextString], [intRowStatus], [rowguid], [strMaintenanceFlag], [strReservedAttribute]) VALUES (10081210, 10049001, N'Baytarlıq üzrə Qrupşəkilli Tədqiqat Tədbirləri - Tədqiqatın növü', 0, NEWID(), NULL, NULL);
INSERT INTO [dbo].[trtStringNameTranslation] ([idfsBaseReference], [idfsLanguage], [strTextString], [intRowStatus], [rowguid], [strMaintenanceFlag], [strReservedAttribute]) VALUES (10081210, 10049011, N'إجراءات البحث لمجموعة الامراض البيطرية - نوع البحث ', 0, NEWID(), NULL, NULL);

INSERT INTO [dbo].[trtStringNameTranslation] ([idfsBaseReference], [idfsLanguage], [strTextString], [intRowStatus], [rowguid], [strMaintenanceFlag], [strReservedAttribute]) VALUES (10081211, 10049003, N'Veterinary Aggregate Investigation Actions – Species', 0, NEWID(), NULL, NULL);
INSERT INTO [dbo].[trtStringNameTranslation] ([idfsBaseReference], [idfsLanguage], [strTextString], [intRowStatus], [rowguid], [strMaintenanceFlag], [strReservedAttribute]) VALUES (10081211, 10049004, N'ვეტერინარული გამოკვლევის აგრეგირებული ქმედებები - სახეობა', 0, NEWID(), NULL, NULL);
INSERT INTO [dbo].[trtStringNameTranslation] ([idfsBaseReference], [idfsLanguage], [strTextString], [intRowStatus], [rowguid], [strMaintenanceFlag], [strReservedAttribute]) VALUES (10081211, 10049001, N'Baytarlıq üzrə Qrupşəkilli Tədqiqat Tədbirləri - Heyvan növü', 0, NEWID(), NULL, NULL);
INSERT INTO [dbo].[trtStringNameTranslation] ([idfsBaseReference], [idfsLanguage], [strTextString], [intRowStatus], [rowguid], [strMaintenanceFlag], [strReservedAttribute]) VALUES (10081211, 10049011, N'إجراءات البحث لمجموعة الامراض البيطرية - أنواع الحيوانات ', 0, NEWID(), NULL, NULL);

INSERT INTO [dbo].[trtStringNameTranslation] ([idfsBaseReference], [idfsLanguage], [strTextString], [intRowStatus], [rowguid], [strMaintenanceFlag], [strReservedAttribute]) VALUES (10081212, 10049003, N'Veterinary Aggregate Investigation Actions - Diseases', 0, NEWID(), NULL, NULL);
INSERT INTO [dbo].[trtStringNameTranslation] ([idfsBaseReference], [idfsLanguage], [strTextString], [intRowStatus], [rowguid], [strMaintenanceFlag], [strReservedAttribute]) VALUES (10081212, 10049004, N'ვეტერინარული გამოკვლევის აგრეგირებული ქმედებები - დაავადებები', 0, NEWID(), NULL, NULL);
INSERT INTO [dbo].[trtStringNameTranslation] ([idfsBaseReference], [idfsLanguage], [strTextString], [intRowStatus], [rowguid], [strMaintenanceFlag], [strReservedAttribute]) VALUES (10081212, 10049001, N'Baytarlıq üzrə Qrupşəkilli Tədqiqat Tədbirləri - Xəstəliklər', 0, NEWID(), NULL, NULL);
INSERT INTO [dbo].[trtStringNameTranslation] ([idfsBaseReference], [idfsLanguage], [strTextString], [intRowStatus], [rowguid], [strMaintenanceFlag], [strReservedAttribute]) VALUES (10081212, 10049011, N'إجراءات البحث لمجموعة الامراض البيطرية -  الأمراض ', 0, NEWID(), NULL, NULL);

INSERT INTO [dbo].[trtStringNameTranslation] ([idfsBaseReference], [idfsLanguage], [strTextString], [intRowStatus], [rowguid], [strMaintenanceFlag], [strReservedAttribute]) VALUES (10081213, 10049003, N'Veterinary Aggregate Investigation Actions – OIE code', 0, NEWID(), NULL, NULL);
INSERT INTO [dbo].[trtStringNameTranslation] ([idfsBaseReference], [idfsLanguage], [strTextString], [intRowStatus], [rowguid], [strMaintenanceFlag], [strReservedAttribute]) VALUES (10081213, 10049004, N'ვეტერინარული გამოკვლევის აგრეგირებული ქმედებები -  OIE კოდი ', 0, NEWID(), NULL, NULL);
INSERT INTO [dbo].[trtStringNameTranslation] ([idfsBaseReference], [idfsLanguage], [strTextString], [intRowStatus], [rowguid], [strMaintenanceFlag], [strReservedAttribute]) VALUES (10081213, 10049001, N'Baytarlıq üzrə Qrupşəkilli Tədqiqat Tədbirləri - BEB-in kodu', 0, NEWID(), NULL, NULL);
INSERT INTO [dbo].[trtStringNameTranslation] ([idfsBaseReference], [idfsLanguage], [strTextString], [intRowStatus], [rowguid], [strMaintenanceFlag], [strReservedAttribute]) VALUES (10081213, 10049011, N'إجراءات البحث لمجموعة الامراض البيطرية - رمز المنظمة العالمية لصحة الحيوان ', 0, NEWID(), NULL, NULL);

INSERT INTO [dbo].[trtStringNameTranslation] ([idfsBaseReference], [idfsLanguage], [strTextString], [intRowStatus], [rowguid], [strMaintenanceFlag], [strReservedAttribute]) VALUES (10081214, 10049003, N'Veterinary Aggregate Investigation Actions – Entered by', 0, NEWID(), NULL, NULL);
INSERT INTO [dbo].[trtStringNameTranslation] ([idfsBaseReference], [idfsLanguage], [strTextString], [intRowStatus], [rowguid], [strMaintenanceFlag], [strReservedAttribute]) VALUES (10081214, 10049004, N'ვეტერინარული გამოკვლევის აგრეგირებული ქმედებები - შეყვანილია თანამშრომლის მიერ', 0, NEWID(), NULL, NULL);
INSERT INTO [dbo].[trtStringNameTranslation] ([idfsBaseReference], [idfsLanguage], [strTextString], [intRowStatus], [rowguid], [strMaintenanceFlag], [strReservedAttribute]) VALUES (10081214, 10049001, N'Baytarlıq üzrə Qrupşəkilli Tədqiqat Tədbirləri - Daxil edən işçi', 0, NEWID(), NULL, NULL);
INSERT INTO [dbo].[trtStringNameTranslation] ([idfsBaseReference], [idfsLanguage], [strTextString], [intRowStatus], [rowguid], [strMaintenanceFlag], [strReservedAttribute]) VALUES (10081214, 10049011, N'إجراءات البحث لمجموعة الامراض البيطرية - أدخلها الموظف ', 0, NEWID(), NULL, NULL);

INSERT INTO [dbo].[trtStringNameTranslation] ([idfsBaseReference], [idfsLanguage], [strTextString], [intRowStatus], [rowguid], [strMaintenanceFlag], [strReservedAttribute]) VALUES (10081215, 10049003, N'Veterinary Aggregate Investigation Actions – Entered by Organization – Abbreviation', 0, NEWID(), NULL, NULL);
INSERT INTO [dbo].[trtStringNameTranslation] ([idfsBaseReference], [idfsLanguage], [strTextString], [intRowStatus], [rowguid], [strMaintenanceFlag], [strReservedAttribute]) VALUES (10081215, 10049004, N'ვეტერინარული გამოკვლევის აგრეგირებული ქმედებები - შეყვანილია ორგანიზაციის მიერ - აბრევიაცია', 0, NEWID(), NULL, NULL);
INSERT INTO [dbo].[trtStringNameTranslation] ([idfsBaseReference], [idfsLanguage], [strTextString], [intRowStatus], [rowguid], [strMaintenanceFlag], [strReservedAttribute]) VALUES (10081215, 10049001, N'Baytarlıq üzrə Qrupşəkilli Tədqiqat Tədbirləri - Daxil edən təşkilat - Qısa adı', 0, NEWID(), NULL, NULL);
INSERT INTO [dbo].[trtStringNameTranslation] ([idfsBaseReference], [idfsLanguage], [strTextString], [intRowStatus], [rowguid], [strMaintenanceFlag], [strReservedAttribute]) VALUES (10081215, 10049011, N'إجراءات البحث لمجموعة الامراض البيطرية - أدخلتها المنظمة - الاختصار ', 0, NEWID(), NULL, NULL);

INSERT INTO [dbo].[trtStringNameTranslation] ([idfsBaseReference], [idfsLanguage], [strTextString], [intRowStatus], [rowguid], [strMaintenanceFlag], [strReservedAttribute]) VALUES (10081216, 10049003, N'Veterinary Aggregate Investigation Actions – Entered by Organization – ID', 0, NEWID(), NULL, NULL);
INSERT INTO [dbo].[trtStringNameTranslation] ([idfsBaseReference], [idfsLanguage], [strTextString], [intRowStatus], [rowguid], [strMaintenanceFlag], [strReservedAttribute]) VALUES (10081216, 10049004, N'ვეტერინარული გამოკვლევის აგრეგირებული ქმედებები - შეყვანილია ორგანიზაციის მიერ - ID', 0, NEWID(), NULL, NULL);
INSERT INTO [dbo].[trtStringNameTranslation] ([idfsBaseReference], [idfsLanguage], [strTextString], [intRowStatus], [rowguid], [strMaintenanceFlag], [strReservedAttribute]) VALUES (10081216, 10049001, N'Baytarlıq üzrə Qrupşəkilli Tədqiqat Tədbirləri - Daxil edən təşkilat - Q/N-si', 0, NEWID(), NULL, NULL);
INSERT INTO [dbo].[trtStringNameTranslation] ([idfsBaseReference], [idfsLanguage], [strTextString], [intRowStatus], [rowguid], [strMaintenanceFlag], [strReservedAttribute]) VALUES (10081216, 10049011, N'إجراءات البحث لمجموعة الامراض البيطرية -  أدخلتها المنظمة - المعرّف ', 0, NEWID(), NULL, NULL);

INSERT INTO [dbo].[trtStringNameTranslation] ([idfsBaseReference], [idfsLanguage], [strTextString], [intRowStatus], [rowguid], [strMaintenanceFlag], [strReservedAttribute]) VALUES (10081217, 10049003, N'Veterinary Aggregate Investigation Actions – Notification Received by Institution – ID', 0, NEWID(), NULL, NULL);
INSERT INTO [dbo].[trtStringNameTranslation] ([idfsBaseReference], [idfsLanguage], [strTextString], [intRowStatus], [rowguid], [strMaintenanceFlag], [strReservedAttribute]) VALUES (10081217, 10049004, N'ვეტერინარული გამოკვლევის აგრეგირებული ქმედებები - შეტყობინება მიღებულია დაწესებულების მიერ - ID', 0, NEWID(), NULL, NULL);
INSERT INTO [dbo].[trtStringNameTranslation] ([idfsBaseReference], [idfsLanguage], [strTextString], [intRowStatus], [rowguid], [strMaintenanceFlag], [strReservedAttribute]) VALUES (10081217, 10049001, N'Baytarlıq üzrə Qrupşəkilli Tədqiqat Tədbirləri - Bildirişi qəbul edən müəssisə - Q/N-si', 0, NEWID(), NULL, NULL);
INSERT INTO [dbo].[trtStringNameTranslation] ([idfsBaseReference], [idfsLanguage], [strTextString], [intRowStatus], [rowguid], [strMaintenanceFlag], [strReservedAttribute]) VALUES (10081217, 10049011, N'إجراءات البحث لمجموعة الامراض البيطرية - الإخطار الذي تلقته المؤسسة  - المعرّف ', 0, NEWID(), NULL, NULL);

INSERT INTO [dbo].[trtStringNameTranslation] ([idfsBaseReference], [idfsLanguage], [strTextString], [intRowStatus], [rowguid], [strMaintenanceFlag], [strReservedAttribute]) VALUES (10081218, 10049003, N'Veterinary Aggregate Investigation Actions – Notification Received by Institution – Name', 0, NEWID(), NULL, NULL);
INSERT INTO [dbo].[trtStringNameTranslation] ([idfsBaseReference], [idfsLanguage], [strTextString], [intRowStatus], [rowguid], [strMaintenanceFlag], [strReservedAttribute]) VALUES (10081218, 10049004, N'ვეტერინარული გამოკვლევის აგრეგირებული ქმედებები - შეტყობინება მიღებულია დაწესებულების მიერ - დასახელება', 0, NEWID(), NULL, NULL);
INSERT INTO [dbo].[trtStringNameTranslation] ([idfsBaseReference], [idfsLanguage], [strTextString], [intRowStatus], [rowguid], [strMaintenanceFlag], [strReservedAttribute]) VALUES (10081218, 10049001, N'Baytarlıq üzrə Qrupşəkilli Tədqiqat Tədbirləri - Bildirişi qəbul edən müəssisə - Adı', 0, NEWID(), NULL, NULL);
INSERT INTO [dbo].[trtStringNameTranslation] ([idfsBaseReference], [idfsLanguage], [strTextString], [intRowStatus], [rowguid], [strMaintenanceFlag], [strReservedAttribute]) VALUES (10081218, 10049011, N'إجراءات البحث لمجموعة الامراض البيطرية -  الإخطار الذي تلقته المؤسسة   - الاسم ', 0, NEWID(), NULL, NULL);

INSERT INTO [dbo].[trtStringNameTranslation] ([idfsBaseReference], [idfsLanguage], [strTextString], [intRowStatus], [rowguid], [strMaintenanceFlag], [strReservedAttribute]) VALUES (10081219, 10049003, N'Veterinary Aggregate Investigation Actions – Notification Received by Officer', 0, NEWID(), NULL, NULL);
INSERT INTO [dbo].[trtStringNameTranslation] ([idfsBaseReference], [idfsLanguage], [strTextString], [intRowStatus], [rowguid], [strMaintenanceFlag], [strReservedAttribute]) VALUES (10081219, 10049004, N'ვეტერინარული გამოკვლევის აგრეგირებული ქმედებები - შეტყობინება მიღებულია თანამშრომლის მიერ', 0, NEWID(), NULL, NULL);
INSERT INTO [dbo].[trtStringNameTranslation] ([idfsBaseReference], [idfsLanguage], [strTextString], [intRowStatus], [rowguid], [strMaintenanceFlag], [strReservedAttribute]) VALUES (10081219, 10049001, N'Baytarlıq üzrə Qrupşəkilli Tədqiqat Tədbirləri - Bildirişi qəbul edən işçi', 0, NEWID(), NULL, NULL);
INSERT INTO [dbo].[trtStringNameTranslation] ([idfsBaseReference], [idfsLanguage], [strTextString], [intRowStatus], [rowguid], [strMaintenanceFlag], [strReservedAttribute]) VALUES (10081219, 10049011, N'إجراءات البحث لمجموعة الامراض البيطرية - الإخطار  الذي تلقاه الموظف ', 0, NEWID(), NULL, NULL);

INSERT INTO [dbo].[trtStringNameTranslation] ([idfsBaseReference], [idfsLanguage], [strTextString], [intRowStatus], [rowguid], [strMaintenanceFlag], [strReservedAttribute]) VALUES (10081220, 10049003, N'Veterinary Aggregate Investigation Actions – Notification Received Date', 0, NEWID(), NULL, NULL);
INSERT INTO [dbo].[trtStringNameTranslation] ([idfsBaseReference], [idfsLanguage], [strTextString], [intRowStatus], [rowguid], [strMaintenanceFlag], [strReservedAttribute]) VALUES (10081220, 10049004, N'ვეტერინარული გამოკვლევის აგრეგირებული ქმედებები - შეტყობინების მიღების თარიღი', 0, NEWID(), NULL, NULL);
INSERT INTO [dbo].[trtStringNameTranslation] ([idfsBaseReference], [idfsLanguage], [strTextString], [intRowStatus], [rowguid], [strMaintenanceFlag], [strReservedAttribute]) VALUES (10081220, 10049001, N'Baytarlıq üzrə Qrupşəkilli Tədqiqat Tədbirləri - Bildirişin qəbul edilmə  tarixi', 0, NEWID(), NULL, NULL);
INSERT INTO [dbo].[trtStringNameTranslation] ([idfsBaseReference], [idfsLanguage], [strTextString], [intRowStatus], [rowguid], [strMaintenanceFlag], [strReservedAttribute]) VALUES (10081220, 10049011, N'إجراءات البحث لمجموعة الامراض البيطرية - تاريخ استلام الإخطار ', 0, NEWID(), NULL, NULL);

INSERT INTO [dbo].[trtStringNameTranslation] ([idfsBaseReference], [idfsLanguage], [strTextString], [intRowStatus], [rowguid], [strMaintenanceFlag], [strReservedAttribute]) VALUES (10081221, 10049003, N'Veterinary Aggregate Investigation Actions – Notification Sent by Institution – ID', 0, NEWID(), NULL, NULL);
INSERT INTO [dbo].[trtStringNameTranslation] ([idfsBaseReference], [idfsLanguage], [strTextString], [intRowStatus], [rowguid], [strMaintenanceFlag], [strReservedAttribute]) VALUES (10081221, 10049004, N'ვეტერინარული გამოკვლევის აგრეგირებული ქმედებები - შეტყობინება გაგზავნილია დაწესებულების მიერ - ID', 0, NEWID(), NULL, NULL);
INSERT INTO [dbo].[trtStringNameTranslation] ([idfsBaseReference], [idfsLanguage], [strTextString], [intRowStatus], [rowguid], [strMaintenanceFlag], [strReservedAttribute]) VALUES (10081221, 10049001, N'Baytarlıq üzrə Qrupşəkilli Tədqiqat Tədbirləri - Bildirişi göndərən müəssisə - Q/N-si', 0, NEWID(), NULL, NULL);
INSERT INTO [dbo].[trtStringNameTranslation] ([idfsBaseReference], [idfsLanguage], [strTextString], [intRowStatus], [rowguid], [strMaintenanceFlag], [strReservedAttribute]) VALUES (10081221, 10049011, N'إجراءات البحث لمجموعة الامراض البيطرية - الإخطار  الذي أرسلته المؤسسة - المعرّف ', 0, NEWID(), NULL, NULL);

INSERT INTO [dbo].[trtStringNameTranslation] ([idfsBaseReference], [idfsLanguage], [strTextString], [intRowStatus], [rowguid], [strMaintenanceFlag], [strReservedAttribute]) VALUES (10081222, 10049003, N'Veterinary Aggregate Investigation Actions – Notification Sent by Institution – Name', 0, NEWID(), NULL, NULL);
INSERT INTO [dbo].[trtStringNameTranslation] ([idfsBaseReference], [idfsLanguage], [strTextString], [intRowStatus], [rowguid], [strMaintenanceFlag], [strReservedAttribute]) VALUES (10081222, 10049004, N'ვეტერინარული გამოკვლევის აგრეგირებული ქმედებები - შეტყობინება გაგზავნილია დაწესებულების მიერ - დასახელება', 0, NEWID(), NULL, NULL);
INSERT INTO [dbo].[trtStringNameTranslation] ([idfsBaseReference], [idfsLanguage], [strTextString], [intRowStatus], [rowguid], [strMaintenanceFlag], [strReservedAttribute]) VALUES (10081222, 10049001, N'Baytarlıq üzrə Qrupşəkilli Tədqiqat Tədbirləri - Bildirişi göndərən müəssisə - Adı', 0, NEWID(), NULL, NULL);
INSERT INTO [dbo].[trtStringNameTranslation] ([idfsBaseReference], [idfsLanguage], [strTextString], [intRowStatus], [rowguid], [strMaintenanceFlag], [strReservedAttribute]) VALUES (10081222, 10049011, N'إجراءات البحث لمجموعة الامراض البيطرية -  الإخطار الذي أرسلته المؤسسة- الاسم ', 0, NEWID(), NULL, NULL);

INSERT INTO [dbo].[trtStringNameTranslation] ([idfsBaseReference], [idfsLanguage], [strTextString], [intRowStatus], [rowguid], [strMaintenanceFlag], [strReservedAttribute]) VALUES (10081223, 10049003, N'Veterinary Aggregate Investigation Actions – Notification Sent by Officer', 0, NEWID(), NULL, NULL);
INSERT INTO [dbo].[trtStringNameTranslation] ([idfsBaseReference], [idfsLanguage], [strTextString], [intRowStatus], [rowguid], [strMaintenanceFlag], [strReservedAttribute]) VALUES (10081223, 10049004, N'ვეტერინარული გამოკვლევის აგრეგირებული ქმედებები - შეტყობინება გაგზავნილია თანამშრომლის მიერ', 0, NEWID(), NULL, NULL);
INSERT INTO [dbo].[trtStringNameTranslation] ([idfsBaseReference], [idfsLanguage], [strTextString], [intRowStatus], [rowguid], [strMaintenanceFlag], [strReservedAttribute]) VALUES (10081223, 10049001, N'Baytarlıq üzrə Qrupşəkilli Tədqiqat Tədbirləri - Bildirişi göndərən işçi', 0, NEWID(), NULL, NULL);
INSERT INTO [dbo].[trtStringNameTranslation] ([idfsBaseReference], [idfsLanguage], [strTextString], [intRowStatus], [rowguid], [strMaintenanceFlag], [strReservedAttribute]) VALUES (10081223, 10049011, N'إجراءات البحث لمجموعة الامراض البيطرية - الإخطار الذي أرسله الموظف', 0, NEWID(), NULL, NULL);

INSERT INTO [dbo].[trtStringNameTranslation] ([idfsBaseReference], [idfsLanguage], [strTextString], [intRowStatus], [rowguid], [strMaintenanceFlag], [strReservedAttribute]) VALUES (10081224, 10049003, N'Veterinary Aggregate Investigation Actions – Notification Sent Date', 0, NEWID(), NULL, NULL);
INSERT INTO [dbo].[trtStringNameTranslation] ([idfsBaseReference], [idfsLanguage], [strTextString], [intRowStatus], [rowguid], [strMaintenanceFlag], [strReservedAttribute]) VALUES (10081224, 10049004, N'ვეტერინარული გამოკვლევის აგრეგირებული ქმედებები - შეტყობინების გაგზავნის თარიღი', 0, NEWID(), NULL, NULL);
INSERT INTO [dbo].[trtStringNameTranslation] ([idfsBaseReference], [idfsLanguage], [strTextString], [intRowStatus], [rowguid], [strMaintenanceFlag], [strReservedAttribute]) VALUES (10081224, 10049001, N'Baytarlıq üzrə Qrupşəkilli Tədqiqat Tədbirləri - Bildirişin göndərilmə tarixi', 0, NEWID(), NULL, NULL);
INSERT INTO [dbo].[trtStringNameTranslation] ([idfsBaseReference], [idfsLanguage], [strTextString], [intRowStatus], [rowguid], [strMaintenanceFlag], [strReservedAttribute]) VALUES (10081224, 10049011, N'إجراءات البحث لمجموعة الامراض البيطرية - تاريخ الارسال ', 0, NEWID(), NULL, NULL);

INSERT INTO [dbo].[trtStringNameTranslation] ([idfsBaseReference], [idfsLanguage], [strTextString], [intRowStatus], [rowguid], [strMaintenanceFlag], [strReservedAttribute]) VALUES (10081225, 10049003, N'Veterinary Aggregate Investigation Actions – Rayon', 0, NEWID(), NULL, NULL);
INSERT INTO [dbo].[trtStringNameTranslation] ([idfsBaseReference], [idfsLanguage], [strTextString], [intRowStatus], [rowguid], [strMaintenanceFlag], [strReservedAttribute]) VALUES (10081225, 10049004, N'ვეტერინარული გამოკვლევის აგრეგირებული ქმედებები - რაიონი', 0, NEWID(), NULL, NULL);
INSERT INTO [dbo].[trtStringNameTranslation] ([idfsBaseReference], [idfsLanguage], [strTextString], [intRowStatus], [rowguid], [strMaintenanceFlag], [strReservedAttribute]) VALUES (10081225, 10049001, N'Baytarlıq üzrə Qrupşəkilli Tədqiqat Tədbirləri - Rayon', 0, NEWID(), NULL, NULL);
INSERT INTO [dbo].[trtStringNameTranslation] ([idfsBaseReference], [idfsLanguage], [strTextString], [intRowStatus], [rowguid], [strMaintenanceFlag], [strReservedAttribute]) VALUES (10081225, 10049011, N'إجراءات البحث لمجموعة الامراض البيطرية - رايون ', 0, NEWID(), NULL, NULL);

INSERT INTO [dbo].[trtStringNameTranslation] ([idfsBaseReference], [idfsLanguage], [strTextString], [intRowStatus], [rowguid], [strMaintenanceFlag], [strReservedAttribute]) VALUES (10081226, 10049003, N'Veterinary Aggregate Investigation Actions – Region', 0, NEWID(), NULL, NULL);
INSERT INTO [dbo].[trtStringNameTranslation] ([idfsBaseReference], [idfsLanguage], [strTextString], [intRowStatus], [rowguid], [strMaintenanceFlag], [strReservedAttribute]) VALUES (10081226, 10049004, N'ვეტერინარული გამოკვლევის აგრეგირებული ქმედებები - რეგიონი', 0, NEWID(), NULL, NULL);
INSERT INTO [dbo].[trtStringNameTranslation] ([idfsBaseReference], [idfsLanguage], [strTextString], [intRowStatus], [rowguid], [strMaintenanceFlag], [strReservedAttribute]) VALUES (10081226, 10049001, N'Baytarlıq üzrə Qrupşəkilli Tədqiqat Tədbirləri - Region', 0, NEWID(), NULL, NULL);
INSERT INTO [dbo].[trtStringNameTranslation] ([idfsBaseReference], [idfsLanguage], [strTextString], [intRowStatus], [rowguid], [strMaintenanceFlag], [strReservedAttribute]) VALUES (10081226, 10049011, N'إجراءات البحث لمجموعة الامراض البيطرية - المنطقة ', 0, NEWID(), NULL, NULL);

INSERT INTO [dbo].[trtStringNameTranslation] ([idfsBaseReference], [idfsLanguage], [strTextString], [intRowStatus], [rowguid], [strMaintenanceFlag], [strReservedAttribute]) VALUES (10081227, 10049003, N'Veterinary Aggregate Investigation Actions – Time Interval for grouping', 0, NEWID(), NULL, NULL);
INSERT INTO [dbo].[trtStringNameTranslation] ([idfsBaseReference], [idfsLanguage], [strTextString], [intRowStatus], [rowguid], [strMaintenanceFlag], [strReservedAttribute]) VALUES (10081227, 10049004, N'ვეტერინარული გამოკვლევის აგრეგირებული ქმედებები - დაჯგუფების დროის შუალედი', 0, NEWID(), NULL, NULL);
INSERT INTO [dbo].[trtStringNameTranslation] ([idfsBaseReference], [idfsLanguage], [strTextString], [intRowStatus], [rowguid], [strMaintenanceFlag], [strReservedAttribute]) VALUES (10081227, 10049001, N'Baytarlıq üzrə Qrupşəkilli Tədqiqat Tədbirləri - Qruplaşdırma üçün vaxt müddəti', 0, NEWID(), NULL, NULL);
INSERT INTO [dbo].[trtStringNameTranslation] ([idfsBaseReference], [idfsLanguage], [strTextString], [intRowStatus], [rowguid], [strMaintenanceFlag], [strReservedAttribute]) VALUES (10081227, 10049011, N'إجراءات البحث لمجموعة الامراض البيطرية - الفاصل الزمني للمجموعة ', 0, NEWID(), NULL, NULL);

INSERT INTO [dbo].[trtStringNameTranslation] ([idfsBaseReference], [idfsLanguage], [strTextString], [intRowStatus], [rowguid], [strMaintenanceFlag], [strReservedAttribute]) VALUES (10081228, 10049003, N'Veterinary Aggregate Investigation Actions – Time Interval End Date', 0, NEWID(), NULL, NULL);
INSERT INTO [dbo].[trtStringNameTranslation] ([idfsBaseReference], [idfsLanguage], [strTextString], [intRowStatus], [rowguid], [strMaintenanceFlag], [strReservedAttribute]) VALUES (10081228, 10049004, N'ვეტერინარული გამოკვლევის აგრეგირებული ქმედებები - დროის შუალედის დასრულების თარიღი', 0, NEWID(), NULL, NULL);
INSERT INTO [dbo].[trtStringNameTranslation] ([idfsBaseReference], [idfsLanguage], [strTextString], [intRowStatus], [rowguid], [strMaintenanceFlag], [strReservedAttribute]) VALUES (10081228, 10049001, N'Baytarlıq üzrə Qrupşəkilli Tədqiqat Tədbirləri - Vaxt müddətinin bitmə tarixi', 0, NEWID(), NULL, NULL);
INSERT INTO [dbo].[trtStringNameTranslation] ([idfsBaseReference], [idfsLanguage], [strTextString], [intRowStatus], [rowguid], [strMaintenanceFlag], [strReservedAttribute]) VALUES (10081228, 10049011, N'إجراءات البحث لمجموعة الامراض البيطرية - تاريخ انتهاء الفاصل الزمني ', 0, NEWID(), NULL, NULL);

INSERT INTO [dbo].[trtStringNameTranslation] ([idfsBaseReference], [idfsLanguage], [strTextString], [intRowStatus], [rowguid], [strMaintenanceFlag], [strReservedAttribute]) VALUES (10081229, 10049003, N'Veterinary Aggregate Investigation Actions – Time Interval Start Date', 0, NEWID(), NULL, NULL);
INSERT INTO [dbo].[trtStringNameTranslation] ([idfsBaseReference], [idfsLanguage], [strTextString], [intRowStatus], [rowguid], [strMaintenanceFlag], [strReservedAttribute]) VALUES (10081229, 10049004, N'ვეტერინარული გამოკვლევის აგრეგირებული ქმედებები - დროის შუალედის დაწყების თარიღი', 0, NEWID(), NULL, NULL);
INSERT INTO [dbo].[trtStringNameTranslation] ([idfsBaseReference], [idfsLanguage], [strTextString], [intRowStatus], [rowguid], [strMaintenanceFlag], [strReservedAttribute]) VALUES (10081229, 10049001, N'Baytarlıq üzrə Qrupşəkilli Tədqiqat Tədbirləri - Vaxt müddətinin başlanma tarixi', 0, NEWID(), NULL, NULL);
INSERT INTO [dbo].[trtStringNameTranslation] ([idfsBaseReference], [idfsLanguage], [strTextString], [intRowStatus], [rowguid], [strMaintenanceFlag], [strReservedAttribute]) VALUES (10081229, 10049011, N'إجراءات البحث لمجموعة الامراض البيطرية - تاريخ بدء الفاصل الزمني ', 0, NEWID(), NULL, NULL);

INSERT INTO [dbo].[trtStringNameTranslation] ([idfsBaseReference], [idfsLanguage], [strTextString], [intRowStatus], [rowguid], [strMaintenanceFlag], [strReservedAttribute]) VALUES (10081230, 10049003, N'Veterinary Aggregate Investigation Actions – Time Interval Unit', 0, NEWID(), NULL, NULL);
INSERT INTO [dbo].[trtStringNameTranslation] ([idfsBaseReference], [idfsLanguage], [strTextString], [intRowStatus], [rowguid], [strMaintenanceFlag], [strReservedAttribute]) VALUES (10081230, 10049004, N'ვეტერინარული გამოკვლევის აგრეგირებული ქმედებები - დროის შუალედის ერთეული', 0, NEWID(), NULL, NULL);
INSERT INTO [dbo].[trtStringNameTranslation] ([idfsBaseReference], [idfsLanguage], [strTextString], [intRowStatus], [rowguid], [strMaintenanceFlag], [strReservedAttribute]) VALUES (10081230, 10049001, N'Baytarlıq üzrə Qrupşəkilli Tədqiqat Tədbirləri - Vaxt müddətinin vahidi', 0, NEWID(), NULL, NULL);
INSERT INTO [dbo].[trtStringNameTranslation] ([idfsBaseReference], [idfsLanguage], [strTextString], [intRowStatus], [rowguid], [strMaintenanceFlag], [strReservedAttribute]) VALUES (10081230, 10049011, N'إجراءات البحث لمجموعة الامراض البيطرية - وحدة الفاصل الزمني ', 0, NEWID(), NULL, NULL);

INSERT INTO [dbo].[trtStringNameTranslation] ([idfsBaseReference], [idfsLanguage], [strTextString], [intRowStatus], [rowguid], [strMaintenanceFlag], [strReservedAttribute]) VALUES (10081231, 10049003, N'Veterinary Aggregate Investigation Actions – Total', 0, NEWID(), NULL, NULL);
INSERT INTO [dbo].[trtStringNameTranslation] ([idfsBaseReference], [idfsLanguage], [strTextString], [intRowStatus], [rowguid], [strMaintenanceFlag], [strReservedAttribute]) VALUES (10081231, 10049004, N'ვეტერინარული გამოკვლევის აგრეგირებული ქმედებები - საერთო', 0, NEWID(), NULL, NULL);
INSERT INTO [dbo].[trtStringNameTranslation] ([idfsBaseReference], [idfsLanguage], [strTextString], [intRowStatus], [rowguid], [strMaintenanceFlag], [strReservedAttribute]) VALUES (10081231, 10049001, N'Baytarlıq üzrə Qrupşəkilli Tədqiqat Tədbirləri - Cəmi', 0, NEWID(), NULL, NULL);
INSERT INTO [dbo].[trtStringNameTranslation] ([idfsBaseReference], [idfsLanguage], [strTextString], [intRowStatus], [rowguid], [strMaintenanceFlag], [strReservedAttribute]) VALUES (10081231, 10049011, N'إجراءات البحث لمجموعة الامراض البيطرية - المجموع ', 0, NEWID(), NULL, NULL);

INSERT INTO [dbo].[trtStringNameTranslation] ([idfsBaseReference], [idfsLanguage], [strTextString], [intRowStatus], [rowguid], [strMaintenanceFlag], [strReservedAttribute]) VALUES (10081232, 10049003, N'Veterinary Aggregate Investigation Actions – Settlement', 0, NEWID(), NULL, NULL);
INSERT INTO [dbo].[trtStringNameTranslation] ([idfsBaseReference], [idfsLanguage], [strTextString], [intRowStatus], [rowguid], [strMaintenanceFlag], [strReservedAttribute]) VALUES (10081232, 10049004, N'ვეტერინარული გამოკვლევის აგრეგირებული ქმედებები - დასახლება', 0, NEWID(), NULL, NULL);
INSERT INTO [dbo].[trtStringNameTranslation] ([idfsBaseReference], [idfsLanguage], [strTextString], [intRowStatus], [rowguid], [strMaintenanceFlag], [strReservedAttribute]) VALUES (10081232, 10049001, N'Baytarlıq üzrə Qrupşəkilli Tədqiqat Tədbirləri - Yaşayış məntəqəsi', 0, NEWID(), NULL, NULL);
INSERT INTO [dbo].[trtStringNameTranslation] ([idfsBaseReference], [idfsLanguage], [strTextString], [intRowStatus], [rowguid], [strMaintenanceFlag], [strReservedAttribute]) VALUES (10081232, 10049011, N'إجراءات البحث لمجموعة الامراض البيطرية - الاقامة ', 0, NEWID(), NULL, NULL);


INSERT INTO [dbo].[tasSearchField] ([idfsSearchField], [idfsSearchFieldType], [idfsSearchObject], [idfsReferenceType], [idfsGISReferenceType], [strSearchFieldAlias], [strLookupTable], [intMapDisplayOrder], [intIncidenceDisplayOrder], [blnGeoLocationString], [strCalculatedFieldText], [rowguid], [intRowStatus], [idfsDefaultAggregateFunction], [blnShortAddressString], [strLookupFunction], [strLookupFunctionIdField], [strLookupFunctionNameField], [strLookupAttribute], [blnAllowMissedReferenceValues], [strReservedAttribute]) VALUES (10081207, 10081007, 10082069, 19000089, NULL, 'sflVAIA_AdministrativeLevel', 'rftStatisticAreaType', NULL, NULL, 0, NULL, NEWID(), 0, 10004003, 0, NULL, NULL, NULL, 'name', 1, NULL);
INSERT INTO [dbo].[tasSearchField] ([idfsSearchField], [idfsSearchFieldType], [idfsSearchObject], [idfsReferenceType], [idfsGISReferenceType], [strSearchFieldAlias], [strLookupTable], [intMapDisplayOrder], [intIncidenceDisplayOrder], [blnGeoLocationString], [strCalculatedFieldText], [rowguid], [intRowStatus], [idfsDefaultAggregateFunction], [blnShortAddressString], [strLookupFunction], [strLookupFunctionIdField], [strLookupFunctionNameField], [strLookupAttribute], [blnAllowMissedReferenceValues], [strReservedAttribute]) VALUES (10081208, 10081007, 10082069, NULL, NULL, 'sflVAIA_CaseID', NULL, NULL, NULL, 0, NULL, NEWID(), 0, 10004020, 0, NULL, NULL, NULL, NULL, 0, NULL);
INSERT INTO [dbo].[tasSearchField] ([idfsSearchField], [idfsSearchFieldType], [idfsSearchObject], [idfsReferenceType], [idfsGISReferenceType], [strSearchFieldAlias], [strLookupTable], [intMapDisplayOrder], [intIncidenceDisplayOrder], [blnGeoLocationString], [strCalculatedFieldText], [rowguid], [intRowStatus], [idfsDefaultAggregateFunction], [blnShortAddressString], [strLookupFunction], [strLookupFunctionIdField], [strLookupFunctionNameField], [strLookupAttribute], [blnAllowMissedReferenceValues], [strReservedAttribute]) VALUES (10081209, 10081002, 10082069, NULL, NULL, 'sflVAIA_DateOfEntry', NULL, NULL, NULL, 0, NULL, NEWID(), 0, 10004003, 0, NULL, NULL, NULL, NULL, 1, NULL);
INSERT INTO [dbo].[tasSearchField] ([idfsSearchField], [idfsSearchFieldType], [idfsSearchObject], [idfsReferenceType], [idfsGISReferenceType], [strSearchFieldAlias], [strLookupTable], [intMapDisplayOrder], [intIncidenceDisplayOrder], [blnGeoLocationString], [strCalculatedFieldText], [rowguid], [intRowStatus], [idfsDefaultAggregateFunction], [blnShortAddressString], [strLookupFunction], [strLookupFunctionIdField], [strLookupFunctionNameField], [strLookupAttribute], [blnAllowMissedReferenceValues], [strReservedAttribute]) VALUES (10081210, 10081007, 10082069, 19000144, NULL, 'sflVAIA_InvestigationType', 'rftCaseReportType', NULL, NULL, 0, NULL, NEWID(), 0, 10004003, 0, NULL, NULL, NULL, 'name', 1, NULL);
INSERT INTO [dbo].[tasSearchField] ([idfsSearchField], [idfsSearchFieldType], [idfsSearchObject], [idfsReferenceType], [idfsGISReferenceType], [strSearchFieldAlias], [strLookupTable], [intMapDisplayOrder], [intIncidenceDisplayOrder], [blnGeoLocationString], [strCalculatedFieldText], [rowguid], [intRowStatus], [idfsDefaultAggregateFunction], [blnShortAddressString], [strLookupFunction], [strLookupFunctionIdField], [strLookupFunctionNameField], [strLookupAttribute], [blnAllowMissedReferenceValues], [strReservedAttribute]) VALUES (10081211, 10081007, 10082069, 19000086, NULL, 'sflVAIA_AnimalSpecies', 'rftSpeciesList', NULL, NULL, 0, NULL, NEWID(), 0, 10004003, 0, NULL, NULL, NULL, 'name', 1, NULL);
INSERT INTO [dbo].[tasSearchField] ([idfsSearchField], [idfsSearchFieldType], [idfsSearchObject], [idfsReferenceType], [idfsGISReferenceType], [strSearchFieldAlias], [strLookupTable], [intMapDisplayOrder], [intIncidenceDisplayOrder], [blnGeoLocationString], [strCalculatedFieldText], [rowguid], [intRowStatus], [idfsDefaultAggregateFunction], [blnShortAddressString], [strLookupFunction], [strLookupFunctionIdField], [strLookupFunctionNameField], [strLookupAttribute], [blnAllowMissedReferenceValues], [strReservedAttribute]) VALUES (10081212, 10081007, 10082069, 19000019, NULL, 'sflVAIA_FinalDiagnosis', 'VetStandardDiagnosis', NULL, NULL, 0, NULL, NEWID(), 0, 10004003, 0, NULL, NULL, NULL, 'name', 1, NULL);
INSERT INTO [dbo].[tasSearchField] ([idfsSearchField], [idfsSearchFieldType], [idfsSearchObject], [idfsReferenceType], [idfsGISReferenceType], [strSearchFieldAlias], [strLookupTable], [intMapDisplayOrder], [intIncidenceDisplayOrder], [blnGeoLocationString], [strCalculatedFieldText], [rowguid], [intRowStatus], [idfsDefaultAggregateFunction], [blnShortAddressString], [strLookupFunction], [strLookupFunctionIdField], [strLookupFunctionNameField], [strLookupAttribute], [blnAllowMissedReferenceValues], [strReservedAttribute]) VALUES (10081213, 10081007, 10082069, NULL, NULL, 'sflVAIA_OIAcode', NULL, NULL, NULL, 0, NULL, NEWID(), 0, 10004003, 0, NULL, NULL, NULL, NULL, 0, NULL);
INSERT INTO [dbo].[tasSearchField] ([idfsSearchField], [idfsSearchFieldType], [idfsSearchObject], [idfsReferenceType], [idfsGISReferenceType], [strSearchFieldAlias], [strLookupTable], [intMapDisplayOrder], [intIncidenceDisplayOrder], [blnGeoLocationString], [strCalculatedFieldText], [rowguid], [intRowStatus], [idfsDefaultAggregateFunction], [blnShortAddressString], [strLookupFunction], [strLookupFunctionIdField], [strLookupFunctionNameField], [strLookupAttribute], [blnAllowMissedReferenceValues], [strReservedAttribute]) VALUES (10081214, 10081007, 10082069, NULL, NULL, 'sflVAIA_EnteredByPerson', NULL, NULL, NULL, 0, NULL, NEWID(), 0, 10004003, 0, NULL, NULL, NULL, NULL, 0, NULL);
INSERT INTO [dbo].[tasSearchField] ([idfsSearchField], [idfsSearchFieldType], [idfsSearchObject], [idfsReferenceType], [idfsGISReferenceType], [strSearchFieldAlias], [strLookupTable], [intMapDisplayOrder], [intIncidenceDisplayOrder], [blnGeoLocationString], [strCalculatedFieldText], [rowguid], [intRowStatus], [idfsDefaultAggregateFunction], [blnShortAddressString], [strLookupFunction], [strLookupFunctionIdField], [strLookupFunctionNameField], [strLookupAttribute], [blnAllowMissedReferenceValues], [strReservedAttribute]) VALUES (10081215, 10081007, 10082069, 19000045, NULL, 'sflVAIA_SiteID', 'Organization', NULL, NULL, 0, NULL, NEWID(), 0, 10004003, 0, NULL, NULL, NULL, 'name', 1, NULL);
INSERT INTO [dbo].[tasSearchField] ([idfsSearchField], [idfsSearchFieldType], [idfsSearchObject], [idfsReferenceType], [idfsGISReferenceType], [strSearchFieldAlias], [strLookupTable], [intMapDisplayOrder], [intIncidenceDisplayOrder], [blnGeoLocationString], [strCalculatedFieldText], [rowguid], [intRowStatus], [idfsDefaultAggregateFunction], [blnShortAddressString], [strLookupFunction], [strLookupFunctionIdField], [strLookupFunctionNameField], [strLookupAttribute], [blnAllowMissedReferenceValues], [strReservedAttribute]) VALUES (10081216, 10081007, 10082069, NULL, NULL, 'sflVAIA_EnteredByOrganizationID', NULL, NULL, NULL, 0, NULL, NEWID(), 0, 10004003, 0, NULL, NULL, NULL, NULL, 0, NULL);
INSERT INTO [dbo].[tasSearchField] ([idfsSearchField], [idfsSearchFieldType], [idfsSearchObject], [idfsReferenceType], [idfsGISReferenceType], [strSearchFieldAlias], [strLookupTable], [intMapDisplayOrder], [intIncidenceDisplayOrder], [blnGeoLocationString], [strCalculatedFieldText], [rowguid], [intRowStatus], [idfsDefaultAggregateFunction], [blnShortAddressString], [strLookupFunction], [strLookupFunctionIdField], [strLookupFunctionNameField], [strLookupAttribute], [blnAllowMissedReferenceValues], [strReservedAttribute]) VALUES (10081217, 10081007, 10082069, NULL, NULL, 'sflVAIA_ReceiveByInstitutionID', NULL, NULL, NULL, 0, NULL, NEWID(), 0, 10004003, 0, NULL, NULL, NULL, NULL, 0, NULL);
INSERT INTO [dbo].[tasSearchField] ([idfsSearchField], [idfsSearchFieldType], [idfsSearchObject], [idfsReferenceType], [idfsGISReferenceType], [strSearchFieldAlias], [strLookupTable], [intMapDisplayOrder], [intIncidenceDisplayOrder], [blnGeoLocationString], [strCalculatedFieldText], [rowguid], [intRowStatus], [idfsDefaultAggregateFunction], [blnShortAddressString], [strLookupFunction], [strLookupFunctionIdField], [strLookupFunctionNameField], [strLookupAttribute], [blnAllowMissedReferenceValues], [strReservedAttribute]) VALUES (10081218, 10081007, 10082069, 19000046, NULL, 'sflVAIA_ReceivedByInst', 'Organization', NULL, NULL, 0, NULL, NEWID(), 0, 10004003, 0, NULL, NULL, NULL, 'FullName', 1, NULL);
INSERT INTO [dbo].[tasSearchField] ([idfsSearchField], [idfsSearchFieldType], [idfsSearchObject], [idfsReferenceType], [idfsGISReferenceType], [strSearchFieldAlias], [strLookupTable], [intMapDisplayOrder], [intIncidenceDisplayOrder], [blnGeoLocationString], [strCalculatedFieldText], [rowguid], [intRowStatus], [idfsDefaultAggregateFunction], [blnShortAddressString], [strLookupFunction], [strLookupFunctionIdField], [strLookupFunctionNameField], [strLookupAttribute], [blnAllowMissedReferenceValues], [strReservedAttribute]) VALUES (10081219, 10081007, 10082069, NULL, NULL, 'sflVAIA_ReceivedByOfficer', NULL, NULL, NULL, 0, NULL, NEWID(), 0, 10004003, 0, NULL, NULL, NULL, NULL, 0, NULL);
INSERT INTO [dbo].[tasSearchField] ([idfsSearchField], [idfsSearchFieldType], [idfsSearchObject], [idfsReferenceType], [idfsGISReferenceType], [strSearchFieldAlias], [strLookupTable], [intMapDisplayOrder], [intIncidenceDisplayOrder], [blnGeoLocationString], [strCalculatedFieldText], [rowguid], [intRowStatus], [idfsDefaultAggregateFunction], [blnShortAddressString], [strLookupFunction], [strLookupFunctionIdField], [strLookupFunctionNameField], [strLookupAttribute], [blnAllowMissedReferenceValues], [strReservedAttribute]) VALUES (10081220, 10081002, 10082069, NULL, NULL, 'sflVAIA_NotificationReceivDate', NULL, NULL, NULL, 0, NULL, NEWID(), 0, 10004003, 0, NULL, NULL, NULL, NULL, 1, NULL);
INSERT INTO [dbo].[tasSearchField] ([idfsSearchField], [idfsSearchFieldType], [idfsSearchObject], [idfsReferenceType], [idfsGISReferenceType], [strSearchFieldAlias], [strLookupTable], [intMapDisplayOrder], [intIncidenceDisplayOrder], [blnGeoLocationString], [strCalculatedFieldText], [rowguid], [intRowStatus], [idfsDefaultAggregateFunction], [blnShortAddressString], [strLookupFunction], [strLookupFunctionIdField], [strLookupFunctionNameField], [strLookupAttribute], [blnAllowMissedReferenceValues], [strReservedAttribute]) VALUES (10081221, 10081007, 10082069, NULL, NULL, 'sflVAIA_SentByInstitutionID', NULL, NULL, NULL, 0, NULL, NEWID(), 0, 10004003, 0, NULL, NULL, NULL, NULL, 0, NULL);
INSERT INTO [dbo].[tasSearchField] ([idfsSearchField], [idfsSearchFieldType], [idfsSearchObject], [idfsReferenceType], [idfsGISReferenceType], [strSearchFieldAlias], [strLookupTable], [intMapDisplayOrder], [intIncidenceDisplayOrder], [blnGeoLocationString], [strCalculatedFieldText], [rowguid], [intRowStatus], [idfsDefaultAggregateFunction], [blnShortAddressString], [strLookupFunction], [strLookupFunctionIdField], [strLookupFunctionNameField], [strLookupAttribute], [blnAllowMissedReferenceValues], [strReservedAttribute]) VALUES (10081222, 10081002, 10082069, 19000046, NULL, 'sflVAIA_SentByInstitution', 'Organization', NULL, NULL, 0, NULL, NEWID(), 0, 10004003, 0, NULL, NULL, NULL, 'FullName', 1, NULL);
INSERT INTO [dbo].[tasSearchField] ([idfsSearchField], [idfsSearchFieldType], [idfsSearchObject], [idfsReferenceType], [idfsGISReferenceType], [strSearchFieldAlias], [strLookupTable], [intMapDisplayOrder], [intIncidenceDisplayOrder], [blnGeoLocationString], [strCalculatedFieldText], [rowguid], [intRowStatus], [idfsDefaultAggregateFunction], [blnShortAddressString], [strLookupFunction], [strLookupFunctionIdField], [strLookupFunctionNameField], [strLookupAttribute], [blnAllowMissedReferenceValues], [strReservedAttribute]) VALUES (10081223, 10081007, 10082069, NULL, NULL, 'sflVAIA_SentByOfficer', NULL, NULL, NULL, 0, NULL, NEWID(), 0, 10004003, 0, NULL, NULL, NULL, NULL, 0, NULL);
INSERT INTO [dbo].[tasSearchField] ([idfsSearchField], [idfsSearchFieldType], [idfsSearchObject], [idfsReferenceType], [idfsGISReferenceType], [strSearchFieldAlias], [strLookupTable], [intMapDisplayOrder], [intIncidenceDisplayOrder], [blnGeoLocationString], [strCalculatedFieldText], [rowguid], [intRowStatus], [idfsDefaultAggregateFunction], [blnShortAddressString], [strLookupFunction], [strLookupFunctionIdField], [strLookupFunctionNameField], [strLookupAttribute], [blnAllowMissedReferenceValues], [strReservedAttribute]) VALUES (10081224, 10081002, 10082069, NULL, NULL, 'sflVAIA_NotificationSentDate', NULL, NULL, NULL, 0, NULL, NEWID(), 0, 10004003, 0, NULL, NULL, NULL, NULL, 1, NULL);
INSERT INTO [dbo].[tasSearchField] ([idfsSearchField], [idfsSearchFieldType], [idfsSearchObject], [idfsReferenceType], [idfsGISReferenceType], [strSearchFieldAlias], [strLookupTable], [intMapDisplayOrder], [intIncidenceDisplayOrder], [blnGeoLocationString], [strCalculatedFieldText], [rowguid], [intRowStatus], [idfsDefaultAggregateFunction], [blnShortAddressString], [strLookupFunction], [strLookupFunctionIdField], [strLookupFunctionNameField], [strLookupAttribute], [blnAllowMissedReferenceValues], [strReservedAttribute]) VALUES (10081225, 10081007, 10082069, NULL, 19000002, 'sflVAIA_Rayon', 'Rayon', 110, NULL, 0, NULL, NEWID(), 0, 10004003, 0, NULL, NULL, NULL, 'strRayonExtendedName', 1, NULL);
INSERT INTO [dbo].[tasSearchField] ([idfsSearchField], [idfsSearchFieldType], [idfsSearchObject], [idfsReferenceType], [idfsGISReferenceType], [strSearchFieldAlias], [strLookupTable], [intMapDisplayOrder], [intIncidenceDisplayOrder], [blnGeoLocationString], [strCalculatedFieldText], [rowguid], [intRowStatus], [idfsDefaultAggregateFunction], [blnShortAddressString], [strLookupFunction], [strLookupFunctionIdField], [strLookupFunctionNameField], [strLookupAttribute], [blnAllowMissedReferenceValues], [strReservedAttribute]) VALUES (10081226, 10081007, 10082069, NULL, 19000003, 'sflVAIA_Region', 'Region', 160, 50, NULL, NULL, NEWID(), 0, 10004003, 0, NULL, NULL, NULL, 'strRegionExtendedName', 1, NULL);
INSERT INTO [dbo].[tasSearchField] ([idfsSearchField], [idfsSearchFieldType], [idfsSearchObject], [idfsReferenceType], [idfsGISReferenceType], [strSearchFieldAlias], [strLookupTable], [intMapDisplayOrder], [intIncidenceDisplayOrder], [blnGeoLocationString], [strCalculatedFieldText], [rowguid], [intRowStatus], [idfsDefaultAggregateFunction], [blnShortAddressString], [strLookupFunction], [strLookupFunctionIdField], [strLookupFunctionNameField], [strLookupAttribute], [blnAllowMissedReferenceValues], [strReservedAttribute]) VALUES (10081227, 10081002, 10082069, NULL, NULL, 'sflVAIA_GroupingDate', NULL, NULL, NULL, 0, NULL, NEWID(), 0, 10004003, 0, NULL, NULL, NULL, NULL, 1, NULL);
INSERT INTO [dbo].[tasSearchField] ([idfsSearchField], [idfsSearchFieldType], [idfsSearchObject], [idfsReferenceType], [idfsGISReferenceType], [strSearchFieldAlias], [strLookupTable], [intMapDisplayOrder], [intIncidenceDisplayOrder], [blnGeoLocationString], [strCalculatedFieldText], [rowguid], [intRowStatus], [idfsDefaultAggregateFunction], [blnShortAddressString], [strLookupFunction], [strLookupFunctionIdField], [strLookupFunctionNameField], [strLookupAttribute], [blnAllowMissedReferenceValues], [strReservedAttribute]) VALUES (10081228, 10081002, 10082069, NULL, NULL, 'sflVAIA_EndDate', NULL, NULL, NULL, 0, NULL, NEWID(), 0, 10004003, 0, NULL, NULL, NULL, NULL, 1, NULL);
INSERT INTO [dbo].[tasSearchField] ([idfsSearchField], [idfsSearchFieldType], [idfsSearchObject], [idfsReferenceType], [idfsGISReferenceType], [strSearchFieldAlias], [strLookupTable], [intMapDisplayOrder], [intIncidenceDisplayOrder], [blnGeoLocationString], [strCalculatedFieldText], [rowguid], [intRowStatus], [idfsDefaultAggregateFunction], [blnShortAddressString], [strLookupFunction], [strLookupFunctionIdField], [strLookupFunctionNameField], [strLookupAttribute], [blnAllowMissedReferenceValues], [strReservedAttribute]) VALUES (10081229, 10081002, 10082069, NULL, NULL, 'sflVAIA_StartDate', NULL, NULL, NULL, 0, NULL, NEWID(), 0, 10004003, 0, NULL, NULL, NULL, NULL, 1, NULL);
INSERT INTO [dbo].[tasSearchField] ([idfsSearchField], [idfsSearchFieldType], [idfsSearchObject], [idfsReferenceType], [idfsGISReferenceType], [strSearchFieldAlias], [strLookupTable], [intMapDisplayOrder], [intIncidenceDisplayOrder], [blnGeoLocationString], [strCalculatedFieldText], [rowguid], [intRowStatus], [idfsDefaultAggregateFunction], [blnShortAddressString], [strLookupFunction], [strLookupFunctionIdField], [strLookupFunctionNameField], [strLookupAttribute], [blnAllowMissedReferenceValues], [strReservedAttribute]) VALUES (10081230, 10081007, 10082069, 19000091, NULL, 'sflVAIA_TimeIntervalUnit', 'rftStatisticPeriodType', NULL, NULL, 0, NULL, NEWID(), 0, 10004003, 0, NULL, NULL, NULL, 'name', 1, NULL);
INSERT INTO [dbo].[tasSearchField] ([idfsSearchField], [idfsSearchFieldType], [idfsSearchObject], [idfsReferenceType], [idfsGISReferenceType], [strSearchFieldAlias], [strLookupTable], [intMapDisplayOrder], [intIncidenceDisplayOrder], [blnGeoLocationString], [strCalculatedFieldText], [rowguid], [intRowStatus], [idfsDefaultAggregateFunction], [blnShortAddressString], [strLookupFunction], [strLookupFunctionIdField], [strLookupFunctionNameField], [strLookupAttribute], [blnAllowMissedReferenceValues], [strReservedAttribute]) VALUES (10081231, 10081007, 10082069, NULL, NULL, 'sflVAIA_Total', NULL, NULL, NULL, 0, NULL, NEWID(), 0, 10004003, 0, NULL, NULL, NULL, NULL, 0, NULL);
INSERT INTO [dbo].[tasSearchField] ([idfsSearchField], [idfsSearchFieldType], [idfsSearchObject], [idfsReferenceType], [idfsGISReferenceType], [strSearchFieldAlias], [strLookupTable], [intMapDisplayOrder], [intIncidenceDisplayOrder], [blnGeoLocationString], [strCalculatedFieldText], [rowguid], [intRowStatus], [idfsDefaultAggregateFunction], [blnShortAddressString], [strLookupFunction], [strLookupFunctionIdField], [strLookupFunctionNameField], [strLookupAttribute], [blnAllowMissedReferenceValues], [strReservedAttribute]) VALUES (10081232, 10081007, 10082069, NULL, 19000004, 'sflVAIA_Settlement', 'Settlement', 50, NULL, NULL, NULL, NEWID(), 0, 10004003, 0, NULL, NULL, NULL, 'strSettlementExtendedName', 1, NULL);

-- Add 'Veterinary Aggregate Investigation Actions Column' - object
ALTER TABLE dbo.trtBaseReference DISABLE TRIGGER ALL
INSERT INTO [dbo].[trtBaseReference] ([idfsBaseReference], [idfsReferenceType], [strBaseReferenceCode], [strDefault], [intHACode], [intOrder], [blnSystem], [intRowStatus], [rowguid], [strMaintenanceFlag], [strReservedAttribute])
VALUES (10082070, 19000082, NULL, 'Veterinary Aggregate Investigation Actions Column', 32, 0, 1, 0, NEWID(), NULL, NULL)
GO

INSERT INTO [dbo].[tasSearchObject] ([idfsSearchObject], [idfsFormType], [blnPrimary], [rowguid], [intRowStatus], [blnShowReportType], [strReservedAttribute])
VALUES (10082070, NULL, 0, NEWID(), 0, 0, NULL)
GO

INSERT INTO [dbo].[trtStringNameTranslation] ([idfsBaseReference], [idfsLanguage], [strTextString], [intRowStatus], [rowguid], [strMaintenanceFlag], [strReservedAttribute])
VALUES(10082070, 10049003,N'Veterinary Aggregate Investigation Actions Column', 0, NEWID(), NULL, NULL)
INSERT INTO [dbo].[trtStringNameTranslation] ([idfsBaseReference], [idfsLanguage], [strTextString], [intRowStatus], [rowguid], [strMaintenanceFlag], [strReservedAttribute])
VALUES(10082070, 10049004,N'ვეტერინარული დაავადების აგრეგირებული კვლევების ღონისძიებების სვეტი', 0, NEWID(), NULL, NULL)
INSERT INTO [dbo].[trtStringNameTranslation] ([idfsBaseReference], [idfsLanguage], [strTextString], [intRowStatus], [rowguid], [strMaintenanceFlag], [strReservedAttribute])
VALUES(10082070, 10049001,N'Baytarlıq üzrə qrupşəkilli tədqiqat tədbirləri sütunu', 0, NEWID(), NULL, NULL)
INSERT INTO [dbo].[trtStringNameTranslation] ([idfsBaseReference], [idfsLanguage], [strTextString], [intRowStatus], [rowguid], [strMaintenanceFlag], [strReservedAttribute])
VALUES(10082070, 10049011,N'عمود إجراءات التحقيق الإجمالي البيطري', 0, NEWID(), NULL, NULL)
GO
ALTER TABLE dbo.trtBaseReference ENABLE TRIGGER ALL

-- Add relations - 'Veterinary Aggregate Investigation Actions Column' child of 'Veterinary Aggregate Investigation Actions', used idfsParentSearchObject 10082016 as an example. 
INSERT INTO [dbo].[tasSearchObjectToSearchObject] ([idfsRelatedSearchObject], [idfsParentSearchObject], [rowguid], [strSubQueryJoinCondition], [blnUseForSubQuery], [strReservedAttribute])
VALUES(10082070, 10082069, NEWID(), 'v_{6}.[PKField] = v.[PKField] and v_{6}.[PKField_4582900000000] = v.[PKField_4582900000000] and v_{6}.[PKField_4582670000000] is not null', 0, NULL) -- TODO: verify value of [strSubQueryJoinCondition] with Mandar.
GO
ALTER TABLE dbo.trtBaseReference ENABLE TRIGGER ALL

--Veterinary Aggregate Investigation Actions Column - fields
INSERT INTO [dbo].[trtBaseReference] ([idfsBaseReference], [idfsReferenceType], [strBaseReferenceCode], [strDefault], [intHACode], [intOrder], [blnSystem], [intRowStatus], [rowguid], [strMaintenanceFlag], [strReservedAttribute]) VALUES (10081233, 19000080, NULL, 'Veterinary Aggregate Investigation Actions Column – Name', 226, 0, 1, 0, NEWID(), NULL, NULL);  -- using 10080712 as an example
INSERT INTO [dbo].[trtBaseReference] ([idfsBaseReference], [idfsReferenceType], [strBaseReferenceCode], [strDefault], [intHACode], [intOrder], [blnSystem], [intRowStatus], [rowguid], [strMaintenanceFlag], [strReservedAttribute]) VALUES (10081234, 19000080, 'sflVAIAC_NumericValue', 'Veterinary Aggregate Investigation Actions Column – Numeric Value', 226, 1, 1, 0, NEWID(), NULL, NULL);  -- using 10080714 as an example
INSERT INTO [dbo].[trtBaseReference] ([idfsBaseReference], [idfsReferenceType], [strBaseReferenceCode], [strDefault], [intHACode], [intOrder], [blnSystem], [intRowStatus], [rowguid], [strMaintenanceFlag], [strReservedAttribute]) VALUES (10081235, 19000080, 'sflVAIAC_TextValue', 'Veterinary Aggregate Investigation Actions Column – Text Value', 226, 2, 1, 0, NEWID(), NULL, NULL);  -- using 10080713 as an example

INSERT INTO [dbo].[trtStringNameTranslation] ([idfsBaseReference], [idfsLanguage], [strTextString], [intRowStatus], [rowguid], [strMaintenanceFlag], [strReservedAttribute]) VALUES (10081233, 10049003, N'Veterinary Aggregate Investigation Actions Column – Name', 0, NEWID(), NULL, NULL);
INSERT INTO [dbo].[trtStringNameTranslation] ([idfsBaseReference], [idfsLanguage], [strTextString], [intRowStatus], [rowguid], [strMaintenanceFlag], [strReservedAttribute]) VALUES (10081233, 10049004, N'ვეტერინარული გამოკვლევის აგრეგირებული ქმედებების სვეტი - სახელი', 0, NEWID(), NULL, NULL);
INSERT INTO [dbo].[trtStringNameTranslation] ([idfsBaseReference], [idfsLanguage], [strTextString], [intRowStatus], [rowguid], [strMaintenanceFlag], [strReservedAttribute]) VALUES (10081233, 10049001, N'Baytarlıq üzrə Qrupşəkilli Tədqiqat Tədbirləri Sütun - Adı', 0, NEWID(), NULL, NULL);
INSERT INTO [dbo].[trtStringNameTranslation] ([idfsBaseReference], [idfsLanguage], [strTextString], [intRowStatus], [rowguid], [strMaintenanceFlag], [strReservedAttribute]) VALUES (10081233, 10049011, N'عمود إجراءات البحث لمجموعة الامراض البيطرية - الاسم ', 0, NEWID(), NULL, NULL);

INSERT INTO [dbo].[trtStringNameTranslation] ([idfsBaseReference], [idfsLanguage], [strTextString], [intRowStatus], [rowguid], [strMaintenanceFlag], [strReservedAttribute]) VALUES (10081234, 10049003, N'Veterinary Aggregate Investigation Actions Column – Numeric Value', 0, NEWID(), NULL, NULL);
INSERT INTO [dbo].[trtStringNameTranslation] ([idfsBaseReference], [idfsLanguage], [strTextString], [intRowStatus], [rowguid], [strMaintenanceFlag], [strReservedAttribute]) VALUES (10081234, 10049004, N'ვეტერინარული გამოკვლევის აგრეგირებული ქმედებების სვეტი - რიცხობრივი მნიშვნელობა', 0, NEWID(), NULL, NULL);
INSERT INTO [dbo].[trtStringNameTranslation] ([idfsBaseReference], [idfsLanguage], [strTextString], [intRowStatus], [rowguid], [strMaintenanceFlag], [strReservedAttribute]) VALUES (10081234, 10049001, N'Baytarlıq üzrə Qrupşəkilli Tədqiqat Tədbirləri Sütun - Rəqəm dəyəri', 0, NEWID(), NULL, NULL);
INSERT INTO [dbo].[trtStringNameTranslation] ([idfsBaseReference], [idfsLanguage], [strTextString], [intRowStatus], [rowguid], [strMaintenanceFlag], [strReservedAttribute]) VALUES (10081234, 10049011, N'عمود إجراءات البحث لمجموعة الامراض البيطرية - القيمة الرقمية ', 0, NEWID(), NULL, NULL);

INSERT INTO [dbo].[trtStringNameTranslation] ([idfsBaseReference], [idfsLanguage], [strTextString], [intRowStatus], [rowguid], [strMaintenanceFlag], [strReservedAttribute]) VALUES (10081235, 10049003, N'Veterinary Aggregate Investigation Actions Column – Text Value', 0, NEWID(), NULL, NULL);
INSERT INTO [dbo].[trtStringNameTranslation] ([idfsBaseReference], [idfsLanguage], [strTextString], [intRowStatus], [rowguid], [strMaintenanceFlag], [strReservedAttribute]) VALUES (10081235, 10049004, N'ვეტერინარული გამოკვლევის აგრეგირებული ქმედებების სვეტი - ტექსტის მნიშვნელობა', 0, NEWID(), NULL, NULL);
INSERT INTO [dbo].[trtStringNameTranslation] ([idfsBaseReference], [idfsLanguage], [strTextString], [intRowStatus], [rowguid], [strMaintenanceFlag], [strReservedAttribute]) VALUES (10081235, 10049001, N'Baytarlıq üzrə Qrupşəkilli Tədqiqat Tədbirləri Sütun - Mətn dəyəri', 0, NEWID(), NULL, NULL);
INSERT INTO [dbo].[trtStringNameTranslation] ([idfsBaseReference], [idfsLanguage], [strTextString], [intRowStatus], [rowguid], [strMaintenanceFlag], [strReservedAttribute]) VALUES (10081235, 10049011, N'عمود إجراءات البحث لمجموعة الامراض البيطرية - القيمة النصية ', 0, NEWID(), NULL, NULL);

INSERT INTO [dbo].[tasSearchField] ([idfsSearchField], [idfsSearchFieldType], [idfsSearchObject], [idfsReferenceType], [idfsGISReferenceType], [strSearchFieldAlias], [strLookupTable], [intMapDisplayOrder], [intIncidenceDisplayOrder], [blnGeoLocationString], [strCalculatedFieldText], [rowguid], [intRowStatus], [idfsDefaultAggregateFunction], [blnShortAddressString], [strLookupFunction], [strLookupFunctionIdField], [strLookupFunctionNameField], [strLookupAttribute], [blnAllowMissedReferenceValues], [strReservedAttribute]) VALUES (10081233, 10081007, 10082070, 19000066, NULL, 'sflVAIAC_Name', 'HumanAggregateCaseParameter', NULL, NULL, NULL, NULL, NEWID(), 0, 10004003, 0, NULL, NULL, NULL, 'name', 1, NULL);
INSERT INTO [dbo].[tasSearchField] ([idfsSearchField], [idfsSearchFieldType], [idfsSearchObject], [idfsReferenceType], [idfsGISReferenceType], [strSearchFieldAlias], [strLookupTable], [intMapDisplayOrder], [intIncidenceDisplayOrder], [blnGeoLocationString], [strCalculatedFieldText], [rowguid], [intRowStatus], [idfsDefaultAggregateFunction], [blnShortAddressString], [strLookupFunction], [strLookupFunctionIdField], [strLookupFunctionNameField], [strLookupAttribute], [blnAllowMissedReferenceValues], [strReservedAttribute]) VALUES (10081234, 10081004, 10082070, NULL, NULL, 'sflVAIAC_NumericValue', NULL, NULL, NULL, 0, NULL, NEWID(), 0, 10004005, 0, NULL, NULL, NULL, NULL, 0, NULL);
INSERT INTO [dbo].[tasSearchField] ([idfsSearchField], [idfsSearchFieldType], [idfsSearchObject], [idfsReferenceType], [idfsGISReferenceType], [strSearchFieldAlias], [strLookupTable], [intMapDisplayOrder], [intIncidenceDisplayOrder], [blnGeoLocationString], [strCalculatedFieldText], [rowguid], [intRowStatus], [idfsDefaultAggregateFunction], [blnShortAddressString], [strLookupFunction], [strLookupFunctionIdField], [strLookupFunctionNameField], [strLookupAttribute], [blnAllowMissedReferenceValues], [strReservedAttribute]) VALUES (10081235, 10081007, 10082070, NULL, NULL, 'sflVAIAC_TextValue', NULL, NULL, NULL, 0, NULL, NEWID(), 0, 10004005, 0, NULL, NULL, NULL, NULL, 0, NULL);

--- Add 'Veterinary Aggregate Prophylactic Actions' (10082071) ---
-- New root search object 

ALTER TABLE dbo.trtBaseReference DISABLE TRIGGER ALL
INSERT INTO [dbo].[trtBaseReference] ([idfsBaseReference], [idfsReferenceType], [strBaseReferenceCode], [strDefault], [intHACode], [intOrder], [blnSystem], [intRowStatus], [rowguid], [strMaintenanceFlag], [strReservedAttribute])
VALUES (10082071, 19000082, NULL, 'Veterinary Aggregate Prophylactic Actions', 32, 0, 1, 0, NEWID(), NULL, NULL)
GO

INSERT INTO [dbo].[tasSearchObject] ([idfsSearchObject], [idfsFormType], [blnPrimary], [rowguid], [intRowStatus], [blnShowReportType], [strReservedAttribute])
VALUES (10082071, NULL, 1, NEWID(), 0, 0, NULL)
GO

INSERT INTO [dbo].[trtStringNameTranslation] ([idfsBaseReference], [idfsLanguage], [strTextString], [intRowStatus], [rowguid], [strMaintenanceFlag], [strReservedAttribute])
VALUES(10082071, 10049003,N'Veterinary Aggregate Prophylactic Actions', 0, NEWID(), NULL, NULL)
INSERT INTO [dbo].[trtStringNameTranslation] ([idfsBaseReference], [idfsLanguage], [strTextString], [intRowStatus], [rowguid], [strMaintenanceFlag], [strReservedAttribute])
VALUES(10082071, 10049004,N'ვეტერინარული დაავადების აგრეგირებული პროფილაქტიკური ღონისძიებები', 0, NEWID(), NULL, NULL)
INSERT INTO [dbo].[trtStringNameTranslation] ([idfsBaseReference], [idfsLanguage], [strTextString], [intRowStatus], [rowguid], [strMaintenanceFlag], [strReservedAttribute])
VALUES(10082071, 10049001,N'Baytarlıq üzrə qrupşəkilli profilaktika tədbirləri', 0, NEWID(), NULL, NULL)
INSERT INTO [dbo].[trtStringNameTranslation] ([idfsBaseReference], [idfsLanguage], [strTextString], [intRowStatus], [rowguid], [strMaintenanceFlag], [strReservedAttribute])
VALUES(10082071, 10049011,N'الإجراءات الوقائية الإجمالية للطب البيطري', 0, NEWID(), NULL, NULL)
GO
ALTER TABLE dbo.trtBaseReference ENABLE TRIGGER ALL

-- Veterinary Aggregate Prophylactic Actions - fields
INSERT INTO [dbo].[trtBaseReference] ([idfsBaseReference], [idfsReferenceType], [strBaseReferenceCode], [strDefault], [intHACode], [intOrder], [blnSystem], [intRowStatus], [rowguid], [strMaintenanceFlag], [strReservedAttribute]) VALUES (10081236, 19000080, 'sflVAPA_AdministrativeLevel', 'Veterinary Aggregate Prophylactic Actions – Administrative Level', 226, 0, 1, 0, NEWID(), NULL, NULL);  -- using 10080710 as an example (human)
INSERT INTO [dbo].[trtBaseReference] ([idfsBaseReference], [idfsReferenceType], [strBaseReferenceCode], [strDefault], [intHACode], [intOrder], [blnSystem], [intRowStatus], [rowguid], [strMaintenanceFlag], [strReservedAttribute]) VALUES (10081237, 19000080, 'sflVAPA_CaseID', 'Veterinary Aggregate Prophylactic Actions – Case ID', 226, 1, 1, 0, NEWID(), NULL, NULL);  -- using 10080458 as an example (human)
INSERT INTO [dbo].[trtBaseReference] ([idfsBaseReference], [idfsReferenceType], [strBaseReferenceCode], [strDefault], [intHACode], [intOrder], [blnSystem], [intRowStatus], [rowguid], [strMaintenanceFlag], [strReservedAttribute]) VALUES (10081238, 19000080, 'sflVAPA_DateOfEntry', 'Veterinary Aggregate Prophylactic Actions – Date of Entry', 226, 2, 1, 0, NEWID(), NULL, NULL);  -- using 10080690 as an example
INSERT INTO [dbo].[trtBaseReference] ([idfsBaseReference], [idfsReferenceType], [strBaseReferenceCode], [strDefault], [intHACode], [intOrder], [blnSystem], [intRowStatus], [rowguid], [strMaintenanceFlag], [strReservedAttribute]) VALUES (10081239, 19000080, 'sflVAPA_MeasureType', 'Veterinary Aggregate Prophylactic Actions – Measure Type', 226, 3, 1, 0, NEWID(), NULL, NULL);  -- using 10080644 as an example
INSERT INTO [dbo].[trtBaseReference] ([idfsBaseReference], [idfsReferenceType], [strBaseReferenceCode], [strDefault], [intHACode], [intOrder], [blnSystem], [intRowStatus], [rowguid], [strMaintenanceFlag], [strReservedAttribute]) VALUES (10081240, 19000080, 'sflVAPA_Species', 'Veterinary Aggregate Prophylactic Actions – Species', 226, 4, 1, 0, NEWID(), NULL, NULL);  -- using 10080014 as an example
INSERT INTO [dbo].[trtBaseReference] ([idfsBaseReference], [idfsReferenceType], [strBaseReferenceCode], [strDefault], [intHACode], [intOrder], [blnSystem], [intRowStatus], [rowguid], [strMaintenanceFlag], [strReservedAttribute]) VALUES (10081241, 19000080, NULL, 'Veterinary Aggregate Prophylactic Actions - Diseases', 226, 5, 1, 0, NEWID(), NULL, NULL);  -- using 10080308 as an example
INSERT INTO [dbo].[trtBaseReference] ([idfsBaseReference], [idfsReferenceType], [strBaseReferenceCode], [strDefault], [intHACode], [intOrder], [blnSystem], [intRowStatus], [rowguid], [strMaintenanceFlag], [strReservedAttribute]) VALUES (10081242, 19000080, 'sflVAPA_OIEcode', 'Veterinary Aggregate Prophylactic Actions – OIE code', 226, 6, 1, 0, NEWID(), NULL, NULL);  -- using xxx as an example
INSERT INTO [dbo].[trtBaseReference] ([idfsBaseReference], [idfsReferenceType], [strBaseReferenceCode], [strDefault], [intHACode], [intOrder], [blnSystem], [intRowStatus], [rowguid], [strMaintenanceFlag], [strReservedAttribute]) VALUES (10081243, 19000080, 'sflVAPA_Officer', 'Veterinary Aggregate Prophylactic Actions – Entered by Officer', 226, 7, 1, 0, NEWID(), NULL, NULL);  -- using 10080180 as an example
INSERT INTO [dbo].[trtBaseReference] ([idfsBaseReference], [idfsReferenceType], [strBaseReferenceCode], [strDefault], [intHACode], [intOrder], [blnSystem], [intRowStatus], [rowguid], [strMaintenanceFlag], [strReservedAttribute]) VALUES (10081244, 19000080, 'sflVAPA_Site', 'Veterinary Aggregate Prophylactic Actions – Entered by Organization – Abbreviation', 226, 8, 1, 0, NEWID(), NULL, NULL);  -- using 10081186 as an example
INSERT INTO [dbo].[trtBaseReference] ([idfsBaseReference], [idfsReferenceType], [strBaseReferenceCode], [strDefault], [intHACode], [intOrder], [blnSystem], [intRowStatus], [rowguid], [strMaintenanceFlag], [strReservedAttribute]) VALUES (10081245, 19000080, 'sflVAPA_EnteredByOrganizationID', 'Veterinary Aggregate Prophylactic Actions – Entered by Organization – ID', 226, 9, 1, 0, NEWID(), NULL, NULL);  -- using 10080583 as an example
INSERT INTO [dbo].[trtBaseReference] ([idfsBaseReference], [idfsReferenceType], [strBaseReferenceCode], [strDefault], [intHACode], [intOrder], [blnSystem], [intRowStatus], [rowguid], [strMaintenanceFlag], [strReservedAttribute]) VALUES (10081246, 19000080, 'sflVAPA_ReceiveByInstitutionID', 'Veterinary Aggregate Prophylactic Actions – Notification Received by Institution – ID', 226, 10, 1, 0, NEWID(), NULL, NULL);  -- using 10080703 as an example
INSERT INTO [dbo].[trtBaseReference] ([idfsBaseReference], [idfsReferenceType], [strBaseReferenceCode], [strDefault], [intHACode], [intOrder], [blnSystem], [intRowStatus], [rowguid], [strMaintenanceFlag], [strReservedAttribute]) VALUES (10081247, 19000080, 'sflVAPA_ReceivedByInst', 'Veterinary Aggregate Prophylactic Actions – Notification Received by Institution – Name', 226, 11, 1, 0, NEWID(), NULL, NULL);  -- using 10080700 as an example
INSERT INTO [dbo].[trtBaseReference] ([idfsBaseReference], [idfsReferenceType], [strBaseReferenceCode], [strDefault], [intHACode], [intOrder], [blnSystem], [intRowStatus], [rowguid], [strMaintenanceFlag], [strReservedAttribute]) VALUES (10081248, 19000080, 'sflVAPA_ReceivedByOfficer', 'Veterinary Aggregate Prophylactic Actions – Notification Received by Officer', 226, 12, 1, 0, NEWID(), NULL, NULL);  -- using 10080706 as an example
INSERT INTO [dbo].[trtBaseReference] ([idfsBaseReference], [idfsReferenceType], [strBaseReferenceCode], [strDefault], [intHACode], [intOrder], [blnSystem], [intRowStatus], [rowguid], [strMaintenanceFlag], [strReservedAttribute]) VALUES (10081249, 19000080, 'sflVAPA_NotificationReceivDate', 'Veterinary Aggregate Prophylactic Actions – Notification Received Date', 226, 13, 1, 0, NEWID(), NULL, NULL);  -- using 10080689 as an example
INSERT INTO [dbo].[trtBaseReference] ([idfsBaseReference], [idfsReferenceType], [strBaseReferenceCode], [strDefault], [intHACode], [intOrder], [blnSystem], [intRowStatus], [rowguid], [strMaintenanceFlag], [strReservedAttribute]) VALUES (10081250, 19000080, 'sflVAPA_SentByInstitution', 'Veterinary Aggregate Prophylactic Actions – Notification Sent by Institution – Name', 226, 14, 1, 0, NEWID(), NULL, NULL);  -- using 10080699 as an example
INSERT INTO [dbo].[trtBaseReference] ([idfsBaseReference], [idfsReferenceType], [strBaseReferenceCode], [strDefault], [intHACode], [intOrder], [blnSystem], [intRowStatus], [rowguid], [strMaintenanceFlag], [strReservedAttribute]) VALUES (10081251, 19000080, 'sflVAPA_SentByOfficer', 'Veterinary Aggregate Prophylactic Actions – Notification Sent by Officer', 226, 15, 1, 0, NEWID(), NULL, NULL);  -- using 10080705 as an example
INSERT INTO [dbo].[trtBaseReference] ([idfsBaseReference], [idfsReferenceType], [strBaseReferenceCode], [strDefault], [intHACode], [intOrder], [blnSystem], [intRowStatus], [rowguid], [strMaintenanceFlag], [strReservedAttribute]) VALUES (10081252, 19000080, 'sflVAPA_NotificationSentDate', 'Veterinary Aggregate Prophylactic Actions – Notification Sent Date', 226, 16, 1, 0, NEWID(), NULL, NULL);  -- using 10080688 as an example
INSERT INTO [dbo].[trtBaseReference] ([idfsBaseReference], [idfsReferenceType], [strBaseReferenceCode], [strDefault], [intHACode], [intOrder], [blnSystem], [intRowStatus], [rowguid], [strMaintenanceFlag], [strReservedAttribute]) VALUES (10081253, 19000080, 'sflVAPA_Rayon', 'Veterinary Aggregate Prophylactic Actions – Rayon', 226, 17, 1, 0, NEWID(), NULL, NULL);  -- using 10080186 as an example
INSERT INTO [dbo].[trtBaseReference] ([idfsBaseReference], [idfsReferenceType], [strBaseReferenceCode], [strDefault], [intHACode], [intOrder], [blnSystem], [intRowStatus], [rowguid], [strMaintenanceFlag], [strReservedAttribute]) VALUES (10081254, 19000080, 'sflVAPA_Region', 'Veterinary Aggregate Prophylactic Actions – Region', 226, 18, 1, 0, NEWID(), NULL, NULL);  -- using 10080085 as an example
INSERT INTO [dbo].[trtBaseReference] ([idfsBaseReference], [idfsReferenceType], [strBaseReferenceCode], [strDefault], [intHACode], [intOrder], [blnSystem], [intRowStatus], [rowguid], [strMaintenanceFlag], [strReservedAttribute]) VALUES (10081255, 19000080, 'sflVAPA_GroupingDate', 'Veterinary Aggregate Prophylactic Actions – Time Interval for grouping', 226, 19, 1, 0, NEWID(), NULL, NULL);  -- using 10080693 as an example
INSERT INTO [dbo].[trtBaseReference] ([idfsBaseReference], [idfsReferenceType], [strBaseReferenceCode], [strDefault], [intHACode], [intOrder], [blnSystem], [intRowStatus], [rowguid], [strMaintenanceFlag], [strReservedAttribute]) VALUES (10081256, 19000080, 'sflVAPA_EndDate', 'Veterinary Aggregate Prophylactic Actions – Time Interval End Date', 226, 20, 1, 0, NEWID(), NULL, NULL);  -- using 10080692 as an example
INSERT INTO [dbo].[trtBaseReference] ([idfsBaseReference], [idfsReferenceType], [strBaseReferenceCode], [strDefault], [intHACode], [intOrder], [blnSystem], [intRowStatus], [rowguid], [strMaintenanceFlag], [strReservedAttribute]) VALUES (10081257, 19000080, 'sflVAPA_StartDate', 'Veterinary Aggregate Prophylactic Actions – Time Interval Start Date', 226, 21, 1, 0, NEWID(), NULL, NULL);  -- using 10080691 as an example
INSERT INTO [dbo].[trtBaseReference] ([idfsBaseReference], [idfsReferenceType], [strBaseReferenceCode], [strDefault], [intHACode], [intOrder], [blnSystem], [intRowStatus], [rowguid], [strMaintenanceFlag], [strReservedAttribute]) VALUES (10081258, 19000080, 'sflVAPA_TimeIntervalUnit', 'Veterinary Aggregate Prophylactic Actions – Time Interval Unit', 226, 22, 1, 0, NEWID(), NULL, NULL);  -- using 10080709 as an example
INSERT INTO [dbo].[trtBaseReference] ([idfsBaseReference], [idfsReferenceType], [strBaseReferenceCode], [strDefault], [intHACode], [intOrder], [blnSystem], [intRowStatus], [rowguid], [strMaintenanceFlag], [strReservedAttribute]) VALUES (10081259, 19000080, 'sflVAPA_Total', 'Veterinary Aggregate Prophylactic Actions – Total', 226, 23, 1, 0, NEWID(), NULL, NULL);  -- using 10080711 as an example
INSERT INTO [dbo].[trtBaseReference] ([idfsBaseReference], [idfsReferenceType], [strBaseReferenceCode], [strDefault], [intHACode], [intOrder], [blnSystem], [intRowStatus], [rowguid], [strMaintenanceFlag], [strReservedAttribute]) VALUES (10081260, 19000080, 'sflVAPA_Settlement', 'Veterinary Aggregate Prophylactic Actions – Settlement', 226, 24, 1, 0, NEWID(), NULL, NULL);  -- using 10080191 as an example

INSERT INTO [dbo].[trtStringNameTranslation] ([idfsBaseReference], [idfsLanguage], [strTextString], [intRowStatus], [rowguid], [strMaintenanceFlag], [strReservedAttribute]) VALUES (10081236, 10049003, N'Veterinary Aggregate Prophylactic Actions – Administrative Level', 0, NEWID(), NULL, NULL);
INSERT INTO [dbo].[trtStringNameTranslation] ([idfsBaseReference], [idfsLanguage], [strTextString], [intRowStatus], [rowguid], [strMaintenanceFlag], [strReservedAttribute]) VALUES (10081236, 10049004, N'ვეტერინარული აგრეგირებული პროფილაქტიკური ქმედებები - ადმინისტრაციული დონე', 0, NEWID(), NULL, NULL);
INSERT INTO [dbo].[trtStringNameTranslation] ([idfsBaseReference], [idfsLanguage], [strTextString], [intRowStatus], [rowguid], [strMaintenanceFlag], [strReservedAttribute]) VALUES (10081236, 10049001, N'Baytarlıq üzrə Qrupşəkilli Profilaktik Tədbirlər - İnzibati səviyyə', 0, NEWID(), NULL, NULL);
INSERT INTO [dbo].[trtStringNameTranslation] ([idfsBaseReference], [idfsLanguage], [strTextString], [intRowStatus], [rowguid], [strMaintenanceFlag], [strReservedAttribute]) VALUES (10081236, 10049011, N'إجراءات وقائية لمجموعة الامراض البيطرية - المستوى الاداري ', 0, NEWID(), NULL, NULL);

INSERT INTO [dbo].[trtStringNameTranslation] ([idfsBaseReference], [idfsLanguage], [strTextString], [intRowStatus], [rowguid], [strMaintenanceFlag], [strReservedAttribute]) VALUES (10081237, 10049003, N'Veterinary Aggregate Prophylactic Actions – Case ID', 0, NEWID(), NULL, NULL);
INSERT INTO [dbo].[trtStringNameTranslation] ([idfsBaseReference], [idfsLanguage], [strTextString], [intRowStatus], [rowguid], [strMaintenanceFlag], [strReservedAttribute]) VALUES (10081237, 10049004, N'ვეტერინარული აგრეგირებული პროფილაქტიკური ქმედებები- შემთხვევის ID', 0, NEWID(), NULL, NULL);
INSERT INTO [dbo].[trtStringNameTranslation] ([idfsBaseReference], [idfsLanguage], [strTextString], [intRowStatus], [rowguid], [strMaintenanceFlag], [strReservedAttribute]) VALUES (10081237, 10049001, N'Baytarlıq üzrə Qrupşəkilli Profilaktik Tədbirlər - Hadisənin Q/N-si', 0, NEWID(), NULL, NULL);
INSERT INTO [dbo].[trtStringNameTranslation] ([idfsBaseReference], [idfsLanguage], [strTextString], [intRowStatus], [rowguid], [strMaintenanceFlag], [strReservedAttribute]) VALUES (10081237, 10049011, N'إجراءات وقائية لمجموعة الامراض البيطرية - معرّف الحالة ', 0, NEWID(), NULL, NULL);

INSERT INTO [dbo].[trtStringNameTranslation] ([idfsBaseReference], [idfsLanguage], [strTextString], [intRowStatus], [rowguid], [strMaintenanceFlag], [strReservedAttribute]) VALUES (10081238, 10049003, N'Veterinary Aggregate Prophylactic Actions – Date of Entry', 0, NEWID(), NULL, NULL);
INSERT INTO [dbo].[trtStringNameTranslation] ([idfsBaseReference], [idfsLanguage], [strTextString], [intRowStatus], [rowguid], [strMaintenanceFlag], [strReservedAttribute]) VALUES (10081238, 10049004, N'ვეტერინარული აგრეგირებული პროფილაქტიკური ქმედებები - შეყვანის თარიღი', 0, NEWID(), NULL, NULL);
INSERT INTO [dbo].[trtStringNameTranslation] ([idfsBaseReference], [idfsLanguage], [strTextString], [intRowStatus], [rowguid], [strMaintenanceFlag], [strReservedAttribute]) VALUES (10081238, 10049001, N'Baytarlıq üzrə Qrupşəkilli Profilaktik Tədbirlər - Daxil etmə tarixi', 0, NEWID(), NULL, NULL);
INSERT INTO [dbo].[trtStringNameTranslation] ([idfsBaseReference], [idfsLanguage], [strTextString], [intRowStatus], [rowguid], [strMaintenanceFlag], [strReservedAttribute]) VALUES (10081238, 10049011, N'إجراءات وقائية لمجموعة الامراض البيطرية - تاريخ الدخول ', 0, NEWID(), NULL, NULL);

INSERT INTO [dbo].[trtStringNameTranslation] ([idfsBaseReference], [idfsLanguage], [strTextString], [intRowStatus], [rowguid], [strMaintenanceFlag], [strReservedAttribute]) VALUES (10081239, 10049003, N'Veterinary Aggregate Prophylactic Actions – Measure Type', 0, NEWID(), NULL, NULL);
INSERT INTO [dbo].[trtStringNameTranslation] ([idfsBaseReference], [idfsLanguage], [strTextString], [intRowStatus], [rowguid], [strMaintenanceFlag], [strReservedAttribute]) VALUES (10081239, 10049004, N'ვეტერინარული აგრეგირებული პროფილაქტიკური ქმედებები - ღონისძიების ტიპი', 0, NEWID(), NULL, NULL);
INSERT INTO [dbo].[trtStringNameTranslation] ([idfsBaseReference], [idfsLanguage], [strTextString], [intRowStatus], [rowguid], [strMaintenanceFlag], [strReservedAttribute]) VALUES (10081239, 10049001, N'Baytarlıq üzrə Qrupşəkilli Profilaktik Tədbirlər - Tədbir növü', 0, NEWID(), NULL, NULL);
INSERT INTO [dbo].[trtStringNameTranslation] ([idfsBaseReference], [idfsLanguage], [strTextString], [intRowStatus], [rowguid], [strMaintenanceFlag], [strReservedAttribute]) VALUES (10081239, 10049011, N'إجراءات وقائية لمجموعة الامراض البيطرية - نوع القياس ', 0, NEWID(), NULL, NULL);

INSERT INTO [dbo].[trtStringNameTranslation] ([idfsBaseReference], [idfsLanguage], [strTextString], [intRowStatus], [rowguid], [strMaintenanceFlag], [strReservedAttribute]) VALUES (10081240, 10049003, N'Veterinary Aggregate Prophylactic Actions – Species', 0, NEWID(), NULL, NULL);
INSERT INTO [dbo].[trtStringNameTranslation] ([idfsBaseReference], [idfsLanguage], [strTextString], [intRowStatus], [rowguid], [strMaintenanceFlag], [strReservedAttribute]) VALUES (10081240, 10049004, N'ვეტერინარული აგრეგირებული პროფილაქტიკური ქმედებები - სახეობა', 0, NEWID(), NULL, NULL);
INSERT INTO [dbo].[trtStringNameTranslation] ([idfsBaseReference], [idfsLanguage], [strTextString], [intRowStatus], [rowguid], [strMaintenanceFlag], [strReservedAttribute]) VALUES (10081240, 10049001, N'Baytarlıq üzrə Qrupşəkilli Profilaktik Tədbirlər - Heyvan növü', 0, NEWID(), NULL, NULL);
INSERT INTO [dbo].[trtStringNameTranslation] ([idfsBaseReference], [idfsLanguage], [strTextString], [intRowStatus], [rowguid], [strMaintenanceFlag], [strReservedAttribute]) VALUES (10081240, 10049011, N'إجراءات وقائية لمجموعة الامراض البيطرية - أنواع الحيوانات ', 0, NEWID(), NULL, NULL);

INSERT INTO [dbo].[trtStringNameTranslation] ([idfsBaseReference], [idfsLanguage], [strTextString], [intRowStatus], [rowguid], [strMaintenanceFlag], [strReservedAttribute]) VALUES (10081241, 10049003, N'Veterinary Aggregate Prophylactic Actions - Diseases', 0, NEWID(), NULL, NULL);
INSERT INTO [dbo].[trtStringNameTranslation] ([idfsBaseReference], [idfsLanguage], [strTextString], [intRowStatus], [rowguid], [strMaintenanceFlag], [strReservedAttribute]) VALUES (10081241, 10049004, N'ვეტერინარული აგრეგირებული პროფილაქტიკური ქმედებები - დაავადებები', 0, NEWID(), NULL, NULL);
INSERT INTO [dbo].[trtStringNameTranslation] ([idfsBaseReference], [idfsLanguage], [strTextString], [intRowStatus], [rowguid], [strMaintenanceFlag], [strReservedAttribute]) VALUES (10081241, 10049001, N'Baytarlıq üzrə Qrupşəkilli Profilaktik Tədbirlər - Xəstəliklər', 0, NEWID(), NULL, NULL);
INSERT INTO [dbo].[trtStringNameTranslation] ([idfsBaseReference], [idfsLanguage], [strTextString], [intRowStatus], [rowguid], [strMaintenanceFlag], [strReservedAttribute]) VALUES (10081241, 10049011, N'إجراءات وقائية لمجموعة الامراض البيطرية - الأمراض ', 0, NEWID(), NULL, NULL);

INSERT INTO [dbo].[trtStringNameTranslation] ([idfsBaseReference], [idfsLanguage], [strTextString], [intRowStatus], [rowguid], [strMaintenanceFlag], [strReservedAttribute]) VALUES (10081242, 10049003, N'Veterinary Aggregate Prophylactic Actions – OIE code', 0, NEWID(), NULL, NULL);
INSERT INTO [dbo].[trtStringNameTranslation] ([idfsBaseReference], [idfsLanguage], [strTextString], [intRowStatus], [rowguid], [strMaintenanceFlag], [strReservedAttribute]) VALUES (10081242, 10049004, N'ვეტერინარული აგრეგირებული პროფილაქტიკური ქმედებები -  OIE კოდი', 0, NEWID(), NULL, NULL);
INSERT INTO [dbo].[trtStringNameTranslation] ([idfsBaseReference], [idfsLanguage], [strTextString], [intRowStatus], [rowguid], [strMaintenanceFlag], [strReservedAttribute]) VALUES (10081242, 10049001, N'Baytarlıq üzrə Qrupşəkilli Profilaktik Tədbirlər - BEB-in kodu', 0, NEWID(), NULL, NULL);
INSERT INTO [dbo].[trtStringNameTranslation] ([idfsBaseReference], [idfsLanguage], [strTextString], [intRowStatus], [rowguid], [strMaintenanceFlag], [strReservedAttribute]) VALUES (10081242, 10049011, N'إجراءات وقائية لمجموعة الامراض البيطرية - رمز المنظمة العالمية لصحة الحيوان ', 0, NEWID(), NULL, NULL);

INSERT INTO [dbo].[trtStringNameTranslation] ([idfsBaseReference], [idfsLanguage], [strTextString], [intRowStatus], [rowguid], [strMaintenanceFlag], [strReservedAttribute]) VALUES (10081243, 10049003, N'Veterinary Aggregate Prophylactic Actions – Entered by Officer', 0, NEWID(), NULL, NULL);
INSERT INTO [dbo].[trtStringNameTranslation] ([idfsBaseReference], [idfsLanguage], [strTextString], [intRowStatus], [rowguid], [strMaintenanceFlag], [strReservedAttribute]) VALUES (10081243, 10049004, N'ვეტერინარული აგრეგირებული პროფილაქტიკური ქმედებები - შეყვანილია თანამშრომლის მიერ', 0, NEWID(), NULL, NULL);
INSERT INTO [dbo].[trtStringNameTranslation] ([idfsBaseReference], [idfsLanguage], [strTextString], [intRowStatus], [rowguid], [strMaintenanceFlag], [strReservedAttribute]) VALUES (10081243, 10049001, N'Baytarlıq üzrə Qrupşəkilli Profilaktik Tədbirlər - Daxil edən işçi', 0, NEWID(), NULL, NULL);
INSERT INTO [dbo].[trtStringNameTranslation] ([idfsBaseReference], [idfsLanguage], [strTextString], [intRowStatus], [rowguid], [strMaintenanceFlag], [strReservedAttribute]) VALUES (10081243, 10049011, N'إجراءات وقائية لمجموعة الامراض البيطرية - أدخلها الموظف ', 0, NEWID(), NULL, NULL);

INSERT INTO [dbo].[trtStringNameTranslation] ([idfsBaseReference], [idfsLanguage], [strTextString], [intRowStatus], [rowguid], [strMaintenanceFlag], [strReservedAttribute]) VALUES (10081244, 10049003, N'Veterinary Aggregate Prophylactic Actions – Entered by Organization – Abbreviation', 0, NEWID(), NULL, NULL);
INSERT INTO [dbo].[trtStringNameTranslation] ([idfsBaseReference], [idfsLanguage], [strTextString], [intRowStatus], [rowguid], [strMaintenanceFlag], [strReservedAttribute]) VALUES (10081244, 10049004, N'ვეტერინარული აგრეგირებული პროფილაქტიკური ქმედებები - შეყვანილია ორგანიზაციის მიერ - აბრევიაცია', 0, NEWID(), NULL, NULL);
INSERT INTO [dbo].[trtStringNameTranslation] ([idfsBaseReference], [idfsLanguage], [strTextString], [intRowStatus], [rowguid], [strMaintenanceFlag], [strReservedAttribute]) VALUES (10081244, 10049001, N'Baytarlıq üzrə Qrupşəkilli Profilaktik Tədbirlər - Daxil edən təşkilat - Qısa adı', 0, NEWID(), NULL, NULL);
INSERT INTO [dbo].[trtStringNameTranslation] ([idfsBaseReference], [idfsLanguage], [strTextString], [intRowStatus], [rowguid], [strMaintenanceFlag], [strReservedAttribute]) VALUES (10081244, 10049011, N'إجراءات وقائية لمجموعة الامراض البيطرية - أدخلتها المؤسسة  - الاختصار ', 0, NEWID(), NULL, NULL);

INSERT INTO [dbo].[trtStringNameTranslation] ([idfsBaseReference], [idfsLanguage], [strTextString], [intRowStatus], [rowguid], [strMaintenanceFlag], [strReservedAttribute]) VALUES (10081245, 10049003, N'Veterinary Aggregate Prophylactic Actions – Entered by Organization – ID', 0, NEWID(), NULL, NULL);
INSERT INTO [dbo].[trtStringNameTranslation] ([idfsBaseReference], [idfsLanguage], [strTextString], [intRowStatus], [rowguid], [strMaintenanceFlag], [strReservedAttribute]) VALUES (10081245, 10049004, N'ვეტერინარული აგრეგირებული პროფილაქტიკური ქმედებები - შეყვანილია ორგანიზაციის მიერ - ID', 0, NEWID(), NULL, NULL);
INSERT INTO [dbo].[trtStringNameTranslation] ([idfsBaseReference], [idfsLanguage], [strTextString], [intRowStatus], [rowguid], [strMaintenanceFlag], [strReservedAttribute]) VALUES (10081245, 10049001, N'Baytarlıq üzrə Qrupşəkilli Profilaktik Tədbirlər - Daxil edən təşkilat - Q/N-si', 0, NEWID(), NULL, NULL);
INSERT INTO [dbo].[trtStringNameTranslation] ([idfsBaseReference], [idfsLanguage], [strTextString], [intRowStatus], [rowguid], [strMaintenanceFlag], [strReservedAttribute]) VALUES (10081245, 10049011, N'إجراءات وقائية لمجموعة الامراض البيطرية - أدخلته المنظمة - المعرّف ', 0, NEWID(), NULL, NULL);

INSERT INTO [dbo].[trtStringNameTranslation] ([idfsBaseReference], [idfsLanguage], [strTextString], [intRowStatus], [rowguid], [strMaintenanceFlag], [strReservedAttribute]) VALUES (10081246, 10049003, N'Veterinary Aggregate Prophylactic Actions – Notification Received by Institution – ID', 0, NEWID(), NULL, NULL);
INSERT INTO [dbo].[trtStringNameTranslation] ([idfsBaseReference], [idfsLanguage], [strTextString], [intRowStatus], [rowguid], [strMaintenanceFlag], [strReservedAttribute]) VALUES (10081246, 10049004, N'ვეტერინარული აგრეგირებული პროფილაქტიკური ქმედებები - შეტყობინება მიღებულია დაწესებულების მიერ - ID', 0, NEWID(), NULL, NULL);
INSERT INTO [dbo].[trtStringNameTranslation] ([idfsBaseReference], [idfsLanguage], [strTextString], [intRowStatus], [rowguid], [strMaintenanceFlag], [strReservedAttribute]) VALUES (10081246, 10049001, N'Baytarlıq üzrə Qrupşəkilli Profilaktik Tədbirlər - Bildirişi qəbul edən müəssisə - Q/N-si', 0, NEWID(), NULL, NULL);
INSERT INTO [dbo].[trtStringNameTranslation] ([idfsBaseReference], [idfsLanguage], [strTextString], [intRowStatus], [rowguid], [strMaintenanceFlag], [strReservedAttribute]) VALUES (10081246, 10049011, N'إجراءات وقائية لمجموعة الامراض البيطرية -  الإخطار الذي تلقته المؤسسة  - المعرّف ', 0, NEWID(), NULL, NULL);

INSERT INTO [dbo].[trtStringNameTranslation] ([idfsBaseReference], [idfsLanguage], [strTextString], [intRowStatus], [rowguid], [strMaintenanceFlag], [strReservedAttribute]) VALUES (10081247, 10049003, N'Veterinary Aggregate Prophylactic Actions – Notification Received by Institution – Name', 0, NEWID(), NULL, NULL);
INSERT INTO [dbo].[trtStringNameTranslation] ([idfsBaseReference], [idfsLanguage], [strTextString], [intRowStatus], [rowguid], [strMaintenanceFlag], [strReservedAttribute]) VALUES (10081247, 10049004, N'ვეტერინარული აგრეგირებული პროფილაქტიკური ქმედებები - შეტყობინება მიიღო დაწესებულებამ  - დასახელება', 0, NEWID(), NULL, NULL);
INSERT INTO [dbo].[trtStringNameTranslation] ([idfsBaseReference], [idfsLanguage], [strTextString], [intRowStatus], [rowguid], [strMaintenanceFlag], [strReservedAttribute]) VALUES (10081247, 10049001, N'Baytarlıq üzrə Qrupşəkilli Profilaktik Tədbirlər - Bildirişi qəbul edən müəssisə - Adı', 0, NEWID(), NULL, NULL);
INSERT INTO [dbo].[trtStringNameTranslation] ([idfsBaseReference], [idfsLanguage], [strTextString], [intRowStatus], [rowguid], [strMaintenanceFlag], [strReservedAttribute]) VALUES (10081247, 10049011, N'إجراءات وقائية لمجموعة الامراض البيطرية - الإخطار الذي تلقته المؤسسة  - الاسم ', 0, NEWID(), NULL, NULL);

INSERT INTO [dbo].[trtStringNameTranslation] ([idfsBaseReference], [idfsLanguage], [strTextString], [intRowStatus], [rowguid], [strMaintenanceFlag], [strReservedAttribute]) VALUES (10081248, 10049003, N'Veterinary Aggregate Prophylactic Actions – Notification Received by Officer', 0, NEWID(), NULL, NULL);
INSERT INTO [dbo].[trtStringNameTranslation] ([idfsBaseReference], [idfsLanguage], [strTextString], [intRowStatus], [rowguid], [strMaintenanceFlag], [strReservedAttribute]) VALUES (10081248, 10049004, N'ვეტერინარული აგრეგირებული პროფილაქტიკური ქმედებები - შეტყობინება მიიღო თანაშრომელმა', 0, NEWID(), NULL, NULL);
INSERT INTO [dbo].[trtStringNameTranslation] ([idfsBaseReference], [idfsLanguage], [strTextString], [intRowStatus], [rowguid], [strMaintenanceFlag], [strReservedAttribute]) VALUES (10081248, 10049001, N'Baytarlıq üzrə Qrupşəkilli Profilaktik Tədbirlər - Bildirişi qəbul edən işçi', 0, NEWID(), NULL, NULL);
INSERT INTO [dbo].[trtStringNameTranslation] ([idfsBaseReference], [idfsLanguage], [strTextString], [intRowStatus], [rowguid], [strMaintenanceFlag], [strReservedAttribute]) VALUES (10081248, 10049011, N'إجراءات وقائية لمجموعة الامراض البيطرية - الإخطار الذي تلقاه الموظف ', 0, NEWID(), NULL, NULL);

INSERT INTO [dbo].[trtStringNameTranslation] ([idfsBaseReference], [idfsLanguage], [strTextString], [intRowStatus], [rowguid], [strMaintenanceFlag], [strReservedAttribute]) VALUES (10081249, 10049003, N'Veterinary Aggregate Prophylactic Actions – Notification Received Date', 0, NEWID(), NULL, NULL);
INSERT INTO [dbo].[trtStringNameTranslation] ([idfsBaseReference], [idfsLanguage], [strTextString], [intRowStatus], [rowguid], [strMaintenanceFlag], [strReservedAttribute]) VALUES (10081249, 10049004, N'ვეტერინარული აგრეგირებული პროფილაქტიკური ქმედებები - შეტყობინების მიღების თარიღი', 0, NEWID(), NULL, NULL);
INSERT INTO [dbo].[trtStringNameTranslation] ([idfsBaseReference], [idfsLanguage], [strTextString], [intRowStatus], [rowguid], [strMaintenanceFlag], [strReservedAttribute]) VALUES (10081249, 10049001, N'Baytarlıq üzrə Qrupşəkilli Profilaktik Tədbirlər - Bildirişin qəbul etmə tarixi', 0, NEWID(), NULL, NULL);
INSERT INTO [dbo].[trtStringNameTranslation] ([idfsBaseReference], [idfsLanguage], [strTextString], [intRowStatus], [rowguid], [strMaintenanceFlag], [strReservedAttribute]) VALUES (10081249, 10049011, N'إجراءات وقائية لمجموعة الامراض البيطرية - تاريخ الاستلام ', 0, NEWID(), NULL, NULL);

INSERT INTO [dbo].[trtStringNameTranslation] ([idfsBaseReference], [idfsLanguage], [strTextString], [intRowStatus], [rowguid], [strMaintenanceFlag], [strReservedAttribute]) VALUES (10081250, 10049003, N'Veterinary Aggregate Prophylactic Actions – Notification Sent by Institution – Name', 0, NEWID(), NULL, NULL);
INSERT INTO [dbo].[trtStringNameTranslation] ([idfsBaseReference], [idfsLanguage], [strTextString], [intRowStatus], [rowguid], [strMaintenanceFlag], [strReservedAttribute]) VALUES (10081250, 10049004, N'ვეტერინარული აგრეგირებული პროფილაქტიკური ქმედებები - შეტყობინება გაგაზავნილია დაწესებულების მიერ - დასახელება', 0, NEWID(), NULL, NULL);
INSERT INTO [dbo].[trtStringNameTranslation] ([idfsBaseReference], [idfsLanguage], [strTextString], [intRowStatus], [rowguid], [strMaintenanceFlag], [strReservedAttribute]) VALUES (10081250, 10049001, N'Baytarlıq üzrə Qrupşəkilli Profilaktik Tədbirlər - Bildirişi göndərən müəssisə - Adı', 0, NEWID(), NULL, NULL);
INSERT INTO [dbo].[trtStringNameTranslation] ([idfsBaseReference], [idfsLanguage], [strTextString], [intRowStatus], [rowguid], [strMaintenanceFlag], [strReservedAttribute]) VALUES (10081250, 10049011, N'إجراءات وقائية لمجموعة الامراض البيطرية  -  الإخطار الذي أرسلته المؤسسة - الاسم ', 0, NEWID(), NULL, NULL);

INSERT INTO [dbo].[trtStringNameTranslation] ([idfsBaseReference], [idfsLanguage], [strTextString], [intRowStatus], [rowguid], [strMaintenanceFlag], [strReservedAttribute]) VALUES (10081251, 10049003, N'Veterinary Aggregate Prophylactic Actions – Notification Sent by Officer', 0, NEWID(), NULL, NULL);
INSERT INTO [dbo].[trtStringNameTranslation] ([idfsBaseReference], [idfsLanguage], [strTextString], [intRowStatus], [rowguid], [strMaintenanceFlag], [strReservedAttribute]) VALUES (10081251, 10049004, N'ვეტერინარული აგრეგირებული პროფილაქტიკური ქმედებები - შეტყობინება გაგზავნილია თანამშრომლის მიერ', 0, NEWID(), NULL, NULL);
INSERT INTO [dbo].[trtStringNameTranslation] ([idfsBaseReference], [idfsLanguage], [strTextString], [intRowStatus], [rowguid], [strMaintenanceFlag], [strReservedAttribute]) VALUES (10081251, 10049001, N'Baytarlıq üzrə Qrupşəkilli Profilaktik Tədbirlər - Bildirşi göndərən işçi', 0, NEWID(), NULL, NULL);
INSERT INTO [dbo].[trtStringNameTranslation] ([idfsBaseReference], [idfsLanguage], [strTextString], [intRowStatus], [rowguid], [strMaintenanceFlag], [strReservedAttribute]) VALUES (10081251, 10049011, N'إجراءات وقائية لمجموعة الامراض البيطرية - الإخطار الذي أرسله الموظف ', 0, NEWID(), NULL, NULL);

INSERT INTO [dbo].[trtStringNameTranslation] ([idfsBaseReference], [idfsLanguage], [strTextString], [intRowStatus], [rowguid], [strMaintenanceFlag], [strReservedAttribute]) VALUES (10081252, 10049003, N'Veterinary Aggregate Prophylactic Actions – Notification Sent Date', 0, NEWID(), NULL, NULL);
INSERT INTO [dbo].[trtStringNameTranslation] ([idfsBaseReference], [idfsLanguage], [strTextString], [intRowStatus], [rowguid], [strMaintenanceFlag], [strReservedAttribute]) VALUES (10081252, 10049004, N'ვეტერინარული აგრეგირებული პროფილაქტიკური ქმედებები - შეტყობინების გაგზავნის თარიღი', 0, NEWID(), NULL, NULL);
INSERT INTO [dbo].[trtStringNameTranslation] ([idfsBaseReference], [idfsLanguage], [strTextString], [intRowStatus], [rowguid], [strMaintenanceFlag], [strReservedAttribute]) VALUES (10081252, 10049001, N'Baytarlıq üzrə Qrupşəkilli Profilaktik Tədbirlər - Bildirişin göndərilmə tarixi', 0, NEWID(), NULL, NULL);
INSERT INTO [dbo].[trtStringNameTranslation] ([idfsBaseReference], [idfsLanguage], [strTextString], [intRowStatus], [rowguid], [strMaintenanceFlag], [strReservedAttribute]) VALUES (10081252, 10049011, N'إجراءات وقائية لمجموعة الامراض البيطرية - تاريخ الارسال ', 0, NEWID(), NULL, NULL);

INSERT INTO [dbo].[trtStringNameTranslation] ([idfsBaseReference], [idfsLanguage], [strTextString], [intRowStatus], [rowguid], [strMaintenanceFlag], [strReservedAttribute]) VALUES (10081253, 10049003, N'Veterinary Aggregate Prophylactic Actions – Rayon', 0, NEWID(), NULL, NULL);
INSERT INTO [dbo].[trtStringNameTranslation] ([idfsBaseReference], [idfsLanguage], [strTextString], [intRowStatus], [rowguid], [strMaintenanceFlag], [strReservedAttribute]) VALUES (10081253, 10049004, N'ვეტერინარული აგრეგირებული პროფილაქტიკური ქმედებები - რაიონი', 0, NEWID(), NULL, NULL);
INSERT INTO [dbo].[trtStringNameTranslation] ([idfsBaseReference], [idfsLanguage], [strTextString], [intRowStatus], [rowguid], [strMaintenanceFlag], [strReservedAttribute]) VALUES (10081253, 10049001, N'Baytarlıq üzrə Qrupşəkilli Profilaktik Tədbirlər - Rayon', 0, NEWID(), NULL, NULL);
INSERT INTO [dbo].[trtStringNameTranslation] ([idfsBaseReference], [idfsLanguage], [strTextString], [intRowStatus], [rowguid], [strMaintenanceFlag], [strReservedAttribute]) VALUES (10081253, 10049011, N'إجراءات وقائية لمجموعة الامراض البيطرية - رايون ', 0, NEWID(), NULL, NULL);

INSERT INTO [dbo].[trtStringNameTranslation] ([idfsBaseReference], [idfsLanguage], [strTextString], [intRowStatus], [rowguid], [strMaintenanceFlag], [strReservedAttribute]) VALUES (10081254, 10049003, N'Veterinary Aggregate Prophylactic Actions – Region', 0, NEWID(), NULL, NULL);
INSERT INTO [dbo].[trtStringNameTranslation] ([idfsBaseReference], [idfsLanguage], [strTextString], [intRowStatus], [rowguid], [strMaintenanceFlag], [strReservedAttribute]) VALUES (10081254, 10049004, N'ვეტერინარული აგრეგირებული პროფილაქტიკური ქმედებები - რეგიონი', 0, NEWID(), NULL, NULL);
INSERT INTO [dbo].[trtStringNameTranslation] ([idfsBaseReference], [idfsLanguage], [strTextString], [intRowStatus], [rowguid], [strMaintenanceFlag], [strReservedAttribute]) VALUES (10081254, 10049001, N'Baytarlıq üzrə Qrupşəkilli Profilaktik Tədbirlər - Region', 0, NEWID(), NULL, NULL);
INSERT INTO [dbo].[trtStringNameTranslation] ([idfsBaseReference], [idfsLanguage], [strTextString], [intRowStatus], [rowguid], [strMaintenanceFlag], [strReservedAttribute]) VALUES (10081254, 10049011, N'إجراءات وقائية لمجموعة الامراض البيطرية - المنطقة ', 0, NEWID(), NULL, NULL);

INSERT INTO [dbo].[trtStringNameTranslation] ([idfsBaseReference], [idfsLanguage], [strTextString], [intRowStatus], [rowguid], [strMaintenanceFlag], [strReservedAttribute]) VALUES (10081255, 10049003, N'Veterinary Aggregate Prophylactic Actions – Time Interval for grouping', 0, NEWID(), NULL, NULL);
INSERT INTO [dbo].[trtStringNameTranslation] ([idfsBaseReference], [idfsLanguage], [strTextString], [intRowStatus], [rowguid], [strMaintenanceFlag], [strReservedAttribute]) VALUES (10081255, 10049004, N'ვეტერინარული აგრეგირებული პროფილაქტიკური ქმედებები - დაჯგუფების დროის შუალედი', 0, NEWID(), NULL, NULL);
INSERT INTO [dbo].[trtStringNameTranslation] ([idfsBaseReference], [idfsLanguage], [strTextString], [intRowStatus], [rowguid], [strMaintenanceFlag], [strReservedAttribute]) VALUES (10081255, 10049001, N'Baytarlıq üzrə Qrupşəkilli Profilaktik Tədbirlər - Qruplaşdırma üçün vaxt müddəti', 0, NEWID(), NULL, NULL);
INSERT INTO [dbo].[trtStringNameTranslation] ([idfsBaseReference], [idfsLanguage], [strTextString], [intRowStatus], [rowguid], [strMaintenanceFlag], [strReservedAttribute]) VALUES (10081255, 10049011, N'إجراءات وقائية لمجموعة الامراض البيطرية - الفاصل الزمني للمجموعة ', 0, NEWID(), NULL, NULL);

INSERT INTO [dbo].[trtStringNameTranslation] ([idfsBaseReference], [idfsLanguage], [strTextString], [intRowStatus], [rowguid], [strMaintenanceFlag], [strReservedAttribute]) VALUES (10081256, 10049003, N'Veterinary Aggregate Prophylactic Actions – Time Interval End Date', 0, NEWID(), NULL, NULL);
INSERT INTO [dbo].[trtStringNameTranslation] ([idfsBaseReference], [idfsLanguage], [strTextString], [intRowStatus], [rowguid], [strMaintenanceFlag], [strReservedAttribute]) VALUES (10081256, 10049004, N'ვეტერინარული აგრეგირებული პროფილაქტიკური ქმედებები - დროის შუალედის დასრულების თარიღი', 0, NEWID(), NULL, NULL);
INSERT INTO [dbo].[trtStringNameTranslation] ([idfsBaseReference], [idfsLanguage], [strTextString], [intRowStatus], [rowguid], [strMaintenanceFlag], [strReservedAttribute]) VALUES (10081256, 10049001, N'Baytarlıq üzrə Qrupşəkilli Profilaktik Tədbirlər - Vaxt müddətinin bitmə tarixi', 0, NEWID(), NULL, NULL);
INSERT INTO [dbo].[trtStringNameTranslation] ([idfsBaseReference], [idfsLanguage], [strTextString], [intRowStatus], [rowguid], [strMaintenanceFlag], [strReservedAttribute]) VALUES (10081256, 10049011, N'إجراءات وقائية لمجموعة الامراض البيطرية - تاريخ انتهاء الفاصل الزمني ', 0, NEWID(), NULL, NULL);

INSERT INTO [dbo].[trtStringNameTranslation] ([idfsBaseReference], [idfsLanguage], [strTextString], [intRowStatus], [rowguid], [strMaintenanceFlag], [strReservedAttribute]) VALUES (10081257, 10049003, N'Veterinary Aggregate Prophylactic Actions – Time Interval Start Date', 0, NEWID(), NULL, NULL);
INSERT INTO [dbo].[trtStringNameTranslation] ([idfsBaseReference], [idfsLanguage], [strTextString], [intRowStatus], [rowguid], [strMaintenanceFlag], [strReservedAttribute]) VALUES (10081257, 10049004, N'ვეტერინარული აგრეგირებული პროფილაქტიკური ქმედებები - დროის შუალედის დაწყების თარიღი', 0, NEWID(), NULL, NULL);
INSERT INTO [dbo].[trtStringNameTranslation] ([idfsBaseReference], [idfsLanguage], [strTextString], [intRowStatus], [rowguid], [strMaintenanceFlag], [strReservedAttribute]) VALUES (10081257, 10049001, N'Baytarlıq üzrə Qrupşəkilli Profilaktik Tədbirlər - Vaxt müddətinin başlanma tarixi', 0, NEWID(), NULL, NULL);
INSERT INTO [dbo].[trtStringNameTranslation] ([idfsBaseReference], [idfsLanguage], [strTextString], [intRowStatus], [rowguid], [strMaintenanceFlag], [strReservedAttribute]) VALUES (10081257, 10049011, N'إجراءات وقائية لمجموعة الامراض البيطرية - تاريخ بدء الفاصل الزمني ', 0, NEWID(), NULL, NULL);

INSERT INTO [dbo].[trtStringNameTranslation] ([idfsBaseReference], [idfsLanguage], [strTextString], [intRowStatus], [rowguid], [strMaintenanceFlag], [strReservedAttribute]) VALUES (10081258, 10049003, N'Veterinary Aggregate Prophylactic Actions – Time Interval Unit', 0, NEWID(), NULL, NULL);
INSERT INTO [dbo].[trtStringNameTranslation] ([idfsBaseReference], [idfsLanguage], [strTextString], [intRowStatus], [rowguid], [strMaintenanceFlag], [strReservedAttribute]) VALUES (10081258, 10049004, N'ვეტერინარული აგრეგირებული პროფილაქტიკური ქმედებები - დროის შუალედის ერთეული', 0, NEWID(), NULL, NULL);
INSERT INTO [dbo].[trtStringNameTranslation] ([idfsBaseReference], [idfsLanguage], [strTextString], [intRowStatus], [rowguid], [strMaintenanceFlag], [strReservedAttribute]) VALUES (10081258, 10049001, N'Baytarlıq üzrə Qrupşəkilli Profilaktik Tədbirlər - Vaxt müddətinin vahidi', 0, NEWID(), NULL, NULL);
INSERT INTO [dbo].[trtStringNameTranslation] ([idfsBaseReference], [idfsLanguage], [strTextString], [intRowStatus], [rowguid], [strMaintenanceFlag], [strReservedAttribute]) VALUES (10081258, 10049011, N'إجراءات وقائية لمجموعة الامراض البيطرية - وحدة الفاصل الزمني ', 0, NEWID(), NULL, NULL);

INSERT INTO [dbo].[trtStringNameTranslation] ([idfsBaseReference], [idfsLanguage], [strTextString], [intRowStatus], [rowguid], [strMaintenanceFlag], [strReservedAttribute]) VALUES (10081259, 10049003, N'Veterinary Aggregate Prophylactic Actions – Total', 0, NEWID(), NULL, NULL);
INSERT INTO [dbo].[trtStringNameTranslation] ([idfsBaseReference], [idfsLanguage], [strTextString], [intRowStatus], [rowguid], [strMaintenanceFlag], [strReservedAttribute]) VALUES (10081259, 10049004, N'ვეტერინარული აგრეგირებული პროფილაქტიკური ქმედებები - საერთო', 0, NEWID(), NULL, NULL);
INSERT INTO [dbo].[trtStringNameTranslation] ([idfsBaseReference], [idfsLanguage], [strTextString], [intRowStatus], [rowguid], [strMaintenanceFlag], [strReservedAttribute]) VALUES (10081259, 10049001, N'Baytarlıq üzrə Qrupşəkilli Profilaktik Tədbirlər - Cəmi', 0, NEWID(), NULL, NULL);
INSERT INTO [dbo].[trtStringNameTranslation] ([idfsBaseReference], [idfsLanguage], [strTextString], [intRowStatus], [rowguid], [strMaintenanceFlag], [strReservedAttribute]) VALUES (10081259, 10049011, N'إجراءات وقائية لمجموعة الامراض البيطرية - المجموع ', 0, NEWID(), NULL, NULL);

INSERT INTO [dbo].[trtStringNameTranslation] ([idfsBaseReference], [idfsLanguage], [strTextString], [intRowStatus], [rowguid], [strMaintenanceFlag], [strReservedAttribute]) VALUES (10081260, 10049003, N'Veterinary Aggregate Prophylactic Actions – Settlement', 0, NEWID(), NULL, NULL);
INSERT INTO [dbo].[trtStringNameTranslation] ([idfsBaseReference], [idfsLanguage], [strTextString], [intRowStatus], [rowguid], [strMaintenanceFlag], [strReservedAttribute]) VALUES (10081260, 10049004, N'ვეტერინარული აგრეგირებული პროფილაქტიკური ქმედებები - დასახლება', 0, NEWID(), NULL, NULL);
INSERT INTO [dbo].[trtStringNameTranslation] ([idfsBaseReference], [idfsLanguage], [strTextString], [intRowStatus], [rowguid], [strMaintenanceFlag], [strReservedAttribute]) VALUES (10081260, 10049001, N'Baytarlıq üzrə Qrupşəkilli Profilaktik Tədbirlər - Yaşayış məntəqəsi', 0, NEWID(), NULL, NULL);
INSERT INTO [dbo].[trtStringNameTranslation] ([idfsBaseReference], [idfsLanguage], [strTextString], [intRowStatus], [rowguid], [strMaintenanceFlag], [strReservedAttribute]) VALUES (10081260, 10049011, N'إجراءات وقائية لمجموعة الامراض البيطرية - الاقامة ', 0, NEWID(), NULL, NULL);

INSERT INTO [dbo].[tasSearchField] ([idfsSearchField], [idfsSearchFieldType], [idfsSearchObject], [idfsReferenceType], [idfsGISReferenceType], [strSearchFieldAlias], [strLookupTable], [intMapDisplayOrder], [intIncidenceDisplayOrder], [blnGeoLocationString], [strCalculatedFieldText], [rowguid], [intRowStatus], [idfsDefaultAggregateFunction], [blnShortAddressString], [strLookupFunction], [strLookupFunctionIdField], [strLookupFunctionNameField], [strLookupAttribute], [blnAllowMissedReferenceValues], [strReservedAttribute]) VALUES (10081236, 10081007, 10082071, 19000089, NULL, 'sflVAIAC_AdministrativeLevel', 'rftStatisticAreaType', NULL, NULL, 0, NULL, NEWID(), 0, 10004003, 0, NULL, NULL, NULL, 'name', 1, NULL);
INSERT INTO [dbo].[tasSearchField] ([idfsSearchField], [idfsSearchFieldType], [idfsSearchObject], [idfsReferenceType], [idfsGISReferenceType], [strSearchFieldAlias], [strLookupTable], [intMapDisplayOrder], [intIncidenceDisplayOrder], [blnGeoLocationString], [strCalculatedFieldText], [rowguid], [intRowStatus], [idfsDefaultAggregateFunction], [blnShortAddressString], [strLookupFunction], [strLookupFunctionIdField], [strLookupFunctionNameField], [strLookupAttribute], [blnAllowMissedReferenceValues], [strReservedAttribute]) VALUES (10081237, 10081007, 10082071, NULL, NULL, 'sflVAIAC_CaseID', NULL, NULL, NULL, 0, NULL, NEWID(), 0, 10004020, 0, NULL, NULL, NULL, NULL, 0, NULL);
INSERT INTO [dbo].[tasSearchField] ([idfsSearchField], [idfsSearchFieldType], [idfsSearchObject], [idfsReferenceType], [idfsGISReferenceType], [strSearchFieldAlias], [strLookupTable], [intMapDisplayOrder], [intIncidenceDisplayOrder], [blnGeoLocationString], [strCalculatedFieldText], [rowguid], [intRowStatus], [idfsDefaultAggregateFunction], [blnShortAddressString], [strLookupFunction], [strLookupFunctionIdField], [strLookupFunctionNameField], [strLookupAttribute], [blnAllowMissedReferenceValues], [strReservedAttribute]) VALUES (10081238, 10081002, 10082071, NULL, NULL, 'sflVAIAC_DateOfEntry', NULL, NULL, NULL, 0, NULL, NEWID(), 0, 10004003, 0, NULL, NULL, NULL, NULL, 1, NULL);
INSERT INTO [dbo].[tasSearchField] ([idfsSearchField], [idfsSearchFieldType], [idfsSearchObject], [idfsReferenceType], [idfsGISReferenceType], [strSearchFieldAlias], [strLookupTable], [intMapDisplayOrder], [intIncidenceDisplayOrder], [blnGeoLocationString], [strCalculatedFieldText], [rowguid], [intRowStatus], [idfsDefaultAggregateFunction], [blnShortAddressString], [strLookupFunction], [strLookupFunctionIdField], [strLookupFunctionNameField], [strLookupAttribute], [blnAllowMissedReferenceValues], [strReservedAttribute]) VALUES (10081239, 10081007, 10082071, 19000160, NULL, 'sflVAIAC_MethodOfMeasurement', 'rftBssMethodOfMeasurement', NULL, NULL, 0, NULL, NEWID(), 0, 10004003, 0, NULL, NULL, NULL, 'name', 1, NULL);
INSERT INTO [dbo].[tasSearchField] ([idfsSearchField], [idfsSearchFieldType], [idfsSearchObject], [idfsReferenceType], [idfsGISReferenceType], [strSearchFieldAlias], [strLookupTable], [intMapDisplayOrder], [intIncidenceDisplayOrder], [blnGeoLocationString], [strCalculatedFieldText], [rowguid], [intRowStatus], [idfsDefaultAggregateFunction], [blnShortAddressString], [strLookupFunction], [strLookupFunctionIdField], [strLookupFunctionNameField], [strLookupAttribute], [blnAllowMissedReferenceValues], [strReservedAttribute]) VALUES (10081240, 10081007, 10082071, 19000086, NULL, 'sflVAIAC_AnimalSpecies', 'rftSpeciesList', NULL, NULL, NULL, NULL, NEWID(), 0, 10004003, 0, NULL, NULL, NULL, 'name', 1, NULL);
INSERT INTO [dbo].[tasSearchField] ([idfsSearchField], [idfsSearchFieldType], [idfsSearchObject], [idfsReferenceType], [idfsGISReferenceType], [strSearchFieldAlias], [strLookupTable], [intMapDisplayOrder], [intIncidenceDisplayOrder], [blnGeoLocationString], [strCalculatedFieldText], [rowguid], [intRowStatus], [idfsDefaultAggregateFunction], [blnShortAddressString], [strLookupFunction], [strLookupFunctionIdField], [strLookupFunctionNameField], [strLookupAttribute], [blnAllowMissedReferenceValues], [strReservedAttribute]) VALUES (10081241, 10081007, 10082071, NULL, NULL, 'sflVAIAC_DiagnosesString', NULL, NULL, NULL, NULL, 'cast((   select  distinct ASCampaignDiagnosis.[name] + ''; ''    from  tlbCampaignToDiagnosis CampaignToDiagnosesString   inner join fnReferenceRepair(@LangID, 19000019) ASCampaignDiagnosis -- rftDiagnosis   on   ASCampaignDiagnosis.idfsReference = CampaignToDiagnosesString.idfsDiagnosis   where  CampaignToDiagnosesString.idfCampaign = {5}      and CampaignToDiagnosesString.intRowStatus = 0   order by ASCampaignDiagnosis.[name] + ''; ''    for xml path('''')     ) as nvarchar(max)) as [sflASCampaign_DiagnosesString] ', NEWID(), 0, 10004003, 0, NULL, NULL, NULL, NULL, 0, NULL);
INSERT INTO [dbo].[tasSearchField] ([idfsSearchField], [idfsSearchFieldType], [idfsSearchObject], [idfsReferenceType], [idfsGISReferenceType], [strSearchFieldAlias], [strLookupTable], [intMapDisplayOrder], [intIncidenceDisplayOrder], [blnGeoLocationString], [strCalculatedFieldText], [rowguid], [intRowStatus], [idfsDefaultAggregateFunction], [blnShortAddressString], [strLookupFunction], [strLookupFunctionIdField], [strLookupFunctionNameField], [strLookupAttribute], [blnAllowMissedReferenceValues], [strReservedAttribute]) VALUES (10081242, 10081007, 10082071, NULL, NULL, 'sflVAIAC_OIEcode', NULL, NULL, NULL, NULL, NULL, NEWID(), 0, 10004003, 0, NULL, NULL, NULL, NULL, 0, NULL);
INSERT INTO [dbo].[tasSearchField] ([idfsSearchField], [idfsSearchFieldType], [idfsSearchObject], [idfsReferenceType], [idfsGISReferenceType], [strSearchFieldAlias], [strLookupTable], [intMapDisplayOrder], [intIncidenceDisplayOrder], [blnGeoLocationString], [strCalculatedFieldText], [rowguid], [intRowStatus], [idfsDefaultAggregateFunction], [blnShortAddressString], [strLookupFunction], [strLookupFunctionIdField], [strLookupFunctionNameField], [strLookupAttribute], [blnAllowMissedReferenceValues], [strReservedAttribute]) VALUES (10081243, 10081007, 10082071, NULL, NULL, 'sflVAIAC_EnteredByPerson', NULL, NULL, NULL, NULL, NULL, NEWID(), 0, 10004003, 0, NULL, NULL, NULL, NULL, 0, NULL);
INSERT INTO [dbo].[tasSearchField] ([idfsSearchField], [idfsSearchFieldType], [idfsSearchObject], [idfsReferenceType], [idfsGISReferenceType], [strSearchFieldAlias], [strLookupTable], [intMapDisplayOrder], [intIncidenceDisplayOrder], [blnGeoLocationString], [strCalculatedFieldText], [rowguid], [intRowStatus], [idfsDefaultAggregateFunction], [blnShortAddressString], [strLookupFunction], [strLookupFunctionIdField], [strLookupFunctionNameField], [strLookupAttribute], [blnAllowMissedReferenceValues], [strReservedAttribute]) VALUES (10081244, 10081007, 10082071, 19000045, NULL, 'sflVAIAC_SiteID', 'Organization', NULL, NULL, 0, NULL, NEWID(), 0, 10004003, 0, NULL, NULL, NULL, 'name', 1, NULL);
INSERT INTO [dbo].[tasSearchField] ([idfsSearchField], [idfsSearchFieldType], [idfsSearchObject], [idfsReferenceType], [idfsGISReferenceType], [strSearchFieldAlias], [strLookupTable], [intMapDisplayOrder], [intIncidenceDisplayOrder], [blnGeoLocationString], [strCalculatedFieldText], [rowguid], [intRowStatus], [idfsDefaultAggregateFunction], [blnShortAddressString], [strLookupFunction], [strLookupFunctionIdField], [strLookupFunctionNameField], [strLookupAttribute], [blnAllowMissedReferenceValues], [strReservedAttribute]) VALUES (10081245, 10081007, 10082071, NULL, NULL, 'sflVAIAC_EnteredByOrganizationID', NULL, NULL, NULL, 0, NULL, NEWID(), 0, 10004003, 0, NULL, NULL, NULL, NULL, 0, NULL);
INSERT INTO [dbo].[tasSearchField] ([idfsSearchField], [idfsSearchFieldType], [idfsSearchObject], [idfsReferenceType], [idfsGISReferenceType], [strSearchFieldAlias], [strLookupTable], [intMapDisplayOrder], [intIncidenceDisplayOrder], [blnGeoLocationString], [strCalculatedFieldText], [rowguid], [intRowStatus], [idfsDefaultAggregateFunction], [blnShortAddressString], [strLookupFunction], [strLookupFunctionIdField], [strLookupFunctionNameField], [strLookupAttribute], [blnAllowMissedReferenceValues], [strReservedAttribute]) VALUES (10081246, 10081007, 10082071, NULL, NULL, 'sflVAIAC_ReceiveByInstitutionID', NULL, NULL, NULL, 0, NULL, NEWID(), 0, 10004003, 0, NULL, NULL, NULL, NULL, 0, NULL);
INSERT INTO [dbo].[tasSearchField] ([idfsSearchField], [idfsSearchFieldType], [idfsSearchObject], [idfsReferenceType], [idfsGISReferenceType], [strSearchFieldAlias], [strLookupTable], [intMapDisplayOrder], [intIncidenceDisplayOrder], [blnGeoLocationString], [strCalculatedFieldText], [rowguid], [intRowStatus], [idfsDefaultAggregateFunction], [blnShortAddressString], [strLookupFunction], [strLookupFunctionIdField], [strLookupFunctionNameField], [strLookupAttribute], [blnAllowMissedReferenceValues], [strReservedAttribute]) VALUES (10081247, 10081007, 10082071, 19000046, NULL, 'sflVAIAC_ReceivedByInst', 'Organization', NULL, NULL, 0, NULL, NEWID(), 0, 10004003, 0, NULL, NULL, NULL, 'FullName', 1, NULL);
INSERT INTO [dbo].[tasSearchField] ([idfsSearchField], [idfsSearchFieldType], [idfsSearchObject], [idfsReferenceType], [idfsGISReferenceType], [strSearchFieldAlias], [strLookupTable], [intMapDisplayOrder], [intIncidenceDisplayOrder], [blnGeoLocationString], [strCalculatedFieldText], [rowguid], [intRowStatus], [idfsDefaultAggregateFunction], [blnShortAddressString], [strLookupFunction], [strLookupFunctionIdField], [strLookupFunctionNameField], [strLookupAttribute], [blnAllowMissedReferenceValues], [strReservedAttribute]) VALUES (10081248, 10081007, 10082071, NULL, NULL, 'sflVAIAC_ReceivedByOfficer', NULL, NULL, NULL, 0, NULL, NEWID(), 0, 10004003, 0, NULL, NULL, NULL, NULL, 0, NULL);
INSERT INTO [dbo].[tasSearchField] ([idfsSearchField], [idfsSearchFieldType], [idfsSearchObject], [idfsReferenceType], [idfsGISReferenceType], [strSearchFieldAlias], [strLookupTable], [intMapDisplayOrder], [intIncidenceDisplayOrder], [blnGeoLocationString], [strCalculatedFieldText], [rowguid], [intRowStatus], [idfsDefaultAggregateFunction], [blnShortAddressString], [strLookupFunction], [strLookupFunctionIdField], [strLookupFunctionNameField], [strLookupAttribute], [blnAllowMissedReferenceValues], [strReservedAttribute]) VALUES (10081249, 10081002, 10082071, NULL, NULL, 'sflVAIAC_NotificationReceivDate', NULL, NULL, NULL, 0, NULL, NEWID(), 0, 10004003, 0, NULL, NULL, NULL, NULL, 1, NULL);
INSERT INTO [dbo].[tasSearchField] ([idfsSearchField], [idfsSearchFieldType], [idfsSearchObject], [idfsReferenceType], [idfsGISReferenceType], [strSearchFieldAlias], [strLookupTable], [intMapDisplayOrder], [intIncidenceDisplayOrder], [blnGeoLocationString], [strCalculatedFieldText], [rowguid], [intRowStatus], [idfsDefaultAggregateFunction], [blnShortAddressString], [strLookupFunction], [strLookupFunctionIdField], [strLookupFunctionNameField], [strLookupAttribute], [blnAllowMissedReferenceValues], [strReservedAttribute]) VALUES (10081250, 10081007, 10082071, 19000046, NULL, 'sflVAIAC_SentByInstitution', 'Organization', NULL, NULL, 0, NULL, NEWID(), 0, 10004003, 0, NULL, NULL, NULL, 'FullName', 1, NULL);
INSERT INTO [dbo].[tasSearchField] ([idfsSearchField], [idfsSearchFieldType], [idfsSearchObject], [idfsReferenceType], [idfsGISReferenceType], [strSearchFieldAlias], [strLookupTable], [intMapDisplayOrder], [intIncidenceDisplayOrder], [blnGeoLocationString], [strCalculatedFieldText], [rowguid], [intRowStatus], [idfsDefaultAggregateFunction], [blnShortAddressString], [strLookupFunction], [strLookupFunctionIdField], [strLookupFunctionNameField], [strLookupAttribute], [blnAllowMissedReferenceValues], [strReservedAttribute]) VALUES (10081251, 10081007, 10082071, NULL, NULL, 'sflVAIAC_SentByOfficer', NULL, NULL, NULL, 0, NULL, NEWID(), 0, 10004003, 0, NULL, NULL, NULL, NULL, 0, NULL);
INSERT INTO [dbo].[tasSearchField] ([idfsSearchField], [idfsSearchFieldType], [idfsSearchObject], [idfsReferenceType], [idfsGISReferenceType], [strSearchFieldAlias], [strLookupTable], [intMapDisplayOrder], [intIncidenceDisplayOrder], [blnGeoLocationString], [strCalculatedFieldText], [rowguid], [intRowStatus], [idfsDefaultAggregateFunction], [blnShortAddressString], [strLookupFunction], [strLookupFunctionIdField], [strLookupFunctionNameField], [strLookupAttribute], [blnAllowMissedReferenceValues], [strReservedAttribute]) VALUES (10081252, 10081002, 10082071, NULL, NULL, 'sflVAIAC_NotificationSentDate', NULL, NULL, NULL, 0, NULL, NEWID(), 0, 10004003, 0, NULL, NULL, NULL, NULL, 1, NULL);
INSERT INTO [dbo].[tasSearchField] ([idfsSearchField], [idfsSearchFieldType], [idfsSearchObject], [idfsReferenceType], [idfsGISReferenceType], [strSearchFieldAlias], [strLookupTable], [intMapDisplayOrder], [intIncidenceDisplayOrder], [blnGeoLocationString], [strCalculatedFieldText], [rowguid], [intRowStatus], [idfsDefaultAggregateFunction], [blnShortAddressString], [strLookupFunction], [strLookupFunctionIdField], [strLookupFunctionNameField], [strLookupAttribute], [blnAllowMissedReferenceValues], [strReservedAttribute]) VALUES (10081253, 10081007, 10082071, NULL, 19000002, 'sflVAIAC_Rayon', 'Rayon', 110, NULL, NULL, NULL, NEWID(), 0, 10004003, 0, NULL, NULL, NULL, 'strRayonExtendedName', 1, NULL);
INSERT INTO [dbo].[tasSearchField] ([idfsSearchField], [idfsSearchFieldType], [idfsSearchObject], [idfsReferenceType], [idfsGISReferenceType], [strSearchFieldAlias], [strLookupTable], [intMapDisplayOrder], [intIncidenceDisplayOrder], [blnGeoLocationString], [strCalculatedFieldText], [rowguid], [intRowStatus], [idfsDefaultAggregateFunction], [blnShortAddressString], [strLookupFunction], [strLookupFunctionIdField], [strLookupFunctionNameField], [strLookupAttribute], [blnAllowMissedReferenceValues], [strReservedAttribute]) VALUES (10081254, 10081007, 10082071, NULL, 19000003, 'sflVAIAC_Region', 'Region', 160, 50, NULL, NULL, NEWID(), 0, 10004003, 0, NULL, NULL, NULL, 'strRegionExtendedName', 1, NULL);
INSERT INTO [dbo].[tasSearchField] ([idfsSearchField], [idfsSearchFieldType], [idfsSearchObject], [idfsReferenceType], [idfsGISReferenceType], [strSearchFieldAlias], [strLookupTable], [intMapDisplayOrder], [intIncidenceDisplayOrder], [blnGeoLocationString], [strCalculatedFieldText], [rowguid], [intRowStatus], [idfsDefaultAggregateFunction], [blnShortAddressString], [strLookupFunction], [strLookupFunctionIdField], [strLookupFunctionNameField], [strLookupAttribute], [blnAllowMissedReferenceValues], [strReservedAttribute]) VALUES (10081255, 10081002, 10082071, NULL, NULL, 'sflVAIAC_GroupingDate', NULL, NULL, NULL, 0, NULL, NEWID(), 0, 10004003, 0, NULL, NULL, NULL, NULL, 1, NULL);
INSERT INTO [dbo].[tasSearchField] ([idfsSearchField], [idfsSearchFieldType], [idfsSearchObject], [idfsReferenceType], [idfsGISReferenceType], [strSearchFieldAlias], [strLookupTable], [intMapDisplayOrder], [intIncidenceDisplayOrder], [blnGeoLocationString], [strCalculatedFieldText], [rowguid], [intRowStatus], [idfsDefaultAggregateFunction], [blnShortAddressString], [strLookupFunction], [strLookupFunctionIdField], [strLookupFunctionNameField], [strLookupAttribute], [blnAllowMissedReferenceValues], [strReservedAttribute]) VALUES (10081256, 10081002, 10082071, NULL, NULL, 'sflVAIAC_EndDate', NULL, NULL, NULL, 0, NULL, NEWID(), 0, 10004003, 0, NULL, NULL, NULL, NULL, 1, NULL);
INSERT INTO [dbo].[tasSearchField] ([idfsSearchField], [idfsSearchFieldType], [idfsSearchObject], [idfsReferenceType], [idfsGISReferenceType], [strSearchFieldAlias], [strLookupTable], [intMapDisplayOrder], [intIncidenceDisplayOrder], [blnGeoLocationString], [strCalculatedFieldText], [rowguid], [intRowStatus], [idfsDefaultAggregateFunction], [blnShortAddressString], [strLookupFunction], [strLookupFunctionIdField], [strLookupFunctionNameField], [strLookupAttribute], [blnAllowMissedReferenceValues], [strReservedAttribute]) VALUES (10081257, 10081002, 10082071, NULL, NULL, 'sflVAIAC_StartDate', NULL, NULL, NULL, 0, NULL, NEWID(), 0, 10004003, 0, NULL, NULL, NULL, NULL, 1, NULL);
INSERT INTO [dbo].[tasSearchField] ([idfsSearchField], [idfsSearchFieldType], [idfsSearchObject], [idfsReferenceType], [idfsGISReferenceType], [strSearchFieldAlias], [strLookupTable], [intMapDisplayOrder], [intIncidenceDisplayOrder], [blnGeoLocationString], [strCalculatedFieldText], [rowguid], [intRowStatus], [idfsDefaultAggregateFunction], [blnShortAddressString], [strLookupFunction], [strLookupFunctionIdField], [strLookupFunctionNameField], [strLookupAttribute], [blnAllowMissedReferenceValues], [strReservedAttribute]) VALUES (10081258, 10081007, 10082071, 19000091, NULL, 'sflVAIAC_TimeIntervalUnit', 'rftStatisticPeriodType', NULL, NULL, 0, NULL, NEWID(), 0, 10004003, 0, NULL, NULL, NULL, 'name', 1, NULL);
INSERT INTO [dbo].[tasSearchField] ([idfsSearchField], [idfsSearchFieldType], [idfsSearchObject], [idfsReferenceType], [idfsGISReferenceType], [strSearchFieldAlias], [strLookupTable], [intMapDisplayOrder], [intIncidenceDisplayOrder], [blnGeoLocationString], [strCalculatedFieldText], [rowguid], [intRowStatus], [idfsDefaultAggregateFunction], [blnShortAddressString], [strLookupFunction], [strLookupFunctionIdField], [strLookupFunctionNameField], [strLookupAttribute], [blnAllowMissedReferenceValues], [strReservedAttribute]) VALUES (10081259, 10081006, 10082071, NULL, NULL, 'sflVAIAC_Total', NULL, NULL, NULL, 0, NULL, NEWID(), 0, 10004003, 0, NULL, NULL, NULL, NULL, 0, NULL);
INSERT INTO [dbo].[tasSearchField] ([idfsSearchField], [idfsSearchFieldType], [idfsSearchObject], [idfsReferenceType], [idfsGISReferenceType], [strSearchFieldAlias], [strLookupTable], [intMapDisplayOrder], [intIncidenceDisplayOrder], [blnGeoLocationString], [strCalculatedFieldText], [rowguid], [intRowStatus], [idfsDefaultAggregateFunction], [blnShortAddressString], [strLookupFunction], [strLookupFunctionIdField], [strLookupFunctionNameField], [strLookupAttribute], [blnAllowMissedReferenceValues], [strReservedAttribute]) VALUES (10081260, 10081007, 10082071, NULL, 19000004, 'sflVAIAC_Settlement', 'Settlement', 50, NULL, NULL, NULL, NEWID(), 0, 10004003, 0, NULL, NULL, NULL, 'strSettlementExtendedName', 1, NULL);

-- Add 'Veterinary Aggregate Prophylactic Actions Column' - object
ALTER TABLE dbo.trtBaseReference DISABLE TRIGGER ALL
INSERT INTO [dbo].[trtBaseReference] ([idfsBaseReference], [idfsReferenceType], [strBaseReferenceCode], [strDefault], [intHACode], [intOrder], [blnSystem], [intRowStatus], [rowguid], [strMaintenanceFlag], [strReservedAttribute])
VALUES (10082072, 19000082, NULL, 'Veterinary Aggregate Prophylactic Actions Column', 32, 0, 1, 0, NEWID(), NULL, NULL)
GO

INSERT INTO [dbo].[tasSearchObject] ([idfsSearchObject], [idfsFormType], [blnPrimary], [rowguid], [intRowStatus], [blnShowReportType], [strReservedAttribute])
VALUES (10082072, NULL, 0, NEWID(), 0, 0, NULL)
GO

INSERT INTO [dbo].[trtStringNameTranslation] ([idfsBaseReference], [idfsLanguage], [strTextString], [intRowStatus], [rowguid], [strMaintenanceFlag], [strReservedAttribute])
VALUES(10082072, 10049003,N'Veterinary Aggregate Prophylactic Actions Column', 0, NEWID(), NULL, NULL)
INSERT INTO [dbo].[trtStringNameTranslation] ([idfsBaseReference], [idfsLanguage], [strTextString], [intRowStatus], [rowguid], [strMaintenanceFlag], [strReservedAttribute])
VALUES(10082072, 10049004,N'ვეტერინარული დაავადების აგრეგირებული პროფილაქტიკური ღონისძიებების სვეტი', 0, NEWID(), NULL, NULL)
INSERT INTO [dbo].[trtStringNameTranslation] ([idfsBaseReference], [idfsLanguage], [strTextString], [intRowStatus], [rowguid], [strMaintenanceFlag], [strReservedAttribute])
VALUES(10082072, 10049001,N'Baytarlıq üzrə qrupşəkilli profilaktika tədbirləri sütunu', 0, NEWID(), NULL, NULL)
INSERT INTO [dbo].[trtStringNameTranslation] ([idfsBaseReference], [idfsLanguage], [strTextString], [intRowStatus], [rowguid], [strMaintenanceFlag], [strReservedAttribute])
VALUES(10082072, 10049011,N'عمود الإجراءات الوقائية الإجمالية البيطرية', 0, NEWID(), NULL, NULL)
GO
ALTER TABLE dbo.trtBaseReference ENABLE TRIGGER ALL

-- Add relations - 'Veterinary Aggregate Prophylactic Actions Column' child of 'Veterinary Aggregate Prophylactic Actions', used idfsParentSearchObject 10082016 as an example. 
INSERT INTO [dbo].[tasSearchObjectToSearchObject] ([idfsRelatedSearchObject], [idfsParentSearchObject], [rowguid], [strSubQueryJoinCondition], [blnUseForSubQuery], [strReservedAttribute])
VALUES(10082072, 10082071, NEWID(), 'v_{6}.[PKField] = v.[PKField] and v_{6}.[PKField_4582900000000] = v.[PKField_4582900000000] and v_{6}.[PKField_4582670000000] is not null', 0, NULL) -- TODO: verify value of [strSubQueryJoinCondition] with Mandar.
GO
ALTER TABLE dbo.trtBaseReference ENABLE TRIGGER ALL

-- Veterinary Aggregate Prophylactic Actions Column - fields
INSERT INTO [dbo].[trtBaseReference] ([idfsBaseReference], [idfsReferenceType], [strBaseReferenceCode], [strDefault], [intHACode], [intOrder], [blnSystem], [intRowStatus], [rowguid], [strMaintenanceFlag], [strReservedAttribute]) VALUES (10081261, 19000080, 'sflVAPAC_Name', 'Veterinary Aggregate Prophylactic Actions Column – Name', 226, 0, 1, 0, NEWID(), NULL, NULL);  -- using 10080712 as an example
INSERT INTO [dbo].[trtBaseReference] ([idfsBaseReference], [idfsReferenceType], [strBaseReferenceCode], [strDefault], [intHACode], [intOrder], [blnSystem], [intRowStatus], [rowguid], [strMaintenanceFlag], [strReservedAttribute]) VALUES (10081262, 19000080, 'sflVAPAC_NumericValue', 'Veterinary Aggregate Prophylactic Actions Column – Numeric Value', 226, 1, 1, 0, NEWID(), NULL, NULL);  -- using 10080714 as an example
INSERT INTO [dbo].[trtBaseReference] ([idfsBaseReference], [idfsReferenceType], [strBaseReferenceCode], [strDefault], [intHACode], [intOrder], [blnSystem], [intRowStatus], [rowguid], [strMaintenanceFlag], [strReservedAttribute]) VALUES (10081263, 19000080, 'sflVAPAC_TextValue', 'Veterinary Aggregate Prophylactic Actions Column – Text Value', 226, 2, 1, 0, NEWID(), NULL, NULL);  -- using 10080713 as an example

INSERT INTO [dbo].[trtStringNameTranslation] ([idfsBaseReference], [idfsLanguage], [strTextString], [intRowStatus], [rowguid], [strMaintenanceFlag], [strReservedAttribute]) VALUES (10081261, 10049003, N'Veterinary Aggregate Prophylactic Actions Column – Name', 0, NEWID(), NULL, NULL);
INSERT INTO [dbo].[trtStringNameTranslation] ([idfsBaseReference], [idfsLanguage], [strTextString], [intRowStatus], [rowguid], [strMaintenanceFlag], [strReservedAttribute]) VALUES (10081261, 10049004, N'ვეტერინარული აგრეგირებული პროფილაქტიკური ქმედებების სვეტი - სახელი', 0, NEWID(), NULL, NULL);
INSERT INTO [dbo].[trtStringNameTranslation] ([idfsBaseReference], [idfsLanguage], [strTextString], [intRowStatus], [rowguid], [strMaintenanceFlag], [strReservedAttribute]) VALUES (10081261, 10049001, N'Baytarlıq üzrə Qrupşəkilli Profilaktik Tədbirlər Sütun - Adı', 0, NEWID(), NULL, NULL);
INSERT INTO [dbo].[trtStringNameTranslation] ([idfsBaseReference], [idfsLanguage], [strTextString], [intRowStatus], [rowguid], [strMaintenanceFlag], [strReservedAttribute]) VALUES (10081261, 10049011, N'عمود الإجراءات الوقائية لمجموعة الامراض البيطرية - الاسم ', 0, NEWID(), NULL, NULL);

INSERT INTO [dbo].[trtStringNameTranslation] ([idfsBaseReference], [idfsLanguage], [strTextString], [intRowStatus], [rowguid], [strMaintenanceFlag], [strReservedAttribute]) VALUES (10081262, 10049003, N'Veterinary Aggregate Prophylactic Actions Column – Numeric Value', 0, NEWID(), NULL, NULL);
INSERT INTO [dbo].[trtStringNameTranslation] ([idfsBaseReference], [idfsLanguage], [strTextString], [intRowStatus], [rowguid], [strMaintenanceFlag], [strReservedAttribute]) VALUES (10081262, 10049004, N'ვეტერინარული აგრეგირებული პროფილაქტიკური ქმედებების სვეტი - რიცხობრივი მნიშვნელობა', 0, NEWID(), NULL, NULL);
INSERT INTO [dbo].[trtStringNameTranslation] ([idfsBaseReference], [idfsLanguage], [strTextString], [intRowStatus], [rowguid], [strMaintenanceFlag], [strReservedAttribute]) VALUES (10081262, 10049001, N'Baytarlıq üzrə Qrupşəkilli Profilaktik Tədbirlər Sütun - Rəqəm dəyəri', 0, NEWID(), NULL, NULL);
INSERT INTO [dbo].[trtStringNameTranslation] ([idfsBaseReference], [idfsLanguage], [strTextString], [intRowStatus], [rowguid], [strMaintenanceFlag], [strReservedAttribute]) VALUES (10081262, 10049011, N'عمود الإجراءات الوقائية لمجموعة الامراض البيطرية -  القيمة الرقمية ', 0, NEWID(), NULL, NULL);

INSERT INTO [dbo].[trtStringNameTranslation] ([idfsBaseReference], [idfsLanguage], [strTextString], [intRowStatus], [rowguid], [strMaintenanceFlag], [strReservedAttribute]) VALUES (10081263, 10049003, N'Veterinary Aggregate Prophylactic Actions Column – Text Value', 0, NEWID(), NULL, NULL);
INSERT INTO [dbo].[trtStringNameTranslation] ([idfsBaseReference], [idfsLanguage], [strTextString], [intRowStatus], [rowguid], [strMaintenanceFlag], [strReservedAttribute]) VALUES (10081263, 10049004, N'ვეტერინარული აგრეგირებული პროფილაქტიკური ქმედებების სვეტი - ტექსტის მნიშვნელობა', 0, NEWID(), NULL, NULL);
INSERT INTO [dbo].[trtStringNameTranslation] ([idfsBaseReference], [idfsLanguage], [strTextString], [intRowStatus], [rowguid], [strMaintenanceFlag], [strReservedAttribute]) VALUES (10081263, 10049001, N'Baytarlıq üzrə Qrupşəkilli Profilaktik Tədbirlər Sütun - Mətn dəyəri', 0, NEWID(), NULL, NULL);
INSERT INTO [dbo].[trtStringNameTranslation] ([idfsBaseReference], [idfsLanguage], [strTextString], [intRowStatus], [rowguid], [strMaintenanceFlag], [strReservedAttribute]) VALUES (10081263, 10049011, N'عمود الإجراءات الوقائية لمجموعة الامراض البيطرية - القيمة النصية ', 0, NEWID(), NULL, NULL);

INSERT INTO [dbo].[tasSearchField] ([idfsSearchField], [idfsSearchFieldType], [idfsSearchObject], [idfsReferenceType], [idfsGISReferenceType], [strSearchFieldAlias], [strLookupTable], [intMapDisplayOrder], [intIncidenceDisplayOrder], [blnGeoLocationString], [strCalculatedFieldText], [rowguid], [intRowStatus], [idfsDefaultAggregateFunction], [blnShortAddressString], [strLookupFunction], [strLookupFunctionIdField], [strLookupFunctionNameField], [strLookupAttribute], [blnAllowMissedReferenceValues], [strReservedAttribute]) VALUES (10081261, 10081007, 10082072, 19000066, NULL, 'sflVAPAC_Name', 'HumanAggregateCaseParameter', NULL, NULL, 0, NULL, NEWID(), 0, 10004003, 0, NULL, NULL, NULL, 'name', 1, NULL);
INSERT INTO [dbo].[tasSearchField] ([idfsSearchField], [idfsSearchFieldType], [idfsSearchObject], [idfsReferenceType], [idfsGISReferenceType], [strSearchFieldAlias], [strLookupTable], [intMapDisplayOrder], [intIncidenceDisplayOrder], [blnGeoLocationString], [strCalculatedFieldText], [rowguid], [intRowStatus], [idfsDefaultAggregateFunction], [blnShortAddressString], [strLookupFunction], [strLookupFunctionIdField], [strLookupFunctionNameField], [strLookupAttribute], [blnAllowMissedReferenceValues], [strReservedAttribute]) VALUES (10081262, 10081004, 10082072, NULL, NULL, 'sflVAPAC_NumericValue', NULL, NULL, NULL, 0, NULL, NEWID(), 0, 10004005, 0, NULL, NULL, NULL, NULL, 0, NULL);
INSERT INTO [dbo].[tasSearchField] ([idfsSearchField], [idfsSearchFieldType], [idfsSearchObject], [idfsReferenceType], [idfsGISReferenceType], [strSearchFieldAlias], [strLookupTable], [intMapDisplayOrder], [intIncidenceDisplayOrder], [blnGeoLocationString], [strCalculatedFieldText], [rowguid], [intRowStatus], [idfsDefaultAggregateFunction], [blnShortAddressString], [strLookupFunction], [strLookupFunctionIdField], [strLookupFunctionNameField], [strLookupAttribute], [blnAllowMissedReferenceValues], [strReservedAttribute]) VALUES (10081263, 10081007, 10082072, NULL, NULL, 'sflVAPAC_TextValue', NULL, NULL, NULL, 0, NULL, NEWID(), 0, 10004003, 0, NULL, NULL, NULL, NULL, 0, NULL);


--- Add 'Veterinary Aggregate Sanitary Actions' (10082073) ---
-- New root search object 

ALTER TABLE dbo.trtBaseReference DISABLE TRIGGER ALL
INSERT INTO [dbo].[trtBaseReference] ([idfsBaseReference], [idfsReferenceType], [strBaseReferenceCode], [strDefault], [intHACode], [intOrder], [blnSystem], [intRowStatus], [rowguid], [strMaintenanceFlag], [strReservedAttribute])
VALUES (10082073, 19000082, NULL, 'Veterinary Aggregate Sanitary Actions', 32, 0, 1, 0, NEWID(), NULL, NULL)
GO

INSERT INTO [dbo].[tasSearchObject] ([idfsSearchObject], [idfsFormType], [blnPrimary], [rowguid], [intRowStatus], [blnShowReportType], [strReservedAttribute])
VALUES (10082073, NULL, 1, NEWID(), 0, 0, NULL)
GO

INSERT INTO [dbo].[trtStringNameTranslation] ([idfsBaseReference], [idfsLanguage], [strTextString], [intRowStatus], [rowguid], [strMaintenanceFlag], [strReservedAttribute])
VALUES(10082073, 10049003,N'Veterinary Aggregate Sanitary Actions', 0, NEWID(), NULL, NULL)
INSERT INTO [dbo].[trtStringNameTranslation] ([idfsBaseReference], [idfsLanguage], [strTextString], [intRowStatus], [rowguid], [strMaintenanceFlag], [strReservedAttribute])
VALUES(10082073, 10049004,N'ვეტერინარული დაავადების აგრეგირებული სანიტარული ღონისძიებები', 0, NEWID(), NULL, NULL)
INSERT INTO [dbo].[trtStringNameTranslation] ([idfsBaseReference], [idfsLanguage], [strTextString], [intRowStatus], [rowguid], [strMaintenanceFlag], [strReservedAttribute])
VALUES(10082073, 10049001,N'Baytarlıq üzrə qrupşəkilli sanitariya tədbirləri', 0, NEWID(), NULL, NULL)
INSERT INTO [dbo].[trtStringNameTranslation] ([idfsBaseReference], [idfsLanguage], [strTextString], [intRowStatus], [rowguid], [strMaintenanceFlag], [strReservedAttribute])
VALUES(10082073, 10049011,N'الإجراءات الصحية الإجمالية للطب البيطري', 0, NEWID(), NULL, NULL)
GO
ALTER TABLE dbo.trtBaseReference ENABLE TRIGGER ALL

-- Veterinary Aggregate Sanitary Actions - fields
INSERT INTO [dbo].[trtBaseReference] ([idfsBaseReference], [idfsReferenceType], [strBaseReferenceCode], [strDefault], [intHACode], [intOrder], [blnSystem], [intRowStatus], [rowguid], [strMaintenanceFlag], [strReservedAttribute]) VALUES (10081264, 19000080, 'sflVASA_AdministrativeLevel', 'Veterinary Aggregate Sanitary Actions – Administrative Level', 226, 0, 1, 0, NEWID(), NULL, NULL);  -- using 10080710 as an example (human)
INSERT INTO [dbo].[trtBaseReference] ([idfsBaseReference], [idfsReferenceType], [strBaseReferenceCode], [strDefault], [intHACode], [intOrder], [blnSystem], [intRowStatus], [rowguid], [strMaintenanceFlag], [strReservedAttribute]) VALUES (10081265, 19000080, 'sflVASA_CaseID', 'Veterinary Aggregate Sanitary Actions – Case ID', 226, 1, 1, 0, NEWID(), NULL, NULL);  -- using 10080458 as an example (human)
INSERT INTO [dbo].[trtBaseReference] ([idfsBaseReference], [idfsReferenceType], [strBaseReferenceCode], [strDefault], [intHACode], [intOrder], [blnSystem], [intRowStatus], [rowguid], [strMaintenanceFlag], [strReservedAttribute]) VALUES (10081266, 19000080, 'sflVASA_DateOffEntry', 'Veterinary Aggregate Sanitary Actions – Date of Entry', 226, 2, 1, 0, NEWID(), NULL, NULL);  -- using 10080690 as an example
INSERT INTO [dbo].[trtBaseReference] ([idfsBaseReference], [idfsReferenceType], [strBaseReferenceCode], [strDefault], [intHACode], [intOrder], [blnSystem], [intRowStatus], [rowguid], [strMaintenanceFlag], [strReservedAttribute]) VALUES (10081267, 19000080, 'sflVASA_InvestigationType', 'Veterinary Aggregate Sanitary Actions – Investigation type', 226, 3, 1, 0, NEWID(), NULL, NULL);  -- using 10080494 as an example
INSERT INTO [dbo].[trtBaseReference] ([idfsBaseReference], [idfsReferenceType], [strBaseReferenceCode], [strDefault], [intHACode], [intOrder], [blnSystem], [intRowStatus], [rowguid], [strMaintenanceFlag], [strReservedAttribute]) VALUES (10081268, 19000080, 'sflVASA_MeasureType', 'Veterinary Aggregate Sanitary Actions – Measure Type', 226, 4, 1, 0, NEWID(), NULL, NULL);  -- using 10080644 as an example
INSERT INTO [dbo].[trtBaseReference] ([idfsBaseReference], [idfsReferenceType], [strBaseReferenceCode], [strDefault], [intHACode], [intOrder], [blnSystem], [intRowStatus], [rowguid], [strMaintenanceFlag], [strReservedAttribute]) VALUES (10081269, 19000080, 'sflVASA_MeasureCode', 'Veterinary Aggregate Sanitary Actions – Measure code', 226, 5, 1, 0, NEWID(), NULL, NULL);  -- using xxx as an example
INSERT INTO [dbo].[trtBaseReference] ([idfsBaseReference], [idfsReferenceType], [strBaseReferenceCode], [strDefault], [intHACode], [intOrder], [blnSystem], [intRowStatus], [rowguid], [strMaintenanceFlag], [strReservedAttribute]) VALUES (10081270, 19000080, 'sflVASA_Officer', 'Veterinary Aggregate Sanitary Actions – Entered by Officer', 226, 6, 1, 0, NEWID(), NULL, NULL);  -- using 10080180 as an example
INSERT INTO [dbo].[trtBaseReference] ([idfsBaseReference], [idfsReferenceType], [strBaseReferenceCode], [strDefault], [intHACode], [intOrder], [blnSystem], [intRowStatus], [rowguid], [strMaintenanceFlag], [strReservedAttribute]) VALUES (10081271, 19000080, 'sflVASA_Site', 'Veterinary Aggregate Sanitary Actions – Entered by Organization – Abbreviation', 226, 7, 1, 0, NEWID(), NULL, NULL);  -- using 10081186 as an example
INSERT INTO [dbo].[trtBaseReference] ([idfsBaseReference], [idfsReferenceType], [strBaseReferenceCode], [strDefault], [intHACode], [intOrder], [blnSystem], [intRowStatus], [rowguid], [strMaintenanceFlag], [strReservedAttribute]) VALUES (10081272, 19000080, 'sflVASA_EnteredByOrganizationID', 'Veterinary Aggregate Sanitary Actions – Entered by Organization – ID', 226, 8, 1, 0, NEWID(), NULL, NULL);  -- using 10080583 as an example
INSERT INTO [dbo].[trtBaseReference] ([idfsBaseReference], [idfsReferenceType], [strBaseReferenceCode], [strDefault], [intHACode], [intOrder], [blnSystem], [intRowStatus], [rowguid], [strMaintenanceFlag], [strReservedAttribute]) VALUES (10081273, 19000080, 'sflVASA_ReceiveByInstitutionID', 'Veterinary Aggregate Sanitary Actions – Notification Received by Institution – ID', 226, 9, 1, 0, NEWID(), NULL, NULL);  -- using 10080703 as an example
INSERT INTO [dbo].[trtBaseReference] ([idfsBaseReference], [idfsReferenceType], [strBaseReferenceCode], [strDefault], [intHACode], [intOrder], [blnSystem], [intRowStatus], [rowguid], [strMaintenanceFlag], [strReservedAttribute]) VALUES (10081274, 19000080, 'sflVASA_ReceivedByInst', 'Veterinary Aggregate Sanitary Actions – Notification Received by Institution – Name', 226, 10, 1, 0, NEWID(), NULL, NULL);  -- using 10080700 as an example
INSERT INTO [dbo].[trtBaseReference] ([idfsBaseReference], [idfsReferenceType], [strBaseReferenceCode], [strDefault], [intHACode], [intOrder], [blnSystem], [intRowStatus], [rowguid], [strMaintenanceFlag], [strReservedAttribute]) VALUES (10081275, 19000080, 'sflVASA_ReceivedByOfficer', 'Veterinary Aggregate Sanitary Actions – Notification Received by Officer', 226, 11, 1, 0, NEWID(), NULL, NULL);  -- using 10080706 as an example
INSERT INTO [dbo].[trtBaseReference] ([idfsBaseReference], [idfsReferenceType], [strBaseReferenceCode], [strDefault], [intHACode], [intOrder], [blnSystem], [intRowStatus], [rowguid], [strMaintenanceFlag], [strReservedAttribute]) VALUES (10081276, 19000080, 'sflVAPA_NotificationReceivDate', 'Veterinary Aggregate Sanitary Actions – Notification Received Date', 226, 12, 1, 0, NEWID(), NULL, NULL);  -- using 10080689 as an example
INSERT INTO [dbo].[trtBaseReference] ([idfsBaseReference], [idfsReferenceType], [strBaseReferenceCode], [strDefault], [intHACode], [intOrder], [blnSystem], [intRowStatus], [rowguid], [strMaintenanceFlag], [strReservedAttribute]) VALUES (10081277, 19000080, 'sflVAPA_SentByInstitutionID', 'Veterinary Aggregate Sanitary Actions – Notification Sent by Institution – ID', 226, 13, 1, 0, NEWID(), NULL, NULL);  -- using 10080702 as an example
INSERT INTO [dbo].[trtBaseReference] ([idfsBaseReference], [idfsReferenceType], [strBaseReferenceCode], [strDefault], [intHACode], [intOrder], [blnSystem], [intRowStatus], [rowguid], [strMaintenanceFlag], [strReservedAttribute]) VALUES (10081278, 19000080, 'sflVAPA_SentByInstitution', 'Veterinary Aggregate Sanitary Actions – Notification Sent by Institution – Name', 226, 14, 1, 0, NEWID(), NULL, NULL);  -- using 10080699 as an example
INSERT INTO [dbo].[trtBaseReference] ([idfsBaseReference], [idfsReferenceType], [strBaseReferenceCode], [strDefault], [intHACode], [intOrder], [blnSystem], [intRowStatus], [rowguid], [strMaintenanceFlag], [strReservedAttribute]) VALUES (10081279, 19000080, 'sflVAPA_SentByOfficer', 'Veterinary Aggregate Sanitary Actions – Notification Sent by Officer', 226, 15, 1, 0, NEWID(), NULL, NULL);  -- using 10080705 as an example
INSERT INTO [dbo].[trtBaseReference] ([idfsBaseReference], [idfsReferenceType], [strBaseReferenceCode], [strDefault], [intHACode], [intOrder], [blnSystem], [intRowStatus], [rowguid], [strMaintenanceFlag], [strReservedAttribute]) VALUES (10081280, 19000080, 'sflVAPA_NotificationSentDate', 'Veterinary Aggregate Sanitary Actions – Notification Sent Date', 226, 16, 1, 0, NEWID(), NULL, NULL);  -- using 10080688 as an example
INSERT INTO [dbo].[trtBaseReference] ([idfsBaseReference], [idfsReferenceType], [strBaseReferenceCode], [strDefault], [intHACode], [intOrder], [blnSystem], [intRowStatus], [rowguid], [strMaintenanceFlag], [strReservedAttribute]) VALUES (10081281, 19000080, 'sflVAPA_Rayon', 'Veterinary Aggregate Sanitary Actions – Rayon', 226, 17, 1, 0, NEWID(), NULL, NULL);  -- using 10080186 as an example
INSERT INTO [dbo].[trtBaseReference] ([idfsBaseReference], [idfsReferenceType], [strBaseReferenceCode], [strDefault], [intHACode], [intOrder], [blnSystem], [intRowStatus], [rowguid], [strMaintenanceFlag], [strReservedAttribute]) VALUES (10081282, 19000080, 'sflVAPA_Region', 'Veterinary Aggregate Sanitary Actions – Region', 226, 18, 1, 0, NEWID(), NULL, NULL);  -- using 10080085 as an example
INSERT INTO [dbo].[trtBaseReference] ([idfsBaseReference], [idfsReferenceType], [strBaseReferenceCode], [strDefault], [intHACode], [intOrder], [blnSystem], [intRowStatus], [rowguid], [strMaintenanceFlag], [strReservedAttribute]) VALUES (10081283, 19000080, 'sflVAPA_GroupingDate', 'Veterinary Aggregate Sanitary Actions – Time Interval for grouping', 226, 19, 1, 0, NEWID(), NULL, NULL);  -- using 10080693 as an example
INSERT INTO [dbo].[trtBaseReference] ([idfsBaseReference], [idfsReferenceType], [strBaseReferenceCode], [strDefault], [intHACode], [intOrder], [blnSystem], [intRowStatus], [rowguid], [strMaintenanceFlag], [strReservedAttribute]) VALUES (10081284, 19000080, 'sflVAPA_EndDate', 'Veterinary Aggregate Sanitary Actions – Time Interval End Date', 226, 20, 1, 0, NEWID(), NULL, NULL);  -- using 10080692 as an example
INSERT INTO [dbo].[trtBaseReference] ([idfsBaseReference], [idfsReferenceType], [strBaseReferenceCode], [strDefault], [intHACode], [intOrder], [blnSystem], [intRowStatus], [rowguid], [strMaintenanceFlag], [strReservedAttribute]) VALUES (10081285, 19000080, 'sflVAPA_StartDate', 'Veterinary Aggregate Sanitary Actions – Time Interval Start Date', 226, 21, 1, 0, NEWID(), NULL, NULL);  -- using 10080691 as an example
INSERT INTO [dbo].[trtBaseReference] ([idfsBaseReference], [idfsReferenceType], [strBaseReferenceCode], [strDefault], [intHACode], [intOrder], [blnSystem], [intRowStatus], [rowguid], [strMaintenanceFlag], [strReservedAttribute]) VALUES (10081286, 19000080, 'sflVAPA_TimeIntervalUnit', 'Veterinary Aggregate Sanitary Actions – Time Interval Unit', 226, 22, 1, 0, NEWID(), NULL, NULL);  -- using 10080709 as an example
INSERT INTO [dbo].[trtBaseReference] ([idfsBaseReference], [idfsReferenceType], [strBaseReferenceCode], [strDefault], [intHACode], [intOrder], [blnSystem], [intRowStatus], [rowguid], [strMaintenanceFlag], [strReservedAttribute]) VALUES (10081287, 19000080, 'sflVAPA_Total', 'Veterinary Aggregate Sanitary Actions – Total', 226, 23, 1, 0, NEWID(), NULL, NULL);  -- using 10080711 as an example
INSERT INTO [dbo].[trtBaseReference] ([idfsBaseReference], [idfsReferenceType], [strBaseReferenceCode], [strDefault], [intHACode], [intOrder], [blnSystem], [intRowStatus], [rowguid], [strMaintenanceFlag], [strReservedAttribute]) VALUES (10081288, 19000080, 'sflVAPA_Settlement', 'Veterinary Aggregate Sanitary Actions – Settlement', 226, 24, 1, 0, NEWID(), NULL, NULL);  -- using 10080191 as an example

INSERT INTO [dbo].[trtStringNameTranslation] ([idfsBaseReference], [idfsLanguage], [strTextString], [intRowStatus], [rowguid], [strMaintenanceFlag], [strReservedAttribute]) VALUES (10081264, 10049003, N'Veterinary Aggregate Sanitary Actions – Administrative Level', 0, NEWID(), NULL, NULL);
INSERT INTO [dbo].[trtStringNameTranslation] ([idfsBaseReference], [idfsLanguage], [strTextString], [intRowStatus], [rowguid], [strMaintenanceFlag], [strReservedAttribute]) VALUES (10081264, 10049004, N'ვეტერინარული აგრეგირებული სანიტარული ქმედებები - ადმინისტრაციული დონე', 0, NEWID(), NULL, NULL);
INSERT INTO [dbo].[trtStringNameTranslation] ([idfsBaseReference], [idfsLanguage], [strTextString], [intRowStatus], [rowguid], [strMaintenanceFlag], [strReservedAttribute]) VALUES (10081264, 10049001, N'Baytarlıq üzrə Qrupşəkilli Sanitariya Tədbirləri - İnzibati səviyyə', 0, NEWID(), NULL, NULL);
INSERT INTO [dbo].[trtStringNameTranslation] ([idfsBaseReference], [idfsLanguage], [strTextString], [intRowStatus], [rowguid], [strMaintenanceFlag], [strReservedAttribute]) VALUES (10081264, 10049011, N'الاجراءات الصحية لمجموعة الامراض البيطرية - المستوى الاداري ', 0, NEWID(), NULL, NULL);

INSERT INTO [dbo].[trtStringNameTranslation] ([idfsBaseReference], [idfsLanguage], [strTextString], [intRowStatus], [rowguid], [strMaintenanceFlag], [strReservedAttribute]) VALUES (10081265, 10049003, N'Veterinary Aggregate Sanitary Actions – Case ID', 0, NEWID(), NULL, NULL);
INSERT INTO [dbo].[trtStringNameTranslation] ([idfsBaseReference], [idfsLanguage], [strTextString], [intRowStatus], [rowguid], [strMaintenanceFlag], [strReservedAttribute]) VALUES (10081265, 10049004, N'ვეტერინარული აგრეგირებული სანიტარული ქმედებები - შემთხვევის ID', 0, NEWID(), NULL, NULL);
INSERT INTO [dbo].[trtStringNameTranslation] ([idfsBaseReference], [idfsLanguage], [strTextString], [intRowStatus], [rowguid], [strMaintenanceFlag], [strReservedAttribute]) VALUES (10081265, 10049001, N'Baytarlıq üzrə Qrupşəkilli Sanitariya Tədbirləri - Hadisənin Q/N-si', 0, NEWID(), NULL, NULL);
INSERT INTO [dbo].[trtStringNameTranslation] ([idfsBaseReference], [idfsLanguage], [strTextString], [intRowStatus], [rowguid], [strMaintenanceFlag], [strReservedAttribute]) VALUES (10081265, 10049011, N'الاجراءات الصحية لمجموعة الامراض البيطرية - معرّف الحالة ', 0, NEWID(), NULL, NULL);

INSERT INTO [dbo].[trtStringNameTranslation] ([idfsBaseReference], [idfsLanguage], [strTextString], [intRowStatus], [rowguid], [strMaintenanceFlag], [strReservedAttribute]) VALUES (10081266, 10049003, N'Veterinary Aggregate Sanitary Actions – Date of Entry', 0, NEWID(), NULL, NULL);
INSERT INTO [dbo].[trtStringNameTranslation] ([idfsBaseReference], [idfsLanguage], [strTextString], [intRowStatus], [rowguid], [strMaintenanceFlag], [strReservedAttribute]) VALUES (10081266, 10049004, N'ვეტერინარული აგრეგირებული სანიტარული ქმედებები - შეყვანის თარიღი', 0, NEWID(), NULL, NULL);
INSERT INTO [dbo].[trtStringNameTranslation] ([idfsBaseReference], [idfsLanguage], [strTextString], [intRowStatus], [rowguid], [strMaintenanceFlag], [strReservedAttribute]) VALUES (10081266, 10049001, N'Baytarlıq üzrə Qrupşəkilli Sanitariya Tədbirləri - Daxil etmə tarixi', 0, NEWID(), NULL, NULL);
INSERT INTO [dbo].[trtStringNameTranslation] ([idfsBaseReference], [idfsLanguage], [strTextString], [intRowStatus], [rowguid], [strMaintenanceFlag], [strReservedAttribute]) VALUES (10081266, 10049011, N'الاجراءات الصحية لمجموعة الامراض البيطرية - تاريخ الدخول ', 0, NEWID(), NULL, NULL);

INSERT INTO [dbo].[trtStringNameTranslation] ([idfsBaseReference], [idfsLanguage], [strTextString], [intRowStatus], [rowguid], [strMaintenanceFlag], [strReservedAttribute]) VALUES (10081267, 10049003, N'Veterinary Aggregate Sanitary Actions – Investigation type', 0, NEWID(), NULL, NULL);
INSERT INTO [dbo].[trtStringNameTranslation] ([idfsBaseReference], [idfsLanguage], [strTextString], [intRowStatus], [rowguid], [strMaintenanceFlag], [strReservedAttribute]) VALUES (10081267, 10049004, N'ვეტერინარული აგრეგირებული სანიტარული ქმედებები - გამოკვლევის ტიპი', 0, NEWID(), NULL, NULL);
INSERT INTO [dbo].[trtStringNameTranslation] ([idfsBaseReference], [idfsLanguage], [strTextString], [intRowStatus], [rowguid], [strMaintenanceFlag], [strReservedAttribute]) VALUES (10081267, 10049001, N'Baytarlıq üzrə Qrupşəkilli Sanitariya Tədbirləri - Tədqiqat növü', 0, NEWID(), NULL, NULL);
INSERT INTO [dbo].[trtStringNameTranslation] ([idfsBaseReference], [idfsLanguage], [strTextString], [intRowStatus], [rowguid], [strMaintenanceFlag], [strReservedAttribute]) VALUES (10081267, 10049011, N'الاجراءات الصحية لمجموعة الامراض البيطرية - نوع البحث ', 0, NEWID(), NULL, NULL);

INSERT INTO [dbo].[trtStringNameTranslation] ([idfsBaseReference], [idfsLanguage], [strTextString], [intRowStatus], [rowguid], [strMaintenanceFlag], [strReservedAttribute]) VALUES (10081268, 10049003, N'Veterinary Aggregate Sanitary Actions – Measure Type', 0, NEWID(), NULL, NULL);
INSERT INTO [dbo].[trtStringNameTranslation] ([idfsBaseReference], [idfsLanguage], [strTextString], [intRowStatus], [rowguid], [strMaintenanceFlag], [strReservedAttribute]) VALUES (10081268, 10049004, N'ვეტერინარული აგრეგირებული სანიტარული ქმედებები - ღონისძიების ტიპი', 0, NEWID(), NULL, NULL);
INSERT INTO [dbo].[trtStringNameTranslation] ([idfsBaseReference], [idfsLanguage], [strTextString], [intRowStatus], [rowguid], [strMaintenanceFlag], [strReservedAttribute]) VALUES (10081268, 10049001, N'Baytarlıq üzrə Qrupşəkilli Sanitariya Tədbirləri - Tədbir növü', 0, NEWID(), NULL, NULL);
INSERT INTO [dbo].[trtStringNameTranslation] ([idfsBaseReference], [idfsLanguage], [strTextString], [intRowStatus], [rowguid], [strMaintenanceFlag], [strReservedAttribute]) VALUES (10081268, 10049011, N'الاجراءات الصحية لمجموعة الامراض البيطرية - طريقة القياس ', 0, NEWID(), NULL, NULL);

INSERT INTO [dbo].[trtStringNameTranslation] ([idfsBaseReference], [idfsLanguage], [strTextString], [intRowStatus], [rowguid], [strMaintenanceFlag], [strReservedAttribute]) VALUES (10081269, 10049003, N'Veterinary Aggregate Sanitary Actions – Measure code', 0, NEWID(), NULL, NULL);
INSERT INTO [dbo].[trtStringNameTranslation] ([idfsBaseReference], [idfsLanguage], [strTextString], [intRowStatus], [rowguid], [strMaintenanceFlag], [strReservedAttribute]) VALUES (10081269, 10049004, N'ვეტერინარული აგრეგირებული სანიტარული ქმედებები - ღონისძიების კოდი', 0, NEWID(), NULL, NULL);
INSERT INTO [dbo].[trtStringNameTranslation] ([idfsBaseReference], [idfsLanguage], [strTextString], [intRowStatus], [rowguid], [strMaintenanceFlag], [strReservedAttribute]) VALUES (10081269, 10049001, N'Baytarlıq üzrə Qrupşəkilli Sanitariya Tədbirləri - Tədbirin kodu', 0, NEWID(), NULL, NULL);
INSERT INTO [dbo].[trtStringNameTranslation] ([idfsBaseReference], [idfsLanguage], [strTextString], [intRowStatus], [rowguid], [strMaintenanceFlag], [strReservedAttribute]) VALUES (10081269, 10049011, N'الاجراءات الصحية لمجموعة الامراض البيطرية - رمز القياس ', 0, NEWID(), NULL, NULL);

INSERT INTO [dbo].[trtStringNameTranslation] ([idfsBaseReference], [idfsLanguage], [strTextString], [intRowStatus], [rowguid], [strMaintenanceFlag], [strReservedAttribute]) VALUES (10081270, 10049003, N'Veterinary Aggregate Sanitary Actions – Entered by Officer', 0, NEWID(), NULL, NULL);
INSERT INTO [dbo].[trtStringNameTranslation] ([idfsBaseReference], [idfsLanguage], [strTextString], [intRowStatus], [rowguid], [strMaintenanceFlag], [strReservedAttribute]) VALUES (10081270, 10049004, N'ვეტერინარული აგრეგირებული სანიტარული ქმედებები - შეყვანილია თანამშრომლის მიერ', 0, NEWID(), NULL, NULL);
INSERT INTO [dbo].[trtStringNameTranslation] ([idfsBaseReference], [idfsLanguage], [strTextString], [intRowStatus], [rowguid], [strMaintenanceFlag], [strReservedAttribute]) VALUES (10081270, 10049001, N'Baytarlıq üzrə Qrupşəkilli Sanitariya Tədbirləri - Daxil etdən işçi', 0, NEWID(), NULL, NULL);
INSERT INTO [dbo].[trtStringNameTranslation] ([idfsBaseReference], [idfsLanguage], [strTextString], [intRowStatus], [rowguid], [strMaintenanceFlag], [strReservedAttribute]) VALUES (10081270, 10049011, N'الاجراءات الصحية لمجموعة الامراض البيطرية - أدخلها الموظف ', 0, NEWID(), NULL, NULL);

INSERT INTO [dbo].[trtStringNameTranslation] ([idfsBaseReference], [idfsLanguage], [strTextString], [intRowStatus], [rowguid], [strMaintenanceFlag], [strReservedAttribute]) VALUES (10081271, 10049003, N'Veterinary Aggregate Sanitary Actions – Entered by Organization – Abbreviation', 0, NEWID(), NULL, NULL);
INSERT INTO [dbo].[trtStringNameTranslation] ([idfsBaseReference], [idfsLanguage], [strTextString], [intRowStatus], [rowguid], [strMaintenanceFlag], [strReservedAttribute]) VALUES (10081271, 10049004, N'ვეტერინარული აგრეგირებული სანიტარული ქმედებები - შეყვანილია ორგანიზაციის მიერ - აბრევიაცია', 0, NEWID(), NULL, NULL);
INSERT INTO [dbo].[trtStringNameTranslation] ([idfsBaseReference], [idfsLanguage], [strTextString], [intRowStatus], [rowguid], [strMaintenanceFlag], [strReservedAttribute]) VALUES (10081271, 10049001, N'Baytarlıq üzrə Qrupşəkilli Sanitariya Tədbirləri - Daxil edən təşkilat - Qısa adı', 0, NEWID(), NULL, NULL);
INSERT INTO [dbo].[trtStringNameTranslation] ([idfsBaseReference], [idfsLanguage], [strTextString], [intRowStatus], [rowguid], [strMaintenanceFlag], [strReservedAttribute]) VALUES (10081271, 10049011, N'الاجراءات الصحية لمجموعة الامراض البيطرية - أدخلتها المؤسسة - الاختصار ', 0, NEWID(), NULL, NULL);

INSERT INTO [dbo].[trtStringNameTranslation] ([idfsBaseReference], [idfsLanguage], [strTextString], [intRowStatus], [rowguid], [strMaintenanceFlag], [strReservedAttribute]) VALUES (10081272, 10049003, N'Veterinary Aggregate Sanitary Actions – Entered by Organization – ID', 0, NEWID(), NULL, NULL);
INSERT INTO [dbo].[trtStringNameTranslation] ([idfsBaseReference], [idfsLanguage], [strTextString], [intRowStatus], [rowguid], [strMaintenanceFlag], [strReservedAttribute]) VALUES (10081272, 10049004, N'ვეტერინარული აგრეგირებული სანიტარული ქმედებები - შეყვანილია ორგანიზაციის მიერ - ID', 0, NEWID(), NULL, NULL);
INSERT INTO [dbo].[trtStringNameTranslation] ([idfsBaseReference], [idfsLanguage], [strTextString], [intRowStatus], [rowguid], [strMaintenanceFlag], [strReservedAttribute]) VALUES (10081272, 10049001, N'Baytarlıq üzrə Qrupşəkilli Sanitariya Tədbirləri - Daxil edən təşkilat - Q/N-si', 0, NEWID(), NULL, NULL);
INSERT INTO [dbo].[trtStringNameTranslation] ([idfsBaseReference], [idfsLanguage], [strTextString], [intRowStatus], [rowguid], [strMaintenanceFlag], [strReservedAttribute]) VALUES (10081272, 10049011, N'الاجراءات الصحية لمجموعة الامراض البيطرية - أدخلتها المنظمة - المعرّف ', 0, NEWID(), NULL, NULL);

INSERT INTO [dbo].[trtStringNameTranslation] ([idfsBaseReference], [idfsLanguage], [strTextString], [intRowStatus], [rowguid], [strMaintenanceFlag], [strReservedAttribute]) VALUES (10081273, 10049003, N'Veterinary Aggregate Sanitary Actions – Notification Received by Institution – ID', 0, NEWID(), NULL, NULL);
INSERT INTO [dbo].[trtStringNameTranslation] ([idfsBaseReference], [idfsLanguage], [strTextString], [intRowStatus], [rowguid], [strMaintenanceFlag], [strReservedAttribute]) VALUES (10081273, 10049004, N'ვეტერინარული აგრეგირებული სანიტარული ქმედებები - შეტყობინება მიღებულია დაწესებულების  მიერ - ID', 0, NEWID(), NULL, NULL);
INSERT INTO [dbo].[trtStringNameTranslation] ([idfsBaseReference], [idfsLanguage], [strTextString], [intRowStatus], [rowguid], [strMaintenanceFlag], [strReservedAttribute]) VALUES (10081273, 10049001, N'Baytarlıq üzrə Qrupşəkilli Sanitariya Tədbirləri - Bildirişi qəbul edən müəssisə - Q/N-si', 0, NEWID(), NULL, NULL);
INSERT INTO [dbo].[trtStringNameTranslation] ([idfsBaseReference], [idfsLanguage], [strTextString], [intRowStatus], [rowguid], [strMaintenanceFlag], [strReservedAttribute]) VALUES (10081273, 10049011, N'الاجراءات الصحية لمجموعة الامراض البيطرية - الإخطار الذي تلقته المؤسسة - المعرّف ', 0, NEWID(), NULL, NULL);

INSERT INTO [dbo].[trtStringNameTranslation] ([idfsBaseReference], [idfsLanguage], [strTextString], [intRowStatus], [rowguid], [strMaintenanceFlag], [strReservedAttribute]) VALUES (10081274, 10049003, N'Veterinary Aggregate Sanitary Actions – Notification Received by Institution – Name', 0, NEWID(), NULL, NULL);
INSERT INTO [dbo].[trtStringNameTranslation] ([idfsBaseReference], [idfsLanguage], [strTextString], [intRowStatus], [rowguid], [strMaintenanceFlag], [strReservedAttribute]) VALUES (10081274, 10049004, N'ვეტერინარული აგრეგირებული სანიტარული ქმედებები - შეტყობინება მიღებულია დაწესებულების  მიერ - დასახელება', 0, NEWID(), NULL, NULL);
INSERT INTO [dbo].[trtStringNameTranslation] ([idfsBaseReference], [idfsLanguage], [strTextString], [intRowStatus], [rowguid], [strMaintenanceFlag], [strReservedAttribute]) VALUES (10081274, 10049001, N'Baytarlıq üzrə Qrupşəkilli Sanitariya Tədbirləri - Bildirişi qəbul edən müəssisə - Adı', 0, NEWID(), NULL, NULL);
INSERT INTO [dbo].[trtStringNameTranslation] ([idfsBaseReference], [idfsLanguage], [strTextString], [intRowStatus], [rowguid], [strMaintenanceFlag], [strReservedAttribute]) VALUES (10081274, 10049011, N'الاجراءات الصحية لمجموعة الامراض البيطرية -  الإخطار الذي تلقته المؤسسة - الاسم ', 0, NEWID(), NULL, NULL);

INSERT INTO [dbo].[trtStringNameTranslation] ([idfsBaseReference], [idfsLanguage], [strTextString], [intRowStatus], [rowguid], [strMaintenanceFlag], [strReservedAttribute]) VALUES (10081275, 10049003, N'Veterinary Aggregate Sanitary Actions – Notification Received by Officer', 0, NEWID(), NULL, NULL);
INSERT INTO [dbo].[trtStringNameTranslation] ([idfsBaseReference], [idfsLanguage], [strTextString], [intRowStatus], [rowguid], [strMaintenanceFlag], [strReservedAttribute]) VALUES (10081275, 10049004, N'ვეტერინარული აგრეგირებული სანიტარული ქმედებები - შეტყობინება მიღებულია თანამშრომლის მიერ', 0, NEWID(), NULL, NULL);
INSERT INTO [dbo].[trtStringNameTranslation] ([idfsBaseReference], [idfsLanguage], [strTextString], [intRowStatus], [rowguid], [strMaintenanceFlag], [strReservedAttribute]) VALUES (10081275, 10049001, N'Baytarlıq üzrə Qrupşəkilli Sanitariya Tədbirləri - Bildirişi qəbul edən işçi', 0, NEWID(), NULL, NULL);
INSERT INTO [dbo].[trtStringNameTranslation] ([idfsBaseReference], [idfsLanguage], [strTextString], [intRowStatus], [rowguid], [strMaintenanceFlag], [strReservedAttribute]) VALUES (10081275, 10049011, N'الاجراءات الصحية لمجموعة الامراض البيطرية - الإخطار الذي تلقاه الموظف ', 0, NEWID(), NULL, NULL);

INSERT INTO [dbo].[trtStringNameTranslation] ([idfsBaseReference], [idfsLanguage], [strTextString], [intRowStatus], [rowguid], [strMaintenanceFlag], [strReservedAttribute]) VALUES (10081276, 10049003, N'Veterinary Aggregate Sanitary Actions – Notification Received Date', 0, NEWID(), NULL, NULL);
INSERT INTO [dbo].[trtStringNameTranslation] ([idfsBaseReference], [idfsLanguage], [strTextString], [intRowStatus], [rowguid], [strMaintenanceFlag], [strReservedAttribute]) VALUES (10081276, 10049004, N'ვეტერინარული აგრეგირებული სანიტარული ქმედებები - შეტყობინების მიღების თარიღი', 0, NEWID(), NULL, NULL);
INSERT INTO [dbo].[trtStringNameTranslation] ([idfsBaseReference], [idfsLanguage], [strTextString], [intRowStatus], [rowguid], [strMaintenanceFlag], [strReservedAttribute]) VALUES (10081276, 10049001, N'Baytarlıq üzrə Qrupşəkilli Sanitariya Tədbirləri - Bildirişin qəbul edilmə tarixi', 0, NEWID(), NULL, NULL);
INSERT INTO [dbo].[trtStringNameTranslation] ([idfsBaseReference], [idfsLanguage], [strTextString], [intRowStatus], [rowguid], [strMaintenanceFlag], [strReservedAttribute]) VALUES (10081276, 10049011, N'الاجراءات الصحية لمجموعة الامراض البيطرية - تاريخ الاستلام ', 0, NEWID(), NULL, NULL);

INSERT INTO [dbo].[trtStringNameTranslation] ([idfsBaseReference], [idfsLanguage], [strTextString], [intRowStatus], [rowguid], [strMaintenanceFlag], [strReservedAttribute]) VALUES (10081277, 10049003, N'Veterinary Aggregate Sanitary Actions – Notification Sent by Institution – ID', 0, NEWID(), NULL, NULL);
INSERT INTO [dbo].[trtStringNameTranslation] ([idfsBaseReference], [idfsLanguage], [strTextString], [intRowStatus], [rowguid], [strMaintenanceFlag], [strReservedAttribute]) VALUES (10081277, 10049004, N'ვეტერინარული აგრეგირებული სანიტარული ქმედებები - შეტყობინება გაგზავნილია დაწესებულების მიერ - ID', 0, NEWID(), NULL, NULL);
INSERT INTO [dbo].[trtStringNameTranslation] ([idfsBaseReference], [idfsLanguage], [strTextString], [intRowStatus], [rowguid], [strMaintenanceFlag], [strReservedAttribute]) VALUES (10081277, 10049001, N'Baytarlıq üzrə Qrupşəkilli Sanitariya Tədbirləri - Bildirişi göndərən müəssisə - Q/N-si', 0, NEWID(), NULL, NULL);
INSERT INTO [dbo].[trtStringNameTranslation] ([idfsBaseReference], [idfsLanguage], [strTextString], [intRowStatus], [rowguid], [strMaintenanceFlag], [strReservedAttribute]) VALUES (10081277, 10049011, N'الاجراءات الصحية لمجموعة الامراض البيطرية - الإخطار الذي استلمته المؤسسة - المعرّف ', 0, NEWID(), NULL, NULL);

INSERT INTO [dbo].[trtStringNameTranslation] ([idfsBaseReference], [idfsLanguage], [strTextString], [intRowStatus], [rowguid], [strMaintenanceFlag], [strReservedAttribute]) VALUES (10081278, 10049003, N'Veterinary Aggregate Sanitary Actions – Notification Sent by Institution – Name', 0, NEWID(), NULL, NULL);
INSERT INTO [dbo].[trtStringNameTranslation] ([idfsBaseReference], [idfsLanguage], [strTextString], [intRowStatus], [rowguid], [strMaintenanceFlag], [strReservedAttribute]) VALUES (10081278, 10049004, N'ვეტერინარული აგრეგირებული სანიტარული ქმედებები - შეტყობინება გაგზავნილია დაწესებულების მიერ - დასახელება ', 0, NEWID(), NULL, NULL);
INSERT INTO [dbo].[trtStringNameTranslation] ([idfsBaseReference], [idfsLanguage], [strTextString], [intRowStatus], [rowguid], [strMaintenanceFlag], [strReservedAttribute]) VALUES (10081278, 10049001, N'Baytarlıq üzrə Qrupşəkilli Sanitariya Tədbirləri - Bildirişi göndərən müəssisə - Adı', 0, NEWID(), NULL, NULL);
INSERT INTO [dbo].[trtStringNameTranslation] ([idfsBaseReference], [idfsLanguage], [strTextString], [intRowStatus], [rowguid], [strMaintenanceFlag], [strReservedAttribute]) VALUES (10081278, 10049011, N'الاجراءات الصحية لمجموعة الامراض البيطرية -  الإخطار الذي استلمته المؤسسة - الاسم ', 0, NEWID(), NULL, NULL);

INSERT INTO [dbo].[trtStringNameTranslation] ([idfsBaseReference], [idfsLanguage], [strTextString], [intRowStatus], [rowguid], [strMaintenanceFlag], [strReservedAttribute]) VALUES (10081279, 10049003, N'Veterinary Aggregate Sanitary Actions – Notification Sent by Officer', 0, NEWID(), NULL, NULL);
INSERT INTO [dbo].[trtStringNameTranslation] ([idfsBaseReference], [idfsLanguage], [strTextString], [intRowStatus], [rowguid], [strMaintenanceFlag], [strReservedAttribute]) VALUES (10081279, 10049004, N'ვეტერინარული აგრეგირებული სანიტარული ქმედებები - შეტყობინება გაგზავნილია თანამშრომლის მიერ', 0, NEWID(), NULL, NULL);
INSERT INTO [dbo].[trtStringNameTranslation] ([idfsBaseReference], [idfsLanguage], [strTextString], [intRowStatus], [rowguid], [strMaintenanceFlag], [strReservedAttribute]) VALUES (10081279, 10049001, N'Baytarlıq üzrə Qrupşəkilli Sanitariya Tədbirləri - Bildirişi göndərən işçi', 0, NEWID(), NULL, NULL);
INSERT INTO [dbo].[trtStringNameTranslation] ([idfsBaseReference], [idfsLanguage], [strTextString], [intRowStatus], [rowguid], [strMaintenanceFlag], [strReservedAttribute]) VALUES (10081279, 10049011, N'الاجراءات الصحية لمجموعة الامراض البيطرية - الإخطار الذي أرسله الموظف ', 0, NEWID(), NULL, NULL);

INSERT INTO [dbo].[trtStringNameTranslation] ([idfsBaseReference], [idfsLanguage], [strTextString], [intRowStatus], [rowguid], [strMaintenanceFlag], [strReservedAttribute]) VALUES (10081280, 10049003, N'Veterinary Aggregate Sanitary Actions – Notification Sent Date', 0, NEWID(), NULL, NULL);
INSERT INTO [dbo].[trtStringNameTranslation] ([idfsBaseReference], [idfsLanguage], [strTextString], [intRowStatus], [rowguid], [strMaintenanceFlag], [strReservedAttribute]) VALUES (10081280, 10049004, N'ვეტერინარული აგრეგირებული სანიტარული ქმედებები - შეტყობინების გაგზავნის თარიღი', 0, NEWID(), NULL, NULL);
INSERT INTO [dbo].[trtStringNameTranslation] ([idfsBaseReference], [idfsLanguage], [strTextString], [intRowStatus], [rowguid], [strMaintenanceFlag], [strReservedAttribute]) VALUES (10081280, 10049001, N'Baytarlıq üzrə Qrupşəkilli Sanitariya Tədbirləri - Bildirişin göndərilmə tarixi', 0, NEWID(), NULL, NULL);
INSERT INTO [dbo].[trtStringNameTranslation] ([idfsBaseReference], [idfsLanguage], [strTextString], [intRowStatus], [rowguid], [strMaintenanceFlag], [strReservedAttribute]) VALUES (10081280, 10049011, N'الاجراءات الصحية لمجموعة الامراض البيطرية - تاريخ الارسال ', 0, NEWID(), NULL, NULL);

INSERT INTO [dbo].[trtStringNameTranslation] ([idfsBaseReference], [idfsLanguage], [strTextString], [intRowStatus], [rowguid], [strMaintenanceFlag], [strReservedAttribute]) VALUES (10081281, 10049003, N'Veterinary Aggregate Sanitary Actions – Rayon', 0, NEWID(), NULL, NULL);
INSERT INTO [dbo].[trtStringNameTranslation] ([idfsBaseReference], [idfsLanguage], [strTextString], [intRowStatus], [rowguid], [strMaintenanceFlag], [strReservedAttribute]) VALUES (10081281, 10049004, N'ვეტერინარული აგრეგირებული სანიტარული ქმედებები - რაიონი', 0, NEWID(), NULL, NULL);
INSERT INTO [dbo].[trtStringNameTranslation] ([idfsBaseReference], [idfsLanguage], [strTextString], [intRowStatus], [rowguid], [strMaintenanceFlag], [strReservedAttribute]) VALUES (10081281, 10049001, N'Baytarlıq üzrə Qrupşəkilli Sanitariya Tədbirləri - Rayon', 0, NEWID(), NULL, NULL);
INSERT INTO [dbo].[trtStringNameTranslation] ([idfsBaseReference], [idfsLanguage], [strTextString], [intRowStatus], [rowguid], [strMaintenanceFlag], [strReservedAttribute]) VALUES (10081281, 10049011, N'الاجراءات الصحية لمجموعة الامراض البيطرية - رايون ', 0, NEWID(), NULL, NULL);

INSERT INTO [dbo].[trtStringNameTranslation] ([idfsBaseReference], [idfsLanguage], [strTextString], [intRowStatus], [rowguid], [strMaintenanceFlag], [strReservedAttribute]) VALUES (10081282, 10049003, N'Veterinary Aggregate Sanitary Actions – Region', 0, NEWID(), NULL, NULL);
INSERT INTO [dbo].[trtStringNameTranslation] ([idfsBaseReference], [idfsLanguage], [strTextString], [intRowStatus], [rowguid], [strMaintenanceFlag], [strReservedAttribute]) VALUES (10081282, 10049004, N'ვეტერინარული აგრეგირებული სანიტარული ქმედებები - რეგიონი', 0, NEWID(), NULL, NULL);
INSERT INTO [dbo].[trtStringNameTranslation] ([idfsBaseReference], [idfsLanguage], [strTextString], [intRowStatus], [rowguid], [strMaintenanceFlag], [strReservedAttribute]) VALUES (10081282, 10049001, N'Baytarlıq üzrə Qrupşəkilli Sanitariya Tədbirləri - Region', 0, NEWID(), NULL, NULL);
INSERT INTO [dbo].[trtStringNameTranslation] ([idfsBaseReference], [idfsLanguage], [strTextString], [intRowStatus], [rowguid], [strMaintenanceFlag], [strReservedAttribute]) VALUES (10081282, 10049011, N'الاجراءات الصحية لمجموعة الامراض البيطرية - المنطقة ', 0, NEWID(), NULL, NULL);

INSERT INTO [dbo].[trtStringNameTranslation] ([idfsBaseReference], [idfsLanguage], [strTextString], [intRowStatus], [rowguid], [strMaintenanceFlag], [strReservedAttribute]) VALUES (10081283, 10049003, N'Veterinary Aggregate Sanitary Actions – Time Interval for grouping', 0, NEWID(), NULL, NULL);
INSERT INTO [dbo].[trtStringNameTranslation] ([idfsBaseReference], [idfsLanguage], [strTextString], [intRowStatus], [rowguid], [strMaintenanceFlag], [strReservedAttribute]) VALUES (10081283, 10049004, N'ვეტერინარული აგრეგირებული სანიტარული ქმედებები - დაჯგუფების დროის შუალედი', 0, NEWID(), NULL, NULL);
INSERT INTO [dbo].[trtStringNameTranslation] ([idfsBaseReference], [idfsLanguage], [strTextString], [intRowStatus], [rowguid], [strMaintenanceFlag], [strReservedAttribute]) VALUES (10081283, 10049001, N'Baytarlıq üzrə Qrupşəkilli Sanitariya Tədbirləri - Qruplaşdırma üçün vaxt müddəti', 0, NEWID(), NULL, NULL);
INSERT INTO [dbo].[trtStringNameTranslation] ([idfsBaseReference], [idfsLanguage], [strTextString], [intRowStatus], [rowguid], [strMaintenanceFlag], [strReservedAttribute]) VALUES (10081283, 10049011, N'الاجراءات الصحية لمجموعة الامراض البيطرية - الفاصل الزمني للمجموعة ', 0, NEWID(), NULL, NULL);

INSERT INTO [dbo].[trtStringNameTranslation] ([idfsBaseReference], [idfsLanguage], [strTextString], [intRowStatus], [rowguid], [strMaintenanceFlag], [strReservedAttribute]) VALUES (10081284, 10049003, N'Veterinary Aggregate Sanitary Actions – Time Interval End Date', 0, NEWID(), NULL, NULL);
INSERT INTO [dbo].[trtStringNameTranslation] ([idfsBaseReference], [idfsLanguage], [strTextString], [intRowStatus], [rowguid], [strMaintenanceFlag], [strReservedAttribute]) VALUES (10081284, 10049004, N'ვეტერინარული აგრეგირებული სანიტარული ქმედებები - დროის შუალედის დასრულების თარიღი', 0, NEWID(), NULL, NULL);
INSERT INTO [dbo].[trtStringNameTranslation] ([idfsBaseReference], [idfsLanguage], [strTextString], [intRowStatus], [rowguid], [strMaintenanceFlag], [strReservedAttribute]) VALUES (10081284, 10049001, N'Baytarlıq üzrə Qrupşəkilli Sanitariya Tədbirləri - Vaxt müddətinin bitmə tarixi', 0, NEWID(), NULL, NULL);
INSERT INTO [dbo].[trtStringNameTranslation] ([idfsBaseReference], [idfsLanguage], [strTextString], [intRowStatus], [rowguid], [strMaintenanceFlag], [strReservedAttribute]) VALUES (10081284, 10049011, N'الاجراءات الصحية لمجموعة الامراض البيطرية - تاريخ انتهاء الفاصل الزمني ', 0, NEWID(), NULL, NULL);

INSERT INTO [dbo].[trtStringNameTranslation] ([idfsBaseReference], [idfsLanguage], [strTextString], [intRowStatus], [rowguid], [strMaintenanceFlag], [strReservedAttribute]) VALUES (10081285, 10049003, N'Veterinary Aggregate Sanitary Actions – Time Interval Start Date', 0, NEWID(), NULL, NULL);
INSERT INTO [dbo].[trtStringNameTranslation] ([idfsBaseReference], [idfsLanguage], [strTextString], [intRowStatus], [rowguid], [strMaintenanceFlag], [strReservedAttribute]) VALUES (10081285, 10049004, N'ვეტერინარული აგრეგირებული სანიტარული ქმედებები - დროის შუალედის დაწყების თარიღი', 0, NEWID(), NULL, NULL);
INSERT INTO [dbo].[trtStringNameTranslation] ([idfsBaseReference], [idfsLanguage], [strTextString], [intRowStatus], [rowguid], [strMaintenanceFlag], [strReservedAttribute]) VALUES (10081285, 10049001, N'Baytarlıq üzrə Qrupşəkilli Sanitariya Tədbirləri - Vaxt müddətinin başlanma tarixi', 0, NEWID(), NULL, NULL);
INSERT INTO [dbo].[trtStringNameTranslation] ([idfsBaseReference], [idfsLanguage], [strTextString], [intRowStatus], [rowguid], [strMaintenanceFlag], [strReservedAttribute]) VALUES (10081285, 10049011, N'الاجراءات الصحية لمجموعة الامراض البيطرية - تاريخ بدء الفاصل الزمني ', 0, NEWID(), NULL, NULL);

INSERT INTO [dbo].[trtStringNameTranslation] ([idfsBaseReference], [idfsLanguage], [strTextString], [intRowStatus], [rowguid], [strMaintenanceFlag], [strReservedAttribute]) VALUES (10081286, 10049003, N'Veterinary Aggregate Sanitary Actions – Time Interval Unit', 0, NEWID(), NULL, NULL);
INSERT INTO [dbo].[trtStringNameTranslation] ([idfsBaseReference], [idfsLanguage], [strTextString], [intRowStatus], [rowguid], [strMaintenanceFlag], [strReservedAttribute]) VALUES (10081286, 10049004, N'ვეტერინარული აგრეგირებული სანიტარული ქმედებები - დროის შუალედის ერთეული', 0, NEWID(), NULL, NULL);
INSERT INTO [dbo].[trtStringNameTranslation] ([idfsBaseReference], [idfsLanguage], [strTextString], [intRowStatus], [rowguid], [strMaintenanceFlag], [strReservedAttribute]) VALUES (10081286, 10049001, N'Baytarlıq üzrə Qrupşəkilli Sanitariya Tədbirləri - Vaxt müddəti vahidi', 0, NEWID(), NULL, NULL);
INSERT INTO [dbo].[trtStringNameTranslation] ([idfsBaseReference], [idfsLanguage], [strTextString], [intRowStatus], [rowguid], [strMaintenanceFlag], [strReservedAttribute]) VALUES (10081286, 10049011, N'الاجراءات الصحية لمجموعة الامراض البيطرية - وحدة الفاصل الزمني ', 0, NEWID(), NULL, NULL);

INSERT INTO [dbo].[trtStringNameTranslation] ([idfsBaseReference], [idfsLanguage], [strTextString], [intRowStatus], [rowguid], [strMaintenanceFlag], [strReservedAttribute]) VALUES (10081287, 10049003, N'Veterinary Aggregate Sanitary Actions – Total', 0, NEWID(), NULL, NULL);
INSERT INTO [dbo].[trtStringNameTranslation] ([idfsBaseReference], [idfsLanguage], [strTextString], [intRowStatus], [rowguid], [strMaintenanceFlag], [strReservedAttribute]) VALUES (10081287, 10049004, N'ვეტერინარული აგრეგირებული სანიტარული ქმედებები - საერთო', 0, NEWID(), NULL, NULL);
INSERT INTO [dbo].[trtStringNameTranslation] ([idfsBaseReference], [idfsLanguage], [strTextString], [intRowStatus], [rowguid], [strMaintenanceFlag], [strReservedAttribute]) VALUES (10081287, 10049001, N'Baytarlıq üzrə Qrupşəkilli Sanitariya Tədbirləri - Cəmi', 0, NEWID(), NULL, NULL);
INSERT INTO [dbo].[trtStringNameTranslation] ([idfsBaseReference], [idfsLanguage], [strTextString], [intRowStatus], [rowguid], [strMaintenanceFlag], [strReservedAttribute]) VALUES (10081287, 10049011, N'الاجراءات الصحية لمجموعة الامراض البيطرية - المجموع ', 0, NEWID(), NULL, NULL);

INSERT INTO [dbo].[trtStringNameTranslation] ([idfsBaseReference], [idfsLanguage], [strTextString], [intRowStatus], [rowguid], [strMaintenanceFlag], [strReservedAttribute]) VALUES (10081288, 10049003, N'Veterinary Aggregate Sanitary Actions – Settlement', 0, NEWID(), NULL, NULL);
INSERT INTO [dbo].[trtStringNameTranslation] ([idfsBaseReference], [idfsLanguage], [strTextString], [intRowStatus], [rowguid], [strMaintenanceFlag], [strReservedAttribute]) VALUES (10081288, 10049004, N'ვეტერინარული აგრეგირებული სანიტარული ქმედებები - დასახლება', 0, NEWID(), NULL, NULL);
INSERT INTO [dbo].[trtStringNameTranslation] ([idfsBaseReference], [idfsLanguage], [strTextString], [intRowStatus], [rowguid], [strMaintenanceFlag], [strReservedAttribute]) VALUES (10081288, 10049001, N'Baytarlıq üzrə Qrupşəkilli Sanitariya Tədbirləri - Yaşayış məntəqəsi', 0, NEWID(), NULL, NULL);
INSERT INTO [dbo].[trtStringNameTranslation] ([idfsBaseReference], [idfsLanguage], [strTextString], [intRowStatus], [rowguid], [strMaintenanceFlag], [strReservedAttribute]) VALUES (10081288, 10049011, N'الاجراءات الصحية لمجموعة الامراض البيطرية - الاقامة ', 0, NEWID(), NULL, NULL);

INSERT INTO [dbo].[tasSearchField] ([idfsSearchField], [idfsSearchFieldType], [idfsSearchObject], [idfsReferenceType], [idfsGISReferenceType], [strSearchFieldAlias], [strLookupTable], [intMapDisplayOrder], [intIncidenceDisplayOrder], [blnGeoLocationString], [strCalculatedFieldText], [rowguid], [intRowStatus], [idfsDefaultAggregateFunction], [blnShortAddressString], [strLookupFunction], [strLookupFunctionIdField], [strLookupFunctionNameField], [strLookupAttribute], [blnAllowMissedReferenceValues], [strReservedAttribute]) VALUES (10081264, 10081007, 10082073, 19000089, NULL, 'sflVAPA_AdministrativeLevel', 'rftStatisticAreaType', NULL, NULL, 0, NULL, NEWID(), 0, 10004003, 0, NULL, NULL, NULL, 'name', 1, NULL);
INSERT INTO [dbo].[tasSearchField] ([idfsSearchField], [idfsSearchFieldType], [idfsSearchObject], [idfsReferenceType], [idfsGISReferenceType], [strSearchFieldAlias], [strLookupTable], [intMapDisplayOrder], [intIncidenceDisplayOrder], [blnGeoLocationString], [strCalculatedFieldText], [rowguid], [intRowStatus], [idfsDefaultAggregateFunction], [blnShortAddressString], [strLookupFunction], [strLookupFunctionIdField], [strLookupFunctionNameField], [strLookupAttribute], [blnAllowMissedReferenceValues], [strReservedAttribute]) VALUES (10081265, 10081007, 10082073, NULL, NULL, 'sflVAPA_CaseID', NULL, NULL, NULL, 0, NULL, NEWID(), 0, 10004020, 0, NULL, NULL, NULL, NULL, 0, NULL);
INSERT INTO [dbo].[tasSearchField] ([idfsSearchField], [idfsSearchFieldType], [idfsSearchObject], [idfsReferenceType], [idfsGISReferenceType], [strSearchFieldAlias], [strLookupTable], [intMapDisplayOrder], [intIncidenceDisplayOrder], [blnGeoLocationString], [strCalculatedFieldText], [rowguid], [intRowStatus], [idfsDefaultAggregateFunction], [blnShortAddressString], [strLookupFunction], [strLookupFunctionIdField], [strLookupFunctionNameField], [strLookupAttribute], [blnAllowMissedReferenceValues], [strReservedAttribute]) VALUES (10081266, 10081002, 10082073, NULL, NULL, 'sflVAPA_DateOfEntry', NULL, NULL, NULL, 0, NULL, NEWID(), 0, 10004003, 0, NULL, NULL, NULL, NULL, 1, NULL);
INSERT INTO [dbo].[tasSearchField] ([idfsSearchField], [idfsSearchFieldType], [idfsSearchObject], [idfsReferenceType], [idfsGISReferenceType], [strSearchFieldAlias], [strLookupTable], [intMapDisplayOrder], [intIncidenceDisplayOrder], [blnGeoLocationString], [strCalculatedFieldText], [rowguid], [intRowStatus], [idfsDefaultAggregateFunction], [blnShortAddressString], [strLookupFunction], [strLookupFunctionIdField], [strLookupFunctionNameField], [strLookupAttribute], [blnAllowMissedReferenceValues], [strReservedAttribute]) VALUES (10081267, 10081007, 10082073, 19000144, NULL, 'sflVAPA_InvestigationType', 'rftCaseReportType', NULL, NULL, 0, NULL, NEWID(), 0, 10004003, 0, NULL, NULL, NULL, 'name', 1, NULL);
INSERT INTO [dbo].[tasSearchField] ([idfsSearchField], [idfsSearchFieldType], [idfsSearchObject], [idfsReferenceType], [idfsGISReferenceType], [strSearchFieldAlias], [strLookupTable], [intMapDisplayOrder], [intIncidenceDisplayOrder], [blnGeoLocationString], [strCalculatedFieldText], [rowguid], [intRowStatus], [idfsDefaultAggregateFunction], [blnShortAddressString], [strLookupFunction], [strLookupFunctionIdField], [strLookupFunctionNameField], [strLookupAttribute], [blnAllowMissedReferenceValues], [strReservedAttribute]) VALUES (10081268, 10081007, 10082073, 19000160, NULL, 'sflVAPA_MethodOfMeasurement', 'rftBssMethodOfMeasurement', NULL, NULL, 0, NULL, NEWID(), 0, 10004003, 0, NULL, NULL, NULL, 'name', 1, NULL);
INSERT INTO [dbo].[tasSearchField] ([idfsSearchField], [idfsSearchFieldType], [idfsSearchObject], [idfsReferenceType], [idfsGISReferenceType], [strSearchFieldAlias], [strLookupTable], [intMapDisplayOrder], [intIncidenceDisplayOrder], [blnGeoLocationString], [strCalculatedFieldText], [rowguid], [intRowStatus], [idfsDefaultAggregateFunction], [blnShortAddressString], [strLookupFunction], [strLookupFunctionIdField], [strLookupFunctionNameField], [strLookupAttribute], [blnAllowMissedReferenceValues], [strReservedAttribute]) VALUES (10081269, 10081007, 10082073, NULL, NULL, 'sflVAPA_MeasureCode', NULL, NULL, NULL, 0, NULL, NEWID(), 0, 10004003, 0, NULL, NULL, NULL, NULL, 0, NULL);
INSERT INTO [dbo].[tasSearchField] ([idfsSearchField], [idfsSearchFieldType], [idfsSearchObject], [idfsReferenceType], [idfsGISReferenceType], [strSearchFieldAlias], [strLookupTable], [intMapDisplayOrder], [intIncidenceDisplayOrder], [blnGeoLocationString], [strCalculatedFieldText], [rowguid], [intRowStatus], [idfsDefaultAggregateFunction], [blnShortAddressString], [strLookupFunction], [strLookupFunctionIdField], [strLookupFunctionNameField], [strLookupAttribute], [blnAllowMissedReferenceValues], [strReservedAttribute]) VALUES (10081270, 10081007, 10082073, NULL, NULL, 'sflVAPA_EnteredByPerson', NULL, NULL, NULL, NULL, NULL, NEWID(), 0, 10004003, 0, NULL, NULL, NULL, NULL, 0, NULL);
INSERT INTO [dbo].[tasSearchField] ([idfsSearchField], [idfsSearchFieldType], [idfsSearchObject], [idfsReferenceType], [idfsGISReferenceType], [strSearchFieldAlias], [strLookupTable], [intMapDisplayOrder], [intIncidenceDisplayOrder], [blnGeoLocationString], [strCalculatedFieldText], [rowguid], [intRowStatus], [idfsDefaultAggregateFunction], [blnShortAddressString], [strLookupFunction], [strLookupFunctionIdField], [strLookupFunctionNameField], [strLookupAttribute], [blnAllowMissedReferenceValues], [strReservedAttribute]) VALUES (10081271, 10081007, 10082073, 19000045, NULL, 'sflVAPA_SiteID', 'Organization', NULL, NULL, 0, NULL, NEWID(), 0, 10004003, 0, NULL, NULL, NULL, 'name', 1, NULL);
INSERT INTO [dbo].[tasSearchField] ([idfsSearchField], [idfsSearchFieldType], [idfsSearchObject], [idfsReferenceType], [idfsGISReferenceType], [strSearchFieldAlias], [strLookupTable], [intMapDisplayOrder], [intIncidenceDisplayOrder], [blnGeoLocationString], [strCalculatedFieldText], [rowguid], [intRowStatus], [idfsDefaultAggregateFunction], [blnShortAddressString], [strLookupFunction], [strLookupFunctionIdField], [strLookupFunctionNameField], [strLookupAttribute], [blnAllowMissedReferenceValues], [strReservedAttribute]) VALUES (10081272, 10081007, 10082073, NULL, NULL, 'sflVAPA_EnteredByOrganizationID', NULL, NULL, NULL, 0, NULL, NEWID(), 0, 10004003, 0, NULL, NULL, NULL, NULL, 0, NULL);
INSERT INTO [dbo].[tasSearchField] ([idfsSearchField], [idfsSearchFieldType], [idfsSearchObject], [idfsReferenceType], [idfsGISReferenceType], [strSearchFieldAlias], [strLookupTable], [intMapDisplayOrder], [intIncidenceDisplayOrder], [blnGeoLocationString], [strCalculatedFieldText], [rowguid], [intRowStatus], [idfsDefaultAggregateFunction], [blnShortAddressString], [strLookupFunction], [strLookupFunctionIdField], [strLookupFunctionNameField], [strLookupAttribute], [blnAllowMissedReferenceValues], [strReservedAttribute]) VALUES (10081273, 10081007, 10082073, NULL, NULL, 'sflVAPA_ReceiveByInstitutionID', NULL, NULL, NULL, 0, NULL, NEWID(), 0, 10004003, 0, NULL, NULL, NULL, NULL, 0, NULL);
INSERT INTO [dbo].[tasSearchField] ([idfsSearchField], [idfsSearchFieldType], [idfsSearchObject], [idfsReferenceType], [idfsGISReferenceType], [strSearchFieldAlias], [strLookupTable], [intMapDisplayOrder], [intIncidenceDisplayOrder], [blnGeoLocationString], [strCalculatedFieldText], [rowguid], [intRowStatus], [idfsDefaultAggregateFunction], [blnShortAddressString], [strLookupFunction], [strLookupFunctionIdField], [strLookupFunctionNameField], [strLookupAttribute], [blnAllowMissedReferenceValues], [strReservedAttribute]) VALUES (10081274, 10081007, 10082073, 19000046, NULL, 'sflVAPA_ReceivedByInst', 'Organization', NULL, NULL, 0, NULL, NEWID(), 0, 10004003, 0, NULL, NULL, NULL, 'FullName', 1, NULL);
INSERT INTO [dbo].[tasSearchField] ([idfsSearchField], [idfsSearchFieldType], [idfsSearchObject], [idfsReferenceType], [idfsGISReferenceType], [strSearchFieldAlias], [strLookupTable], [intMapDisplayOrder], [intIncidenceDisplayOrder], [blnGeoLocationString], [strCalculatedFieldText], [rowguid], [intRowStatus], [idfsDefaultAggregateFunction], [blnShortAddressString], [strLookupFunction], [strLookupFunctionIdField], [strLookupFunctionNameField], [strLookupAttribute], [blnAllowMissedReferenceValues], [strReservedAttribute]) VALUES (10081275, 10081007, 10082073, NULL, NULL, 'sflVAPA_ReceivedByOfficer', NULL, NULL, NULL, 0, NULL, NEWID(), 0, 10004003, 0, NULL, NULL, NULL, NULL, 0, NULL);
INSERT INTO [dbo].[tasSearchField] ([idfsSearchField], [idfsSearchFieldType], [idfsSearchObject], [idfsReferenceType], [idfsGISReferenceType], [strSearchFieldAlias], [strLookupTable], [intMapDisplayOrder], [intIncidenceDisplayOrder], [blnGeoLocationString], [strCalculatedFieldText], [rowguid], [intRowStatus], [idfsDefaultAggregateFunction], [blnShortAddressString], [strLookupFunction], [strLookupFunctionIdField], [strLookupFunctionNameField], [strLookupAttribute], [blnAllowMissedReferenceValues], [strReservedAttribute]) VALUES (10081276, 10081002, 10082073, NULL, NULL, 'sflVAPA_NotificationReceivDate', NULL, NULL, NULL, 0, NULL, NEWID(), 0, 10004003, 0, NULL, NULL, NULL, NULL, 1, NULL);
INSERT INTO [dbo].[tasSearchField] ([idfsSearchField], [idfsSearchFieldType], [idfsSearchObject], [idfsReferenceType], [idfsGISReferenceType], [strSearchFieldAlias], [strLookupTable], [intMapDisplayOrder], [intIncidenceDisplayOrder], [blnGeoLocationString], [strCalculatedFieldText], [rowguid], [intRowStatus], [idfsDefaultAggregateFunction], [blnShortAddressString], [strLookupFunction], [strLookupFunctionIdField], [strLookupFunctionNameField], [strLookupAttribute], [blnAllowMissedReferenceValues], [strReservedAttribute]) VALUES (10081277, 10081007, 10082073, NULL, NULL, 'sflVAPA_SentByInstitutionID', NULL, NULL, NULL, 0, NULL, NEWID(), 0, 10004003, 0, NULL, NULL, NULL, NULL, 0, NULL);
INSERT INTO [dbo].[tasSearchField] ([idfsSearchField], [idfsSearchFieldType], [idfsSearchObject], [idfsReferenceType], [idfsGISReferenceType], [strSearchFieldAlias], [strLookupTable], [intMapDisplayOrder], [intIncidenceDisplayOrder], [blnGeoLocationString], [strCalculatedFieldText], [rowguid], [intRowStatus], [idfsDefaultAggregateFunction], [blnShortAddressString], [strLookupFunction], [strLookupFunctionIdField], [strLookupFunctionNameField], [strLookupAttribute], [blnAllowMissedReferenceValues], [strReservedAttribute]) VALUES (10081278, 10081007, 10082073, 19000046, NULL, 'sflVAPA_SentByInstitution', 'Organization', NULL, NULL, 0, NULL, NEWID(), 0, 10004003, 0, NULL, NULL, NULL, 'FullName', 1, NULL);
INSERT INTO [dbo].[tasSearchField] ([idfsSearchField], [idfsSearchFieldType], [idfsSearchObject], [idfsReferenceType], [idfsGISReferenceType], [strSearchFieldAlias], [strLookupTable], [intMapDisplayOrder], [intIncidenceDisplayOrder], [blnGeoLocationString], [strCalculatedFieldText], [rowguid], [intRowStatus], [idfsDefaultAggregateFunction], [blnShortAddressString], [strLookupFunction], [strLookupFunctionIdField], [strLookupFunctionNameField], [strLookupAttribute], [blnAllowMissedReferenceValues], [strReservedAttribute]) VALUES (10081279, 10081007, 10082073, NULL, NULL, 'sflVAPA_SentByOfficer', NULL, NULL, NULL, 0, NULL, NEWID(), 0, 10004003, 0, NULL, NULL, NULL, NULL, 0, NULL);
INSERT INTO [dbo].[tasSearchField] ([idfsSearchField], [idfsSearchFieldType], [idfsSearchObject], [idfsReferenceType], [idfsGISReferenceType], [strSearchFieldAlias], [strLookupTable], [intMapDisplayOrder], [intIncidenceDisplayOrder], [blnGeoLocationString], [strCalculatedFieldText], [rowguid], [intRowStatus], [idfsDefaultAggregateFunction], [blnShortAddressString], [strLookupFunction], [strLookupFunctionIdField], [strLookupFunctionNameField], [strLookupAttribute], [blnAllowMissedReferenceValues], [strReservedAttribute]) VALUES (10081280, 10081002, 10082073, NULL, NULL, 'sflVAPA_NotificationSentDate', NULL, NULL, NULL, 0, NULL, NEWID(), 0, 10004003, 0, NULL, NULL, NULL, NULL, 1, NULL);
INSERT INTO [dbo].[tasSearchField] ([idfsSearchField], [idfsSearchFieldType], [idfsSearchObject], [idfsReferenceType], [idfsGISReferenceType], [strSearchFieldAlias], [strLookupTable], [intMapDisplayOrder], [intIncidenceDisplayOrder], [blnGeoLocationString], [strCalculatedFieldText], [rowguid], [intRowStatus], [idfsDefaultAggregateFunction], [blnShortAddressString], [strLookupFunction], [strLookupFunctionIdField], [strLookupFunctionNameField], [strLookupAttribute], [blnAllowMissedReferenceValues], [strReservedAttribute]) VALUES (10081281, 10081007, 10082073, NULL, 19000002, 'sflVAPA_Rayon', 'Rayon', 110, NULL, NULL, NULL, NEWID(), 0, 10004003, 0, NULL, NULL, NULL, 'strRayonExtendedName', 1, NULL);
INSERT INTO [dbo].[tasSearchField] ([idfsSearchField], [idfsSearchFieldType], [idfsSearchObject], [idfsReferenceType], [idfsGISReferenceType], [strSearchFieldAlias], [strLookupTable], [intMapDisplayOrder], [intIncidenceDisplayOrder], [blnGeoLocationString], [strCalculatedFieldText], [rowguid], [intRowStatus], [idfsDefaultAggregateFunction], [blnShortAddressString], [strLookupFunction], [strLookupFunctionIdField], [strLookupFunctionNameField], [strLookupAttribute], [blnAllowMissedReferenceValues], [strReservedAttribute]) VALUES (10081282, 10081007, 10082073, NULL, 19000003, 'sflVAPA_Region', 'Region', 160, 50, NULL, NULL, NEWID(), 0, 10004003, 0, NULL, NULL, NULL, 'strRegionExtendedName', 1, NULL);
INSERT INTO [dbo].[tasSearchField] ([idfsSearchField], [idfsSearchFieldType], [idfsSearchObject], [idfsReferenceType], [idfsGISReferenceType], [strSearchFieldAlias], [strLookupTable], [intMapDisplayOrder], [intIncidenceDisplayOrder], [blnGeoLocationString], [strCalculatedFieldText], [rowguid], [intRowStatus], [idfsDefaultAggregateFunction], [blnShortAddressString], [strLookupFunction], [strLookupFunctionIdField], [strLookupFunctionNameField], [strLookupAttribute], [blnAllowMissedReferenceValues], [strReservedAttribute]) VALUES (10081283, 10081002, 10082073, NULL, NULL, 'sflVAPA_GroupingDate', NULL, NULL, NULL, 0, NULL, NEWID(), 0, 10004003, 0, NULL, NULL, NULL, NULL, 1, NULL);
INSERT INTO [dbo].[tasSearchField] ([idfsSearchField], [idfsSearchFieldType], [idfsSearchObject], [idfsReferenceType], [idfsGISReferenceType], [strSearchFieldAlias], [strLookupTable], [intMapDisplayOrder], [intIncidenceDisplayOrder], [blnGeoLocationString], [strCalculatedFieldText], [rowguid], [intRowStatus], [idfsDefaultAggregateFunction], [blnShortAddressString], [strLookupFunction], [strLookupFunctionIdField], [strLookupFunctionNameField], [strLookupAttribute], [blnAllowMissedReferenceValues], [strReservedAttribute]) VALUES (10081284, 10081002, 10082073, NULL, NULL, 'sflVAPA_EndDate', NULL, NULL, NULL, 0, NULL, NEWID(), 0, 10004003, 0, NULL, NULL, NULL, NULL, 1, NULL);
INSERT INTO [dbo].[tasSearchField] ([idfsSearchField], [idfsSearchFieldType], [idfsSearchObject], [idfsReferenceType], [idfsGISReferenceType], [strSearchFieldAlias], [strLookupTable], [intMapDisplayOrder], [intIncidenceDisplayOrder], [blnGeoLocationString], [strCalculatedFieldText], [rowguid], [intRowStatus], [idfsDefaultAggregateFunction], [blnShortAddressString], [strLookupFunction], [strLookupFunctionIdField], [strLookupFunctionNameField], [strLookupAttribute], [blnAllowMissedReferenceValues], [strReservedAttribute]) VALUES (10081285, 10081002, 10082073, NULL, NULL, 'sflVAPA_StartDate', NULL, NULL, NULL, 0, NULL, NEWID(), 0, 10004003, 0, NULL, NULL, NULL, NULL, 1, NULL);
INSERT INTO [dbo].[tasSearchField] ([idfsSearchField], [idfsSearchFieldType], [idfsSearchObject], [idfsReferenceType], [idfsGISReferenceType], [strSearchFieldAlias], [strLookupTable], [intMapDisplayOrder], [intIncidenceDisplayOrder], [blnGeoLocationString], [strCalculatedFieldText], [rowguid], [intRowStatus], [idfsDefaultAggregateFunction], [blnShortAddressString], [strLookupFunction], [strLookupFunctionIdField], [strLookupFunctionNameField], [strLookupAttribute], [blnAllowMissedReferenceValues], [strReservedAttribute]) VALUES (10081286, 10081007, 10082073, 19000091, NULL, 'sflVAPA_TimeIntervalUnit', 'rftStatisticPeriodType', NULL, NULL, 0, NULL, NEWID(), 0, 10004003, 0, NULL, NULL, NULL, 'name', 1, NULL);
INSERT INTO [dbo].[tasSearchField] ([idfsSearchField], [idfsSearchFieldType], [idfsSearchObject], [idfsReferenceType], [idfsGISReferenceType], [strSearchFieldAlias], [strLookupTable], [intMapDisplayOrder], [intIncidenceDisplayOrder], [blnGeoLocationString], [strCalculatedFieldText], [rowguid], [intRowStatus], [idfsDefaultAggregateFunction], [blnShortAddressString], [strLookupFunction], [strLookupFunctionIdField], [strLookupFunctionNameField], [strLookupAttribute], [blnAllowMissedReferenceValues], [strReservedAttribute]) VALUES (10081287, 10081006, 10082073, NULL, NULL, 'sflVAPA_Total', NULL, NULL, NULL, 0, NULL, NEWID(), 0, 10004003, 0, NULL, NULL, NULL, NULL, 0, NULL);
INSERT INTO [dbo].[tasSearchField] ([idfsSearchField], [idfsSearchFieldType], [idfsSearchObject], [idfsReferenceType], [idfsGISReferenceType], [strSearchFieldAlias], [strLookupTable], [intMapDisplayOrder], [intIncidenceDisplayOrder], [blnGeoLocationString], [strCalculatedFieldText], [rowguid], [intRowStatus], [idfsDefaultAggregateFunction], [blnShortAddressString], [strLookupFunction], [strLookupFunctionIdField], [strLookupFunctionNameField], [strLookupAttribute], [blnAllowMissedReferenceValues], [strReservedAttribute]) VALUES (10081288, 10081006, 10082073, NULL, 19000004, 'sflVAPA_Settlement', 'Settlement', 50, NULL, NULL, NULL, NEWID(), 0, 10004003, 0, NULL, NULL, NULL, 'strSettlementExtendedName', 1, NULL);

-- Add 'Veterinary Aggregate Sanitary Actions Column' - object
ALTER TABLE dbo.trtBaseReference DISABLE TRIGGER ALL
INSERT INTO [dbo].[trtBaseReference] ([idfsBaseReference], [idfsReferenceType], [strBaseReferenceCode], [strDefault], [intHACode], [intOrder], [blnSystem], [intRowStatus], [rowguid], [strMaintenanceFlag], [strReservedAttribute])
VALUES (10082074, 19000082, NULL, 'Veterinary Aggregate Sanitary Actions Column', 32, 0, 1, 0, NEWID(), NULL, NULL)
GO

INSERT INTO [dbo].[tasSearchObject] ([idfsSearchObject], [idfsFormType], [blnPrimary], [rowguid], [intRowStatus], [blnShowReportType], [strReservedAttribute])
VALUES (10082074, NULL, 0, NEWID(), 0, 0, NULL)
GO

INSERT INTO [dbo].[trtStringNameTranslation] ([idfsBaseReference], [idfsLanguage], [strTextString], [intRowStatus], [rowguid], [strMaintenanceFlag], [strReservedAttribute])
VALUES(10082074, 10049003,N'Veterinary Aggregate Sanitary Actions Column', 0, NEWID(), NULL, NULL)
INSERT INTO [dbo].[trtStringNameTranslation] ([idfsBaseReference], [idfsLanguage], [strTextString], [intRowStatus], [rowguid], [strMaintenanceFlag], [strReservedAttribute])
VALUES(10082074, 10049004,N'ვეტერინარული დაავადების აგრეგირებული სანიტარული ღონისძიებების სვეტი', 0, NEWID(), NULL, NULL)
INSERT INTO [dbo].[trtStringNameTranslation] ([idfsBaseReference], [idfsLanguage], [strTextString], [intRowStatus], [rowguid], [strMaintenanceFlag], [strReservedAttribute])
VALUES(10082074, 10049001,N'Baytarlıq üzrə qrupşəkilli sanitariya tədbirləri sütunu', 0, NEWID(), NULL, NULL)
INSERT INTO [dbo].[trtStringNameTranslation] ([idfsBaseReference], [idfsLanguage], [strTextString], [intRowStatus], [rowguid], [strMaintenanceFlag], [strReservedAttribute])
VALUES(10082074, 10049011,N'عمود الإجراءات الصحية الإجمالية  البيطرية', 0, NEWID(), NULL, NULL)
GO
ALTER TABLE dbo.trtBaseReference ENABLE TRIGGER ALL

-- Add relations - 'Veterinary Aggregate Sanitary Actions Column' child of 'Veterinary Aggregate Sanitary Actions', used idfsParentSearchObject 10082016 as an example. 
INSERT INTO [dbo].[tasSearchObjectToSearchObject] ([idfsRelatedSearchObject], [idfsParentSearchObject], [rowguid], [strSubQueryJoinCondition], [blnUseForSubQuery], [strReservedAttribute])
VALUES(10082074, 10082073, NEWID(), 'v_{6}.[PKField] = v.[PKField] and v_{6}.[PKField_4582900000000] = v.[PKField_4582900000000] and v_{6}.[PKField_4582670000000] is not null', 0, NULL) -- TODO: verify value of [strSubQueryJoinCondition] with Mandar.
GO
ALTER TABLE dbo.trtBaseReference ENABLE TRIGGER ALL

-- 'Veterinary Aggregate Sanitary Actions Column' - fields
INSERT INTO [dbo].[trtBaseReference] ([idfsBaseReference], [idfsReferenceType], [strBaseReferenceCode], [strDefault], [intHACode], [intOrder], [blnSystem], [intRowStatus], [rowguid], [strMaintenanceFlag], [strReservedAttribute]) VALUES (10081289, 19000080, 'sflVASAC_Name', 'Veterinary Aggregate Sanitary Actions Column – Name', 226, 0, 1, 0, NEWID(), NULL, NULL);  -- using 10080712 as an example
INSERT INTO [dbo].[trtBaseReference] ([idfsBaseReference], [idfsReferenceType], [strBaseReferenceCode], [strDefault], [intHACode], [intOrder], [blnSystem], [intRowStatus], [rowguid], [strMaintenanceFlag], [strReservedAttribute]) VALUES (10081290, 19000080, 'sflVASAC_NumericValue', 'Veterinary Aggregate Sanitary Actions Column – Numeric Value', 226, 1, 1, 0, NEWID(), NULL, NULL);  -- using 10080714 as an example
INSERT INTO [dbo].[trtBaseReference] ([idfsBaseReference], [idfsReferenceType], [strBaseReferenceCode], [strDefault], [intHACode], [intOrder], [blnSystem], [intRowStatus], [rowguid], [strMaintenanceFlag], [strReservedAttribute]) VALUES (10081291, 19000080, 'sflVASAC_TextValue', 'Veterinary Aggregate Sanitary Actions Column – Text Value', 226, 2, 1, 0, NEWID(), NULL, NULL);  -- using 10080713 as an example

INSERT INTO [dbo].[trtStringNameTranslation] ([idfsBaseReference], [idfsLanguage], [strTextString], [intRowStatus], [rowguid], [strMaintenanceFlag], [strReservedAttribute]) VALUES (10081289, 10049003, N'Veterinary Aggregate Sanitary Actions Column – Name', 0, NEWID(), NULL, NULL);
INSERT INTO [dbo].[trtStringNameTranslation] ([idfsBaseReference], [idfsLanguage], [strTextString], [intRowStatus], [rowguid], [strMaintenanceFlag], [strReservedAttribute]) VALUES (10081289, 10049004, N'ვეტერინარული აგრეგირებული სანიტარული ქმედებების სვეტი - სახელი', 0, NEWID(), NULL, NULL);
INSERT INTO [dbo].[trtStringNameTranslation] ([idfsBaseReference], [idfsLanguage], [strTextString], [intRowStatus], [rowguid], [strMaintenanceFlag], [strReservedAttribute]) VALUES (10081289, 10049001, N'Baytarlıq üzrə Qrupşəkilli Sanitariya Tədbirləri Sütun - Adı', 0, NEWID(), NULL, NULL);
INSERT INTO [dbo].[trtStringNameTranslation] ([idfsBaseReference], [idfsLanguage], [strTextString], [intRowStatus], [rowguid], [strMaintenanceFlag], [strReservedAttribute]) VALUES (10081289, 10049011, N'عمود الاجراءات الصحية لمجموعة الامراض البيطرية - الاسم ', 0, NEWID(), NULL, NULL);

INSERT INTO [dbo].[trtStringNameTranslation] ([idfsBaseReference], [idfsLanguage], [strTextString], [intRowStatus], [rowguid], [strMaintenanceFlag], [strReservedAttribute]) VALUES (10081290, 10049003, N'Veterinary Aggregate Sanitary Actions Column – Numeric Value', 0, NEWID(), NULL, NULL);
INSERT INTO [dbo].[trtStringNameTranslation] ([idfsBaseReference], [idfsLanguage], [strTextString], [intRowStatus], [rowguid], [strMaintenanceFlag], [strReservedAttribute]) VALUES (10081290, 10049004, N'ვეტერინარული აგრეგირებული სანიტარული ქმედებების სვეტი - რიცხობრივი მნიშვნელობა', 0, NEWID(), NULL, NULL);
INSERT INTO [dbo].[trtStringNameTranslation] ([idfsBaseReference], [idfsLanguage], [strTextString], [intRowStatus], [rowguid], [strMaintenanceFlag], [strReservedAttribute]) VALUES (10081290, 10049001, N'Baytarlıq üzrə Qrupşəkilli Sanitariya Tədbirləri Sütun - Rəqəm dəyəri', 0, NEWID(), NULL, NULL);
INSERT INTO [dbo].[trtStringNameTranslation] ([idfsBaseReference], [idfsLanguage], [strTextString], [intRowStatus], [rowguid], [strMaintenanceFlag], [strReservedAttribute]) VALUES (10081290, 10049011, N'عمود الاجراءات الصحية لمجموعة الامراض البيطرية - القيمة الرقمية ', 0, NEWID(), NULL, NULL);

INSERT INTO [dbo].[trtStringNameTranslation] ([idfsBaseReference], [idfsLanguage], [strTextString], [intRowStatus], [rowguid], [strMaintenanceFlag], [strReservedAttribute]) VALUES (10081291, 10049003, N'Veterinary Aggregate Sanitary Actions Column – Text Value', 0, NEWID(), NULL, NULL);
INSERT INTO [dbo].[trtStringNameTranslation] ([idfsBaseReference], [idfsLanguage], [strTextString], [intRowStatus], [rowguid], [strMaintenanceFlag], [strReservedAttribute]) VALUES (10081291, 10049004, N'ვეტერინარული აგრეგირებული სანიტარული ქმედებების სვეტი - ტექსტის მნიშვნელობა', 0, NEWID(), NULL, NULL);
INSERT INTO [dbo].[trtStringNameTranslation] ([idfsBaseReference], [idfsLanguage], [strTextString], [intRowStatus], [rowguid], [strMaintenanceFlag], [strReservedAttribute]) VALUES (10081291, 10049001, N'Baytarlıq üzrə Qrupşəkilli Sanitariya Tədbirləri Sütun - Mətn dəyəri', 0, NEWID(), NULL, NULL);
INSERT INTO [dbo].[trtStringNameTranslation] ([idfsBaseReference], [idfsLanguage], [strTextString], [intRowStatus], [rowguid], [strMaintenanceFlag], [strReservedAttribute]) VALUES (10081291, 10049011, N'عمود الاجراءات الصحية لمجموعة الامراض البيطرية - القيمة النصية ', 0, NEWID(), NULL, NULL);

INSERT INTO [dbo].[tasSearchField] ([idfsSearchField], [idfsSearchFieldType], [idfsSearchObject], [idfsReferenceType], [idfsGISReferenceType], [strSearchFieldAlias], [strLookupTable], [intMapDisplayOrder], [intIncidenceDisplayOrder], [blnGeoLocationString], [strCalculatedFieldText], [rowguid], [intRowStatus], [idfsDefaultAggregateFunction], [blnShortAddressString], [strLookupFunction], [strLookupFunctionIdField], [strLookupFunctionNameField], [strLookupAttribute], [blnAllowMissedReferenceValues], [strReservedAttribute]) VALUES (10081289, 10081007, 10082074, 19000066, NULL, 'sflVASAC_Name', 'HumanAggregateCaseParameter', NULL, NULL, 0, NULL, NEWID(), 0, 10004003, 0, NULL, NULL, NULL, 'name', 1, NULL);
INSERT INTO [dbo].[tasSearchField] ([idfsSearchField], [idfsSearchFieldType], [idfsSearchObject], [idfsReferenceType], [idfsGISReferenceType], [strSearchFieldAlias], [strLookupTable], [intMapDisplayOrder], [intIncidenceDisplayOrder], [blnGeoLocationString], [strCalculatedFieldText], [rowguid], [intRowStatus], [idfsDefaultAggregateFunction], [blnShortAddressString], [strLookupFunction], [strLookupFunctionIdField], [strLookupFunctionNameField], [strLookupAttribute], [blnAllowMissedReferenceValues], [strReservedAttribute]) VALUES (10081290, 10081004, 10082074, NULL, NULL, 'sflVASAC_NumericValue', NULL, NULL, NULL, 0, NULL, NEWID(), 0, 10004005, 0, NULL, NULL, NULL, NULL, 0, NULL);
INSERT INTO [dbo].[tasSearchField] ([idfsSearchField], [idfsSearchFieldType], [idfsSearchObject], [idfsReferenceType], [idfsGISReferenceType], [strSearchFieldAlias], [strLookupTable], [intMapDisplayOrder], [intIncidenceDisplayOrder], [blnGeoLocationString], [strCalculatedFieldText], [rowguid], [intRowStatus], [idfsDefaultAggregateFunction], [blnShortAddressString], [strLookupFunction], [strLookupFunctionIdField], [strLookupFunctionNameField], [strLookupAttribute], [blnAllowMissedReferenceValues], [strReservedAttribute]) VALUES (10081291, 10081007, 10082074, NULL, NULL, 'sflVASAC_TextValue', NULL, NULL, NULL, 0, NULL, NEWID(), 0, 10004003, 0, NULL, NULL, NULL, NULL, 0, NULL);


--- Add extra fields for 'Human Disease Report'
INSERT INTO [dbo].[trtBaseReference] ([idfsBaseReference], [idfsReferenceType], [strBaseReferenceCode], [strDefault], [intHACode], [intOrder], [blnSystem], [intRowStatus], [rowguid], [strMaintenanceFlag], [strReservedAttribute]) VALUES (10081292, 19000080, 'sflHC_EpiPersonalID', 'Human Disease Report - Epidemiologist Name Personal ID', 2, 0, 1, 0, NEWID(), NULL, NULL);  -- using 10080581 as an example
INSERT INTO [dbo].[trtBaseReference] ([idfsBaseReference], [idfsReferenceType], [strBaseReferenceCode], [strDefault], [intHACode], [intOrder], [blnSystem], [intRowStatus], [rowguid], [strMaintenanceFlag], [strReservedAttribute]) VALUES (10081293, 19000080, 'sflHC_EpiPersonalIDType', 'Human Disease Report - Epidemiologist Name Personal ID Type', 2, 0, 1, 0, NEWID(), NULL, NULL);  -- using 10080580 as an example
INSERT INTO [dbo].[trtBaseReference] ([idfsBaseReference], [idfsReferenceType], [strBaseReferenceCode], [strDefault], [intHACode], [intOrder], [blnSystem], [intRowStatus], [rowguid], [strMaintenanceFlag], [strReservedAttribute]) VALUES (10081294, 19000080, 'sflHC_ReceivedByOfficerID', 'Human Disease Report - Notification Received By Officer Personal ID', 2, 0, 1, 0, NEWID(), NULL, NULL);  -- using xxx as an example
INSERT INTO [dbo].[trtBaseReference] ([idfsBaseReference], [idfsReferenceType], [strBaseReferenceCode], [strDefault], [intHACode], [intOrder], [blnSystem], [intRowStatus], [rowguid], [strMaintenanceFlag], [strReservedAttribute]) VALUES (10081295, 19000080, 'sflHC_ReceivedByOfficerIDType', 'Human Disease Report - Notification Received By Officer Personal ID Type', 2, 0, 1, 0, NEWID(), NULL, NULL);  -- using 10080580 as an example
INSERT INTO [dbo].[trtBaseReference] ([idfsBaseReference], [idfsReferenceType], [strBaseReferenceCode], [strDefault], [intHACode], [intOrder], [blnSystem], [intRowStatus], [rowguid], [strMaintenanceFlag], [strReservedAttribute]) VALUES (10081296, 19000080, 'sflHC_SentByOfficerID', 'Human Disease Report - Notification Sent By Officer Personal ID', 2, 0, 1, 0, NEWID(), NULL, NULL);  -- using 10080581 as an example
INSERT INTO [dbo].[trtBaseReference] ([idfsBaseReference], [idfsReferenceType], [strBaseReferenceCode], [strDefault], [intHACode], [intOrder], [blnSystem], [intRowStatus], [rowguid], [strMaintenanceFlag], [strReservedAttribute]) VALUES (10081297, 19000080, 'sflHC_SentByOfficerIDType', 'Human Disease Report - Notification Sent By Officer Personal ID Type', 2, 0, 1, 0, NEWID(), NULL, NULL);  -- using 10080580 as an example
INSERT INTO [dbo].[trtBaseReference] ([idfsBaseReference], [idfsReferenceType], [strBaseReferenceCode], [strDefault], [intHACode], [intOrder], [blnSystem], [intRowStatus], [rowguid], [strMaintenanceFlag], [strReservedAttribute]) VALUES (10081298, 19000080, 'sflHC_Status', 'Human Disease Report - Sample Status', 2, 0, 1, 1, NEWID(), NULL, NULL);  -- using 10080736 as an example, this field will produce incorrect count. Hidding for now
INSERT INTO [dbo].[trtBaseReference] ([idfsBaseReference], [idfsReferenceType], [strBaseReferenceCode], [strDefault], [intHACode], [intOrder], [blnSystem], [intRowStatus], [rowguid], [strMaintenanceFlag], [strReservedAttribute]) VALUES (10081299, 19000080, 'sflHC_TestedByPerson', 'Human Disease Report - Tested By', 2, 0, 1, 1, NEWID(), NULL, NULL);  -- using 10080434 as an example, this field will produce incorrect count. Hidding for now
INSERT INTO [dbo].[trtBaseReference] ([idfsBaseReference], [idfsReferenceType], [strBaseReferenceCode], [strDefault], [intHACode], [intOrder], [blnSystem], [intRowStatus], [rowguid], [strMaintenanceFlag], [strReservedAttribute]) VALUES (10081300, 19000080, 'sflHC_TestedByInstitution', 'Human Disease Report - Tested By Institution', 2, 0, 1, 1, NEWID(), NULL, NULL);  -- using 10080408 as an example, this field will produce incorrect count. Hidding for now

INSERT INTO [dbo].[trtStringNameTranslation] ([idfsBaseReference], [idfsLanguage], [strTextString], [intRowStatus], [rowguid], [strMaintenanceFlag], [strReservedAttribute]) VALUES (10081292, 10049003, N'Human Disease Report - Epidemiologist Name Personal ID', 0, NEWID(), NULL, NULL);
INSERT INTO [dbo].[trtStringNameTranslation] ([idfsBaseReference], [idfsLanguage], [strTextString], [intRowStatus], [rowguid], [strMaintenanceFlag], [strReservedAttribute]) VALUES (10081292, 10049004, N'ადამიანის დაავადების ანგარიში - ეპიდემიოლოგის სახელი პერსონალური ID', 0, NEWID(), NULL, NULL);
INSERT INTO [dbo].[trtStringNameTranslation] ([idfsBaseReference], [idfsLanguage], [strTextString], [intRowStatus], [rowguid], [strMaintenanceFlag], [strReservedAttribute]) VALUES (10081292, 10049001, N'İnsan Xəstəliyi üzrə Hesabat - Epidemioloqun adı Fərdi İN', 0, NEWID(), NULL, NULL);
INSERT INTO [dbo].[trtStringNameTranslation] ([idfsBaseReference], [idfsLanguage], [strTextString], [intRowStatus], [rowguid], [strMaintenanceFlag], [strReservedAttribute]) VALUES (10081292, 10049011, N'تقرير عن الامراض البشرية - المعرّف الشخصي لإختصاصيّ الوبائيات ', 0, NEWID(), NULL, NULL);

INSERT INTO [dbo].[trtStringNameTranslation] ([idfsBaseReference], [idfsLanguage], [strTextString], [intRowStatus], [rowguid], [strMaintenanceFlag], [strReservedAttribute]) VALUES (10081293, 10049003, N'Human Disease Report - Epidemiologist Name Personal ID Type', 0, NEWID(), NULL, NULL);
INSERT INTO [dbo].[trtStringNameTranslation] ([idfsBaseReference], [idfsLanguage], [strTextString], [intRowStatus], [rowguid], [strMaintenanceFlag], [strReservedAttribute]) VALUES (10081293, 10049004, N'ადამიანის დაავადების ანგარიში - ეპიდემიოლოგის სახელი პერსონალური ID - ის ტიპი', 0, NEWID(), NULL, NULL);
INSERT INTO [dbo].[trtStringNameTranslation] ([idfsBaseReference], [idfsLanguage], [strTextString], [intRowStatus], [rowguid], [strMaintenanceFlag], [strReservedAttribute]) VALUES (10081293, 10049001, N'İnsan Xəstəliyi üzrə Hesabat - Epidemioloqun adı Fərdi İN növü', 0, NEWID(), NULL, NULL);
INSERT INTO [dbo].[trtStringNameTranslation] ([idfsBaseReference], [idfsLanguage], [strTextString], [intRowStatus], [rowguid], [strMaintenanceFlag], [strReservedAttribute]) VALUES (10081293, 10049011, N'تقرير عن الامراض البشرية - نوع المعرّف الشخصي لإختصاصيّ الوبائيات ', 0, NEWID(), NULL, NULL);

INSERT INTO [dbo].[trtStringNameTranslation] ([idfsBaseReference], [idfsLanguage], [strTextString], [intRowStatus], [rowguid], [strMaintenanceFlag], [strReservedAttribute]) VALUES (10081294, 10049003, N'Human Disease Report - Notification Received By Officer Personal ID', 0, NEWID(), NULL, NULL);
INSERT INTO [dbo].[trtStringNameTranslation] ([idfsBaseReference], [idfsLanguage], [strTextString], [intRowStatus], [rowguid], [strMaintenanceFlag], [strReservedAttribute]) VALUES (10081294, 10049004, N'ადამიანის დაავადების ანგარიში - იმ თანამშრომლის პერსონალური  ID, რომელმაც შეტყობინება მიიღო ', 0, NEWID(), NULL, NULL);
INSERT INTO [dbo].[trtStringNameTranslation] ([idfsBaseReference], [idfsLanguage], [strTextString], [intRowStatus], [rowguid], [strMaintenanceFlag], [strReservedAttribute]) VALUES (10081294, 10049001, N'İnsan Xəstəliyi üzrə Hesabat - Bildirişi qəbul edən işçi Fərdi İN', 0, NEWID(), NULL, NULL);
INSERT INTO [dbo].[trtStringNameTranslation] ([idfsBaseReference], [idfsLanguage], [strTextString], [intRowStatus], [rowguid], [strMaintenanceFlag], [strReservedAttribute]) VALUES (10081294, 10049011, N'تقرير عن الامراض البشرية -  تم استلام الإخطار بواسطة المعرّف الشخصي للموظف', 0, NEWID(), NULL, NULL);

INSERT INTO [dbo].[trtStringNameTranslation] ([idfsBaseReference], [idfsLanguage], [strTextString], [intRowStatus], [rowguid], [strMaintenanceFlag], [strReservedAttribute]) VALUES (10081295, 10049003, N'Human Disease Report - Notification Received By Officer Personal ID Type', 0, NEWID(), NULL, NULL);
INSERT INTO [dbo].[trtStringNameTranslation] ([idfsBaseReference], [idfsLanguage], [strTextString], [intRowStatus], [rowguid], [strMaintenanceFlag], [strReservedAttribute]) VALUES (10081295, 10049004, N'ადამიანის დაავადების ანგარიში - იმ თანამშრომლის პერსონალური  ID -ის ტიპი,  რომელმაც შეტყობინება მიიღო ', 0, NEWID(), NULL, NULL);
INSERT INTO [dbo].[trtStringNameTranslation] ([idfsBaseReference], [idfsLanguage], [strTextString], [intRowStatus], [rowguid], [strMaintenanceFlag], [strReservedAttribute]) VALUES (10081295, 10049001, N'İnsan Xəstəliyi üzrə Hesabat - Bildirişi qəbul edən işçi Fərdi İN növü', 0, NEWID(), NULL, NULL);
INSERT INTO [dbo].[trtStringNameTranslation] ([idfsBaseReference], [idfsLanguage], [strTextString], [intRowStatus], [rowguid], [strMaintenanceFlag], [strReservedAttribute]) VALUES (10081295, 10049011, N'تقرير عن الامراض البشرية - نوع المعرّف الشخصي للموظف الذي استلم الإخطار', 0, NEWID(), NULL, NULL);

INSERT INTO [dbo].[trtStringNameTranslation] ([idfsBaseReference], [idfsLanguage], [strTextString], [intRowStatus], [rowguid], [strMaintenanceFlag], [strReservedAttribute]) VALUES (10081296, 10049003, N'Human Disease Report - Notification Sent By Officer Personal ID', 0, NEWID(), NULL, NULL);
INSERT INTO [dbo].[trtStringNameTranslation] ([idfsBaseReference], [idfsLanguage], [strTextString], [intRowStatus], [rowguid], [strMaintenanceFlag], [strReservedAttribute]) VALUES (10081296, 10049004, N'ადამიანის დაავადების ანგარიში - იმ თანამშრომლის პერსონალური  ID, რომელმაც გაგზავნა შეტყობინება', 0, NEWID(), NULL, NULL);
INSERT INTO [dbo].[trtStringNameTranslation] ([idfsBaseReference], [idfsLanguage], [strTextString], [intRowStatus], [rowguid], [strMaintenanceFlag], [strReservedAttribute]) VALUES (10081296, 10049001, N'İnsan Xəstəliyi üzrə Hesabat - Bildirişi göndərən işçi Fərdi İN', 0, NEWID(), NULL, NULL);
INSERT INTO [dbo].[trtStringNameTranslation] ([idfsBaseReference], [idfsLanguage], [strTextString], [intRowStatus], [rowguid], [strMaintenanceFlag], [strReservedAttribute]) VALUES (10081296, 10049011, N'تقرير عن الامراض البشرية - ارسال الإخطار بواسطة المعرّف الشخصي للموظف ', 0, NEWID(), NULL, NULL);

INSERT INTO [dbo].[trtStringNameTranslation] ([idfsBaseReference], [idfsLanguage], [strTextString], [intRowStatus], [rowguid], [strMaintenanceFlag], [strReservedAttribute]) VALUES (10081297, 10049003, N'Human Disease Report - Notification Sent By Officer Personal ID Type', 0, NEWID(), NULL, NULL);
INSERT INTO [dbo].[trtStringNameTranslation] ([idfsBaseReference], [idfsLanguage], [strTextString], [intRowStatus], [rowguid], [strMaintenanceFlag], [strReservedAttribute]) VALUES (10081297, 10049004, N'ადამიანის დაავადების ანგარიში - იმ თანამშრომლის პერსონალური  ID-ის ტიპი,  რომელმაც შეტყობინება გაგზავნა', 0, NEWID(), NULL, NULL);
INSERT INTO [dbo].[trtStringNameTranslation] ([idfsBaseReference], [idfsLanguage], [strTextString], [intRowStatus], [rowguid], [strMaintenanceFlag], [strReservedAttribute]) VALUES (10081297, 10049001, N'İnsan Xəstəliyi üzrə Hesabat - Bildirişi göndərən işçi Fərdi İN növü', 0, NEWID(), NULL, NULL);
INSERT INTO [dbo].[trtStringNameTranslation] ([idfsBaseReference], [idfsLanguage], [strTextString], [intRowStatus], [rowguid], [strMaintenanceFlag], [strReservedAttribute]) VALUES (10081297, 10049011, N'تقرير عن الامراض البشرية -  نوع المعرّف الشخصي للموظف الذي ارسل الإخطار', 0, NEWID(), NULL, NULL);

INSERT INTO [dbo].[trtStringNameTranslation] ([idfsBaseReference], [idfsLanguage], [strTextString], [intRowStatus], [rowguid], [strMaintenanceFlag], [strReservedAttribute]) VALUES (10081298, 10049003, N'Human Disease Report - Sample Status', 0, NEWID(), NULL, NULL);
INSERT INTO [dbo].[trtStringNameTranslation] ([idfsBaseReference], [idfsLanguage], [strTextString], [intRowStatus], [rowguid], [strMaintenanceFlag], [strReservedAttribute]) VALUES (10081298, 10049004, N'ადამიანის დაავადების ანგარიში - ნიმუშის სტატუსი', 0, NEWID(), NULL, NULL);
INSERT INTO [dbo].[trtStringNameTranslation] ([idfsBaseReference], [idfsLanguage], [strTextString], [intRowStatus], [rowguid], [strMaintenanceFlag], [strReservedAttribute]) VALUES (10081298, 10049001, N'İnsan Xəstəliyi üzrə Hesabat - Nümunənin statusu', 0, NEWID(), NULL, NULL);
INSERT INTO [dbo].[trtStringNameTranslation] ([idfsBaseReference], [idfsLanguage], [strTextString], [intRowStatus], [rowguid], [strMaintenanceFlag], [strReservedAttribute]) VALUES (10081298, 10049011, N'تقرير عن الامراض البشرية - حالة العينة ', 0, NEWID(), NULL, NULL);

INSERT INTO [dbo].[trtStringNameTranslation] ([idfsBaseReference], [idfsLanguage], [strTextString], [intRowStatus], [rowguid], [strMaintenanceFlag], [strReservedAttribute]) VALUES (10081299, 10049003, N'Human Disease Report - Tested By', 0, NEWID(), NULL, NULL);
INSERT INTO [dbo].[trtStringNameTranslation] ([idfsBaseReference], [idfsLanguage], [strTextString], [intRowStatus], [rowguid], [strMaintenanceFlag], [strReservedAttribute]) VALUES (10081299, 10049004, N'ადამიანის დაავადების ანგარიში - ვის მიერ არის ტესტირებული', 0, NEWID(), NULL, NULL);
INSERT INTO [dbo].[trtStringNameTranslation] ([idfsBaseReference], [idfsLanguage], [strTextString], [intRowStatus], [rowguid], [strMaintenanceFlag], [strReservedAttribute]) VALUES (10081299, 10049001, N'İnsan Xəstəliyi üzrə Hesabat - Testi aparan', 0, NEWID(), NULL, NULL);
INSERT INTO [dbo].[trtStringNameTranslation] ([idfsBaseReference], [idfsLanguage], [strTextString], [intRowStatus], [rowguid], [strMaintenanceFlag], [strReservedAttribute]) VALUES (10081299, 10049011, N'تقرير عن الامراض البشرية -  تم اختباره ', 0, NEWID(), NULL, NULL);

INSERT INTO [dbo].[trtStringNameTranslation] ([idfsBaseReference], [idfsLanguage], [strTextString], [intRowStatus], [rowguid], [strMaintenanceFlag], [strReservedAttribute]) VALUES (10081300, 10049003, N'Human Disease Report - Tested By Institution', 0, NEWID(), NULL, NULL);
INSERT INTO [dbo].[trtStringNameTranslation] ([idfsBaseReference], [idfsLanguage], [strTextString], [intRowStatus], [rowguid], [strMaintenanceFlag], [strReservedAttribute]) VALUES (10081300, 10049004, N'ადამიანის დაავადების ანგარიში - ტესტირებულია დაწესებულების მიერ', 0, NEWID(), NULL, NULL);
INSERT INTO [dbo].[trtStringNameTranslation] ([idfsBaseReference], [idfsLanguage], [strTextString], [intRowStatus], [rowguid], [strMaintenanceFlag], [strReservedAttribute]) VALUES (10081300, 10049001, N'İnsan Xəstəliyi üzrə Hesabat - Testi aparan müəssisə', 0, NEWID(), NULL, NULL);
INSERT INTO [dbo].[trtStringNameTranslation] ([idfsBaseReference], [idfsLanguage], [strTextString], [intRowStatus], [rowguid], [strMaintenanceFlag], [strReservedAttribute]) VALUES (10081300, 10049011, N'تقرير عن الامراض البشرية -  تم اختباره  من المؤسسة ', 0, NEWID(), NULL, NULL);

INSERT INTO [dbo].[tasSearchField] ([idfsSearchField], [idfsSearchFieldType], [idfsSearchObject], [idfsReferenceType], [idfsGISReferenceType], [strSearchFieldAlias], [strLookupTable], [intMapDisplayOrder], [intIncidenceDisplayOrder], [blnGeoLocationString], [strCalculatedFieldText], [rowguid], [intRowStatus], [idfsDefaultAggregateFunction], [blnShortAddressString], [strLookupFunction], [strLookupFunctionIdField], [strLookupFunctionNameField], [strLookupAttribute], [blnAllowMissedReferenceValues], [strReservedAttribute]) VALUES (10081292, 10081007, 10082012, NULL, NULL, 'sflHC_EpiPersonalID', NULL, NULL, NULL, 0, NULL, NEWID(), 0, 10004003, 0, NULL, NULL, NULL, NULL, 0, NULL);
INSERT INTO [dbo].[tasSearchField] ([idfsSearchField], [idfsSearchFieldType], [idfsSearchObject], [idfsReferenceType], [idfsGISReferenceType], [strSearchFieldAlias], [strLookupTable], [intMapDisplayOrder], [intIncidenceDisplayOrder], [blnGeoLocationString], [strCalculatedFieldText], [rowguid], [intRowStatus], [idfsDefaultAggregateFunction], [blnShortAddressString], [strLookupFunction], [strLookupFunctionIdField], [strLookupFunctionNameField], [strLookupAttribute], [blnAllowMissedReferenceValues], [strReservedAttribute]) VALUES (10081293, 10081007, 10082012, 19000148, NULL, 'sflHC_EpiPersonalIDType', 'rftPersonIDType', NULL, NULL, 0, NULL, NEWID(), 0, 10004003, 0, NULL, NULL, NULL, 'name', 1, NULL);
INSERT INTO [dbo].[tasSearchField] ([idfsSearchField], [idfsSearchFieldType], [idfsSearchObject], [idfsReferenceType], [idfsGISReferenceType], [strSearchFieldAlias], [strLookupTable], [intMapDisplayOrder], [intIncidenceDisplayOrder], [blnGeoLocationString], [strCalculatedFieldText], [rowguid], [intRowStatus], [idfsDefaultAggregateFunction], [blnShortAddressString], [strLookupFunction], [strLookupFunctionIdField], [strLookupFunctionNameField], [strLookupAttribute], [blnAllowMissedReferenceValues], [strReservedAttribute]) VALUES (10081294, 10081007, 10082012, NULL, NULL, 'sflHC_ReceivedByOfficerID', NULL, NULL, NULL, 0, NULL, NEWID(), 0, 10004003, 0, NULL, NULL, NULL, NULL, 0, NULL);
INSERT INTO [dbo].[tasSearchField] ([idfsSearchField], [idfsSearchFieldType], [idfsSearchObject], [idfsReferenceType], [idfsGISReferenceType], [strSearchFieldAlias], [strLookupTable], [intMapDisplayOrder], [intIncidenceDisplayOrder], [blnGeoLocationString], [strCalculatedFieldText], [rowguid], [intRowStatus], [idfsDefaultAggregateFunction], [blnShortAddressString], [strLookupFunction], [strLookupFunctionIdField], [strLookupFunctionNameField], [strLookupAttribute], [blnAllowMissedReferenceValues], [strReservedAttribute]) VALUES (10081295, 10081007, 10082012, 19000148, NULL, 'sflHC_ReceivedByOfficerIDType', 'rftPersonIDType', NULL, NULL, 0, NULL, NEWID(), 0, 10004003, 0, NULL, NULL, NULL, 'name', 1, NULL);
INSERT INTO [dbo].[tasSearchField] ([idfsSearchField], [idfsSearchFieldType], [idfsSearchObject], [idfsReferenceType], [idfsGISReferenceType], [strSearchFieldAlias], [strLookupTable], [intMapDisplayOrder], [intIncidenceDisplayOrder], [blnGeoLocationString], [strCalculatedFieldText], [rowguid], [intRowStatus], [idfsDefaultAggregateFunction], [blnShortAddressString], [strLookupFunction], [strLookupFunctionIdField], [strLookupFunctionNameField], [strLookupAttribute], [blnAllowMissedReferenceValues], [strReservedAttribute]) VALUES (10081296, 10081007, 10082012, NULL, NULL, 'sflHC_SentByOfficerID', NULL, NULL, NULL, 0, NULL, NEWID(), 0, 10004003, 0, NULL, NULL, NULL, NULL, 0, NULL);
INSERT INTO [dbo].[tasSearchField] ([idfsSearchField], [idfsSearchFieldType], [idfsSearchObject], [idfsReferenceType], [idfsGISReferenceType], [strSearchFieldAlias], [strLookupTable], [intMapDisplayOrder], [intIncidenceDisplayOrder], [blnGeoLocationString], [strCalculatedFieldText], [rowguid], [intRowStatus], [idfsDefaultAggregateFunction], [blnShortAddressString], [strLookupFunction], [strLookupFunctionIdField], [strLookupFunctionNameField], [strLookupAttribute], [blnAllowMissedReferenceValues], [strReservedAttribute]) VALUES (10081297, 10081007, 10082012, 19000148, NULL, 'sflHC_SentByOfficerIDType', 'rftPersonIDType', NULL, NULL, 0, NULL, NEWID(), 0, 10004003, 0, NULL, NULL, NULL, 'name', 1, NULL);
INSERT INTO [dbo].[tasSearchField] ([idfsSearchField], [idfsSearchFieldType], [idfsSearchObject], [idfsReferenceType], [idfsGISReferenceType], [strSearchFieldAlias], [strLookupTable], [intMapDisplayOrder], [intIncidenceDisplayOrder], [blnGeoLocationString], [strCalculatedFieldText], [rowguid], [intRowStatus], [idfsDefaultAggregateFunction], [blnShortAddressString], [strLookupFunction], [strLookupFunctionIdField], [strLookupFunctionNameField], [strLookupAttribute], [blnAllowMissedReferenceValues], [strReservedAttribute]) VALUES (10081298, 10081007, 10082012, 19000015, NULL, 'sflHCSample_PS_Status', 'rftSampleStatus', NULL, NULL, 0, NULL, NEWID(), 0, 10004003, 0, NULL, NULL, NULL, 'name', 1, NULL);
INSERT INTO [dbo].[tasSearchField] ([idfsSearchField], [idfsSearchFieldType], [idfsSearchObject], [idfsReferenceType], [idfsGISReferenceType], [strSearchFieldAlias], [strLookupTable], [intMapDisplayOrder], [intIncidenceDisplayOrder], [blnGeoLocationString], [strCalculatedFieldText], [rowguid], [intRowStatus], [idfsDefaultAggregateFunction], [blnShortAddressString], [strLookupFunction], [strLookupFunctionIdField], [strLookupFunctionNameField], [strLookupAttribute], [blnAllowMissedReferenceValues], [strReservedAttribute]) VALUES (10081299, 10081007, 10082012, NULL, NULL, 'sflHC_TestedByPerson', NULL, NULL, NULL, 0, NULL, NEWID(), 0, 10004003, 0, NULL, NULL, NULL, NULL, 0, NULL);
INSERT INTO [dbo].[tasSearchField] ([idfsSearchField], [idfsSearchFieldType], [idfsSearchObject], [idfsReferenceType], [idfsGISReferenceType], [strSearchFieldAlias], [strLookupTable], [intMapDisplayOrder], [intIncidenceDisplayOrder], [blnGeoLocationString], [strCalculatedFieldText], [rowguid], [intRowStatus], [idfsDefaultAggregateFunction], [blnShortAddressString], [strLookupFunction], [strLookupFunctionIdField], [strLookupFunctionNameField], [strLookupAttribute], [blnAllowMissedReferenceValues], [strReservedAttribute]) VALUES (10081300, 10081007, 10082012, 19000046, NULL, 'sflHC_TestedByInstitution', 'Organization', NULL, NULL, 0, NULL, NEWID(), 0, 10004003, 0, NULL, NULL, NULL, 'FullName', 1, NULL);

GO