/*
Author:			Doug Albanese
Date:			11/18/2022
Description:	Create of localizations used by the module for SINT03

*/

INSERT into dbo.trtResource (idfsResource,strResourceName,intRowStatus,rowguid,strMaintenanceFlag,strReservedAttribute,SourceSystemNameID,SourceSystemKeyValue,AuditCreateUser,AuditCreateDTM,AuditUpdateUser,AuditUpdateDTM,idfsResourceType)
        VALUES (4612,N'Case ID',0,NEWID(),N'Add',N'EIDSS7 Resources', 10519001, N'[{"idfsResource":4612}]','System', GETDATE(), 'System', GETDATE(), 10540002)
INSERT into dbo.trtResource (idfsResource,strResourceName,intRowStatus,rowguid,strMaintenanceFlag,strReservedAttribute,SourceSystemNameID,SourceSystemKeyValue,AuditCreateUser,AuditCreateDTM,AuditUpdateUser,AuditUpdateDTM,idfsResourceType)
        VALUES (4613,N'Area ID',0,NEWID(),N'Add',N'EIDSS7 Resources', 10519001, N'[{"idfsResource":4613}]','System', GETDATE(), 'System', GETDATE(), 10540002)
INSERT into dbo.trtResource (idfsResource,strResourceName,intRowStatus,rowguid,strMaintenanceFlag,strReservedAttribute,SourceSystemNameID,SourceSystemKeyValue,AuditCreateUser,AuditCreateDTM,AuditUpdateUser,AuditUpdateDTM,idfsResourceType)
        VALUES (4614,N'Date of onset of rash',0,NEWID(),N'Add',N'EIDSS7 Resources', 10519001, N'[{"idfsResource":4614}]','System', GETDATE(), 'System', GETDATE(), 10540002)
INSERT into dbo.trtResource (idfsResource,strResourceName,intRowStatus,rowguid,strMaintenanceFlag,strReservedAttribute,SourceSystemNameID,SourceSystemKeyValue,AuditCreateUser,AuditCreateDTM,AuditUpdateUser,AuditUpdateDTM,idfsResourceType)
        VALUES (4615,N'Age of rash onset',0,NEWID(),N'Add',N'EIDSS7 Resources', 10519001, N'[{"idfsResource":4615}]','System', GETDATE(), 'System', GETDATE(), 10540002)
INSERT into dbo.trtResource (idfsResource,strResourceName,intRowStatus,rowguid,strMaintenanceFlag,strReservedAttribute,SourceSystemNameID,SourceSystemKeyValue,AuditCreateUser,AuditCreateDTM,AuditUpdateUser,AuditUpdateDTM,idfsResourceType)
        VALUES (4616,N'Number of measles/rubella vaccine',0,NEWID(),N'Add',N'EIDSS7 Resources', 10519001, N'[{"idfsResource":4616}]','System', GETDATE(), 'System', GETDATE(), 10540002)
INSERT into dbo.trtResource (idfsResource,strResourceName,intRowStatus,rowguid,strMaintenanceFlag,strReservedAttribute,SourceSystemNameID,SourceSystemKeyValue,AuditCreateUser,AuditCreateDTM,AuditUpdateUser,AuditUpdateDTM,idfsResourceType)
        VALUES (4617,N'Date of last measles vaccination',0,NEWID(),N'Add',N'EIDSS7 Resources', 10519001, N'[{"idfsResource":4617}]','System', GETDATE(), 'System', GETDATE(), 10540002)
INSERT into dbo.trtResource (idfsResource,strResourceName,intRowStatus,rowguid,strMaintenanceFlag,strReservedAttribute,SourceSystemNameID,SourceSystemKeyValue,AuditCreateUser,AuditCreateDTM,AuditUpdateUser,AuditUpdateDTM,idfsResourceType)
        VALUES (4618,N'Date of notification',0,NEWID(),N'Add',N'EIDSS7 Resources', 10519001, N'[{"idfsResource":4618}]','System', GETDATE(), 'System', GETDATE(), 10540002)
INSERT into dbo.trtResource (idfsResource,strResourceName,intRowStatus,rowguid,strMaintenanceFlag,strReservedAttribute,SourceSystemNameID,SourceSystemKeyValue,AuditCreateUser,AuditCreateDTM,AuditUpdateUser,AuditUpdateDTM,idfsResourceType)
        VALUES (4619,N'Date of investigation',0,NEWID(),N'Add',N'EIDSS7 Resources', 10519001, N'[{"idfsResource":4619}]','System', GETDATE(), 'System', GETDATE(), 10540002)
INSERT into dbo.trtResource (idfsResource,strResourceName,intRowStatus,rowguid,strMaintenanceFlag,strReservedAttribute,SourceSystemNameID,SourceSystemKeyValue,AuditCreateUser,AuditCreateDTM,AuditUpdateUser,AuditUpdateDTM,idfsResourceType)
        VALUES (4620,N'Fever',0,NEWID(),N'Add',N'EIDSS7 Resources', 10519001, N'[{"idfsResource":4620}]','System', GETDATE(), 'System', GETDATE(), 10540002)
INSERT into dbo.trtResource (idfsResource,strResourceName,intRowStatus,rowguid,strMaintenanceFlag,strReservedAttribute,SourceSystemNameID,SourceSystemKeyValue,AuditCreateUser,AuditCreateDTM,AuditUpdateUser,AuditUpdateDTM,idfsResourceType)
        VALUES (4621,N'Cough or coryza or conjunctivitis',0,NEWID(),N'Add',N'EIDSS7 Resources', 10519001, N'[{"idfsResource":4621}]','System', GETDATE(), 'System', GETDATE(), 10540002)
INSERT into dbo.trtResource (idfsResource,strResourceName,intRowStatus,rowguid,strMaintenanceFlag,strReservedAttribute,SourceSystemNameID,SourceSystemKeyValue,AuditCreateUser,AuditCreateDTM,AuditUpdateUser,AuditUpdateDTM,idfsResourceType)
        VALUES (4622,N'Duration of rash',0,NEWID(),N'Add',N'EIDSS7 Resources', 10519001, N'[{"idfsResource":4622}]','System', GETDATE(), 'System', GETDATE(), 10540002)
INSERT into dbo.trtResource (idfsResource,strResourceName,intRowStatus,rowguid,strMaintenanceFlag,strReservedAttribute,SourceSystemNameID,SourceSystemKeyValue,AuditCreateUser,AuditCreateDTM,AuditUpdateUser,AuditUpdateDTM,idfsResourceType)
        VALUES (4623,N'Outcome',0,NEWID(),N'Add',N'EIDSS7 Resources', 10519001, N'[{"idfsResource":4623}]','System', GETDATE(), 'System', GETDATE(), 10540002)
INSERT into dbo.trtResource (idfsResource,strResourceName,intRowStatus,rowguid,strMaintenanceFlag,strReservedAttribute,SourceSystemNameID,SourceSystemKeyValue,AuditCreateUser,AuditCreateDTM,AuditUpdateUser,AuditUpdateDTM,idfsResourceType)
        VALUES (4624,N'Source of Infection',0,NEWID(),N'Add',N'EIDSS7 Resources', 10519001, N'[{"idfsResource":4624}]','System', GETDATE(), 'System', GETDATE(), 10540002)
INSERT into dbo.trtResource (idfsResource,strResourceName,intRowStatus,rowguid,strMaintenanceFlag,strReservedAttribute,SourceSystemNameID,SourceSystemKeyValue,AuditCreateUser,AuditCreateDTM,AuditUpdateUser,AuditUpdateDTM,idfsResourceType)
        VALUES (4625,N'Outbreak-related',0,NEWID(),N'Add',N'EIDSS7 Resources', 10519001, N'[{"idfsResource":4625}]','System', GETDATE(), 'System', GETDATE(), 10540002)
INSERT into dbo.trtResource (idfsResource,strResourceName,intRowStatus,rowguid,strMaintenanceFlag,strReservedAttribute,SourceSystemNameID,SourceSystemKeyValue,AuditCreateUser,AuditCreateDTM,AuditUpdateUser,AuditUpdateDTM,idfsResourceType)
        VALUES (4626,N'Complications',0,NEWID(),N'Add',N'EIDSS7 Resources', 10519001, N'[{"idfsResource":4626}]','System', GETDATE(), 'System', GETDATE(), 10540002)
INSERT into dbo.trtResource (idfsResource,strResourceName,intRowStatus,rowguid,strMaintenanceFlag,strReservedAttribute,SourceSystemNameID,SourceSystemKeyValue,AuditCreateUser,AuditCreateDTM,AuditUpdateUser,AuditUpdateDTM,idfsResourceType)
        VALUES (4627,N'Encephalitis',0,NEWID(),N'Add',N'EIDSS7 Resources', 10519001, N'[{"idfsResource":4627}]','System', GETDATE(), 'System', GETDATE(), 10540002)
INSERT into dbo.trtResource (idfsResource,strResourceName,intRowStatus,rowguid,strMaintenanceFlag,strReservedAttribute,SourceSystemNameID,SourceSystemKeyValue,AuditCreateUser,AuditCreateDTM,AuditUpdateUser,AuditUpdateDTM,idfsResourceType)
        VALUES (4628,N'Pneumonia',0,NEWID(),N'Add',N'EIDSS7 Resources', 10519001, N'[{"idfsResource":4628}]','System', GETDATE(), 'System', GETDATE(), 10540002)
INSERT into dbo.trtResource (idfsResource,strResourceName,intRowStatus,rowguid,strMaintenanceFlag,strReservedAttribute,SourceSystemNameID,SourceSystemKeyValue,AuditCreateUser,AuditCreateDTM,AuditUpdateUser,AuditUpdateDTM,idfsResourceType)
        VALUES (4629,N'Malnutrition',0,NEWID(),N'Add',N'EIDSS7 Resources', 10519001, N'[{"idfsResource":4629}]','System', GETDATE(), 'System', GETDATE(), 10540002)
INSERT into dbo.trtResource (idfsResource,strResourceName,intRowStatus,rowguid,strMaintenanceFlag,strReservedAttribute,SourceSystemNameID,SourceSystemKeyValue,AuditCreateUser,AuditCreateDTM,AuditUpdateUser,AuditUpdateDTM,idfsResourceType)
        VALUES (4630,N'Diarrhea',0,NEWID(),N'Add',N'EIDSS7 Resources', 10519001, N'[{"idfsResource":4630}]','System', GETDATE(), 'System', GETDATE(), 10540002)
INSERT into dbo.trtResource (idfsResource,strResourceName,intRowStatus,rowguid,strMaintenanceFlag,strReservedAttribute,SourceSystemNameID,SourceSystemKeyValue,AuditCreateUser,AuditCreateDTM,AuditUpdateUser,AuditUpdateDTM,idfsResourceType)
        VALUES (4631,N'Other',0,NEWID(),N'Add',N'EIDSS7 Resources', 10519001, N'[{"idfsResource":4631}]','System', GETDATE(), 'System', GETDATE(), 10540002)
INSERT into dbo.trtResource (idfsResource,strResourceName,intRowStatus,rowguid,strMaintenanceFlag,strReservedAttribute,SourceSystemNameID,SourceSystemKeyValue,AuditCreateUser,AuditCreateDTM,AuditUpdateUser,AuditUpdateDTM,idfsResourceType)
        VALUES (4632,N'Final Classification',0,NEWID(),N'Add',N'EIDSS7 Resources', 10519001, N'[{"idfsResource":4632}]','System', GETDATE(), 'System', GETDATE(), 10540002)
INSERT into dbo.trtResource (idfsResource,strResourceName,intRowStatus,rowguid,strMaintenanceFlag,strReservedAttribute,SourceSystemNameID,SourceSystemKeyValue,AuditCreateUser,AuditCreateDTM,AuditUpdateUser,AuditUpdateDTM,idfsResourceType)
        VALUES (4633,N'Date of Collection',0,NEWID(),N'Add',N'EIDSS7 Resources', 10519001, N'[{"idfsResource":4633}]','System', GETDATE(), 'System', GETDATE(), 10540002)
INSERT into dbo.trtResource (idfsResource,strResourceName,intRowStatus,rowguid,strMaintenanceFlag,strReservedAttribute,SourceSystemNameID,SourceSystemKeyValue,AuditCreateUser,AuditCreateDTM,AuditUpdateUser,AuditUpdateDTM,idfsResourceType)
        VALUES (4634,N'Date of laboratory results',0,NEWID(),N'Add',N'EIDSS7 Resources', 10519001, N'[{"idfsResource":4634}]','System', GETDATE(), 'System', GETDATE(), 10540002)
INSERT into dbo.trtResource (idfsResource,strResourceName,intRowStatus,rowguid,strMaintenanceFlag,strReservedAttribute,SourceSystemNameID,SourceSystemKeyValue,AuditCreateUser,AuditCreateDTM,AuditUpdateUser,AuditUpdateDTM,idfsResourceType)
        VALUES (4635,N'Measles lgM',0,NEWID(),N'Add',N'EIDSS7 Resources', 10519001, N'[{"idfsResource":4635}]','System', GETDATE(), 'System', GETDATE(), 10540002)
INSERT into dbo.trtResource (idfsResource,strResourceName,intRowStatus,rowguid,strMaintenanceFlag,strReservedAttribute,SourceSystemNameID,SourceSystemKeyValue,AuditCreateUser,AuditCreateDTM,AuditUpdateUser,AuditUpdateDTM,idfsResourceType)
        VALUES (4636,N'Measles virus detection',0,NEWID(),N'Add',N'EIDSS7 Resources', 10519001, N'[{"idfsResource":4636}]','System', GETDATE(), 'System', GETDATE(), 10540002)
INSERT into dbo.trtResource (idfsResource,strResourceName,intRowStatus,rowguid,strMaintenanceFlag,strReservedAttribute,SourceSystemNameID,SourceSystemKeyValue,AuditCreateUser,AuditCreateDTM,AuditUpdateUser,AuditUpdateDTM,idfsResourceType)
        VALUES (4637,N'Rubella lgM',0,NEWID(),N'Add',N'EIDSS7 Resources', 10519001, N'[{"idfsResource":4637}]','System', GETDATE(), 'System', GETDATE(), 10540002)
INSERT into dbo.trtResource (idfsResource,strResourceName,intRowStatus,rowguid,strMaintenanceFlag,strReservedAttribute,SourceSystemNameID,SourceSystemKeyValue,AuditCreateUser,AuditCreateDTM,AuditUpdateUser,AuditUpdateDTM,idfsResourceType)
        VALUES (4638,N'Rubella virus detection',0,NEWID(),N'Add',N'EIDSS7 Resources', 10519001, N'[{"idfsResource":4638}]','System', GETDATE(), 'System', GETDATE(), 10540002)



INSERT INTO dbo.trtResourceSetToResource (idfsResourceSet,idfsResource,isHidden,isRequired,intRowStatus,rowguid,strMaintenanceFlag,strReservedAttribute,SourceSystemNameID,SourceSystemKeyValue,AuditCreateUser,AuditCreateDTM,AuditUpdateUser,AuditUpdateDTM)
        VALUES (445,4612,0,0,0,NEWID(), N'Add', N'Resource Set To Resource', 10519001, N'[{"idfsResourceSet":445,"idfsResource":4612}]', N'System', GETDATE(), N'System', GETDATE())
INSERT INTO dbo.trtResourceSetToResource (idfsResourceSet,idfsResource,isHidden,isRequired,intRowStatus,rowguid,strMaintenanceFlag,strReservedAttribute,SourceSystemNameID,SourceSystemKeyValue,AuditCreateUser,AuditCreateDTM,AuditUpdateUser,AuditUpdateDTM)
        VALUES (445,4613,0,0,0,NEWID(), N'Add', N'Resource Set To Resource', 10519001, N'[{"idfsResourceSet":445,"idfsResource":4613}]', N'System', GETDATE(), N'System', GETDATE())
INSERT INTO dbo.trtResourceSetToResource (idfsResourceSet,idfsResource,isHidden,isRequired,intRowStatus,rowguid,strMaintenanceFlag,strReservedAttribute,SourceSystemNameID,SourceSystemKeyValue,AuditCreateUser,AuditCreateDTM,AuditUpdateUser,AuditUpdateDTM)
        VALUES (445,4614,0,0,0,NEWID(), N'Add', N'Resource Set To Resource', 10519001, N'[{"idfsResourceSet":445,"idfsResource":4614}]', N'System', GETDATE(), N'System', GETDATE())
INSERT INTO dbo.trtResourceSetToResource (idfsResourceSet,idfsResource,isHidden,isRequired,intRowStatus,rowguid,strMaintenanceFlag,strReservedAttribute,SourceSystemNameID,SourceSystemKeyValue,AuditCreateUser,AuditCreateDTM,AuditUpdateUser,AuditUpdateDTM)
        VALUES (445,4615,0,0,0,NEWID(), N'Add', N'Resource Set To Resource', 10519001, N'[{"idfsResourceSet":445,"idfsResource":4615}]', N'System', GETDATE(), N'System', GETDATE())
INSERT INTO dbo.trtResourceSetToResource (idfsResourceSet,idfsResource,isHidden,isRequired,intRowStatus,rowguid,strMaintenanceFlag,strReservedAttribute,SourceSystemNameID,SourceSystemKeyValue,AuditCreateUser,AuditCreateDTM,AuditUpdateUser,AuditUpdateDTM)
        VALUES (445,4616,0,0,0,NEWID(), N'Add', N'Resource Set To Resource', 10519001, N'[{"idfsResourceSet":445,"idfsResource":4616}]', N'System', GETDATE(), N'System', GETDATE())
INSERT INTO dbo.trtResourceSetToResource (idfsResourceSet,idfsResource,isHidden,isRequired,intRowStatus,rowguid,strMaintenanceFlag,strReservedAttribute,SourceSystemNameID,SourceSystemKeyValue,AuditCreateUser,AuditCreateDTM,AuditUpdateUser,AuditUpdateDTM)
        VALUES (445,4617,0,0,0,NEWID(), N'Add', N'Resource Set To Resource', 10519001, N'[{"idfsResourceSet":445,"idfsResource":4617}]', N'System', GETDATE(), N'System', GETDATE())
INSERT INTO dbo.trtResourceSetToResource (idfsResourceSet,idfsResource,isHidden,isRequired,intRowStatus,rowguid,strMaintenanceFlag,strReservedAttribute,SourceSystemNameID,SourceSystemKeyValue,AuditCreateUser,AuditCreateDTM,AuditUpdateUser,AuditUpdateDTM)
        VALUES (445,4618,0,0,0,NEWID(), N'Add', N'Resource Set To Resource', 10519001, N'[{"idfsResourceSet":445,"idfsResource":4618}]', N'System', GETDATE(), N'System', GETDATE())
INSERT INTO dbo.trtResourceSetToResource (idfsResourceSet,idfsResource,isHidden,isRequired,intRowStatus,rowguid,strMaintenanceFlag,strReservedAttribute,SourceSystemNameID,SourceSystemKeyValue,AuditCreateUser,AuditCreateDTM,AuditUpdateUser,AuditUpdateDTM)
        VALUES (445,4619,0,0,0,NEWID(), N'Add', N'Resource Set To Resource', 10519001, N'[{"idfsResourceSet":445,"idfsResource":4619}]', N'System', GETDATE(), N'System', GETDATE())
INSERT INTO dbo.trtResourceSetToResource (idfsResourceSet,idfsResource,isHidden,isRequired,intRowStatus,rowguid,strMaintenanceFlag,strReservedAttribute,SourceSystemNameID,SourceSystemKeyValue,AuditCreateUser,AuditCreateDTM,AuditUpdateUser,AuditUpdateDTM)
        VALUES (445,4620,0,0,0,NEWID(), N'Add', N'Resource Set To Resource', 10519001, N'[{"idfsResourceSet":445,"idfsResource":4620}]', N'System', GETDATE(), N'System', GETDATE())
INSERT INTO dbo.trtResourceSetToResource (idfsResourceSet,idfsResource,isHidden,isRequired,intRowStatus,rowguid,strMaintenanceFlag,strReservedAttribute,SourceSystemNameID,SourceSystemKeyValue,AuditCreateUser,AuditCreateDTM,AuditUpdateUser,AuditUpdateDTM)
        VALUES (445,4621,0,0,0,NEWID(), N'Add', N'Resource Set To Resource', 10519001, N'[{"idfsResourceSet":445,"idfsResource":4621}]', N'System', GETDATE(), N'System', GETDATE())
INSERT INTO dbo.trtResourceSetToResource (idfsResourceSet,idfsResource,isHidden,isRequired,intRowStatus,rowguid,strMaintenanceFlag,strReservedAttribute,SourceSystemNameID,SourceSystemKeyValue,AuditCreateUser,AuditCreateDTM,AuditUpdateUser,AuditUpdateDTM)
        VALUES (445,4622,0,0,0,NEWID(), N'Add', N'Resource Set To Resource', 10519001, N'[{"idfsResourceSet":445,"idfsResource":4622}]', N'System', GETDATE(), N'System', GETDATE())
INSERT INTO dbo.trtResourceSetToResource (idfsResourceSet,idfsResource,isHidden,isRequired,intRowStatus,rowguid,strMaintenanceFlag,strReservedAttribute,SourceSystemNameID,SourceSystemKeyValue,AuditCreateUser,AuditCreateDTM,AuditUpdateUser,AuditUpdateDTM)
        VALUES (445,4623,0,0,0,NEWID(), N'Add', N'Resource Set To Resource', 10519001, N'[{"idfsResourceSet":445,"idfsResource":4623}]', N'System', GETDATE(), N'System', GETDATE())
INSERT INTO dbo.trtResourceSetToResource (idfsResourceSet,idfsResource,isHidden,isRequired,intRowStatus,rowguid,strMaintenanceFlag,strReservedAttribute,SourceSystemNameID,SourceSystemKeyValue,AuditCreateUser,AuditCreateDTM,AuditUpdateUser,AuditUpdateDTM)
        VALUES (445,4624,0,0,0,NEWID(), N'Add', N'Resource Set To Resource', 10519001, N'[{"idfsResourceSet":445,"idfsResource":4624}]', N'System', GETDATE(), N'System', GETDATE())
INSERT INTO dbo.trtResourceSetToResource (idfsResourceSet,idfsResource,isHidden,isRequired,intRowStatus,rowguid,strMaintenanceFlag,strReservedAttribute,SourceSystemNameID,SourceSystemKeyValue,AuditCreateUser,AuditCreateDTM,AuditUpdateUser,AuditUpdateDTM)
        VALUES (445,4625,0,0,0,NEWID(), N'Add', N'Resource Set To Resource', 10519001, N'[{"idfsResourceSet":445,"idfsResource":4625}]', N'System', GETDATE(), N'System', GETDATE())
INSERT INTO dbo.trtResourceSetToResource (idfsResourceSet,idfsResource,isHidden,isRequired,intRowStatus,rowguid,strMaintenanceFlag,strReservedAttribute,SourceSystemNameID,SourceSystemKeyValue,AuditCreateUser,AuditCreateDTM,AuditUpdateUser,AuditUpdateDTM)
        VALUES (445,4626,0,0,0,NEWID(), N'Add', N'Resource Set To Resource', 10519001, N'[{"idfsResourceSet":445,"idfsResource":4626}]', N'System', GETDATE(), N'System', GETDATE())
INSERT INTO dbo.trtResourceSetToResource (idfsResourceSet,idfsResource,isHidden,isRequired,intRowStatus,rowguid,strMaintenanceFlag,strReservedAttribute,SourceSystemNameID,SourceSystemKeyValue,AuditCreateUser,AuditCreateDTM,AuditUpdateUser,AuditUpdateDTM)
        VALUES (445,4627,0,0,0,NEWID(), N'Add', N'Resource Set To Resource', 10519001, N'[{"idfsResourceSet":445,"idfsResource":4627}]', N'System', GETDATE(), N'System', GETDATE())
INSERT INTO dbo.trtResourceSetToResource (idfsResourceSet,idfsResource,isHidden,isRequired,intRowStatus,rowguid,strMaintenanceFlag,strReservedAttribute,SourceSystemNameID,SourceSystemKeyValue,AuditCreateUser,AuditCreateDTM,AuditUpdateUser,AuditUpdateDTM)
        VALUES (445,4628,0,0,0,NEWID(), N'Add', N'Resource Set To Resource', 10519001, N'[{"idfsResourceSet":445,"idfsResource":4628}]', N'System', GETDATE(), N'System', GETDATE())
INSERT INTO dbo.trtResourceSetToResource (idfsResourceSet,idfsResource,isHidden,isRequired,intRowStatus,rowguid,strMaintenanceFlag,strReservedAttribute,SourceSystemNameID,SourceSystemKeyValue,AuditCreateUser,AuditCreateDTM,AuditUpdateUser,AuditUpdateDTM)
        VALUES (445,4629,0,0,0,NEWID(), N'Add', N'Resource Set To Resource', 10519001, N'[{"idfsResourceSet":445,"idfsResource":4629}]', N'System', GETDATE(), N'System', GETDATE())
INSERT INTO dbo.trtResourceSetToResource (idfsResourceSet,idfsResource,isHidden,isRequired,intRowStatus,rowguid,strMaintenanceFlag,strReservedAttribute,SourceSystemNameID,SourceSystemKeyValue,AuditCreateUser,AuditCreateDTM,AuditUpdateUser,AuditUpdateDTM)
        VALUES (445,4630,0,0,0,NEWID(), N'Add', N'Resource Set To Resource', 10519001, N'[{"idfsResourceSet":445,"idfsResource":4630}]', N'System', GETDATE(), N'System', GETDATE())
INSERT INTO dbo.trtResourceSetToResource (idfsResourceSet,idfsResource,isHidden,isRequired,intRowStatus,rowguid,strMaintenanceFlag,strReservedAttribute,SourceSystemNameID,SourceSystemKeyValue,AuditCreateUser,AuditCreateDTM,AuditUpdateUser,AuditUpdateDTM)
        VALUES (445,4631,0,0,0,NEWID(), N'Add', N'Resource Set To Resource', 10519001, N'[{"idfsResourceSet":445,"idfsResource":4631}]', N'System', GETDATE(), N'System', GETDATE())
INSERT INTO dbo.trtResourceSetToResource (idfsResourceSet,idfsResource,isHidden,isRequired,intRowStatus,rowguid,strMaintenanceFlag,strReservedAttribute,SourceSystemNameID,SourceSystemKeyValue,AuditCreateUser,AuditCreateDTM,AuditUpdateUser,AuditUpdateDTM)
        VALUES (445,4632,0,0,0,NEWID(), N'Add', N'Resource Set To Resource', 10519001, N'[{"idfsResourceSet":445,"idfsResource":4632}]', N'System', GETDATE(), N'System', GETDATE())
INSERT INTO dbo.trtResourceSetToResource (idfsResourceSet,idfsResource,isHidden,isRequired,intRowStatus,rowguid,strMaintenanceFlag,strReservedAttribute,SourceSystemNameID,SourceSystemKeyValue,AuditCreateUser,AuditCreateDTM,AuditUpdateUser,AuditUpdateDTM)
        VALUES (445,4633,0,0,0,NEWID(), N'Add', N'Resource Set To Resource', 10519001, N'[{"idfsResourceSet":445,"idfsResource":4633}]', N'System', GETDATE(), N'System', GETDATE())
INSERT INTO dbo.trtResourceSetToResource (idfsResourceSet,idfsResource,isHidden,isRequired,intRowStatus,rowguid,strMaintenanceFlag,strReservedAttribute,SourceSystemNameID,SourceSystemKeyValue,AuditCreateUser,AuditCreateDTM,AuditUpdateUser,AuditUpdateDTM)
        VALUES (445,4634,0,0,0,NEWID(), N'Add', N'Resource Set To Resource', 10519001, N'[{"idfsResourceSet":445,"idfsResource":4634}]', N'System', GETDATE(), N'System', GETDATE())
INSERT INTO dbo.trtResourceSetToResource (idfsResourceSet,idfsResource,isHidden,isRequired,intRowStatus,rowguid,strMaintenanceFlag,strReservedAttribute,SourceSystemNameID,SourceSystemKeyValue,AuditCreateUser,AuditCreateDTM,AuditUpdateUser,AuditUpdateDTM)
        VALUES (445,4635,0,0,0,NEWID(), N'Add', N'Resource Set To Resource', 10519001, N'[{"idfsResourceSet":445,"idfsResource":4635}]', N'System', GETDATE(), N'System', GETDATE())
INSERT INTO dbo.trtResourceSetToResource (idfsResourceSet,idfsResource,isHidden,isRequired,intRowStatus,rowguid,strMaintenanceFlag,strReservedAttribute,SourceSystemNameID,SourceSystemKeyValue,AuditCreateUser,AuditCreateDTM,AuditUpdateUser,AuditUpdateDTM)
        VALUES (445,4636,0,0,0,NEWID(), N'Add', N'Resource Set To Resource', 10519001, N'[{"idfsResourceSet":445,"idfsResource":4636}]', N'System', GETDATE(), N'System', GETDATE())
INSERT INTO dbo.trtResourceSetToResource (idfsResourceSet,idfsResource,isHidden,isRequired,intRowStatus,rowguid,strMaintenanceFlag,strReservedAttribute,SourceSystemNameID,SourceSystemKeyValue,AuditCreateUser,AuditCreateDTM,AuditUpdateUser,AuditUpdateDTM)
        VALUES (445,4637,0,0,0,NEWID(), N'Add', N'Resource Set To Resource', 10519001, N'[{"idfsResourceSet":445,"idfsResource":4637}]', N'System', GETDATE(), N'System', GETDATE())
INSERT INTO dbo.trtResourceSetToResource (idfsResourceSet,idfsResource,isHidden,isRequired,intRowStatus,rowguid,strMaintenanceFlag,strReservedAttribute,SourceSystemNameID,SourceSystemKeyValue,AuditCreateUser,AuditCreateDTM,AuditUpdateUser,AuditUpdateDTM)
        VALUES (445,4638,0,0,0,NEWID(), N'Add', N'Resource Set To Resource', 10519001, N'[{"idfsResourceSet":445,"idfsResource":4638}]', N'System', GETDATE(), N'System', GETDATE())



INSERT INTO dbo.trtResourceTranslation (idfsResource,idfsLanguage,strResourceString,intRowStatus,rowguid,strMaintenanceFlag,strReservedAttribute,SourceSystemNameID,SourceSystemKeyValue,AuditCreateUser,AuditCreateDTM,AuditUpdateUser,AuditUpdateDTM)
     VALUES(4612,10049011,N'معرّف التقرير', 0, NEWID(), N'ADD', N'Resource Translation',10519001, N'[{"idfsResource":4612,"idfsLanguage":10049011}]', N'System', GETDATE(), N'System', GETDATE())
INSERT INTO dbo.trtResourceTranslation (idfsResource,idfsLanguage,strResourceString,intRowStatus,rowguid,strMaintenanceFlag,strReservedAttribute,SourceSystemNameID,SourceSystemKeyValue,AuditCreateUser,AuditCreateDTM,AuditUpdateUser,AuditUpdateDTM)
     VALUES(4612,10049001,N'Hesabatın Q/N-si', 0, NEWID(), N'ADD', N'Resource Translation',10519001, N'[{"idfsResource":4612,"idfsLanguage":10049001}]', N'System', GETDATE(), N'System', GETDATE())
INSERT INTO dbo.trtResourceTranslation (idfsResource,idfsLanguage,strResourceString,intRowStatus,rowguid,strMaintenanceFlag,strReservedAttribute,SourceSystemNameID,SourceSystemKeyValue,AuditCreateUser,AuditCreateDTM,AuditUpdateUser,AuditUpdateDTM)
     VALUES(4612,10049004,N'ანგარიშის ID', 0, NEWID(), N'ADD', N'Resource Translation',10519001, N'[{"idfsResource":4612,"idfsLanguage":10049004}]', N'System', GETDATE(), N'System', GETDATE())
INSERT INTO dbo.trtResourceTranslation (idfsResource,idfsLanguage,strResourceString,intRowStatus,rowguid,strMaintenanceFlag,strReservedAttribute,SourceSystemNameID,SourceSystemKeyValue,AuditCreateUser,AuditCreateDTM,AuditUpdateUser,AuditUpdateDTM)
     VALUES(4613,10049011,N'', 0, NEWID(), N'ADD', N'Resource Translation',10519001, N'[{"idfsResource":4613,"idfsLanguage":10049011}]', N'System', GETDATE(), N'System', GETDATE())
INSERT INTO dbo.trtResourceTranslation (idfsResource,idfsLanguage,strResourceString,intRowStatus,rowguid,strMaintenanceFlag,strReservedAttribute,SourceSystemNameID,SourceSystemKeyValue,AuditCreateUser,AuditCreateDTM,AuditUpdateUser,AuditUpdateDTM)
     VALUES(4613,10049001,N'', 0, NEWID(), N'ADD', N'Resource Translation',10519001, N'[{"idfsResource":4613,"idfsLanguage":10049001}]', N'System', GETDATE(), N'System', GETDATE())
INSERT INTO dbo.trtResourceTranslation (idfsResource,idfsLanguage,strResourceString,intRowStatus,rowguid,strMaintenanceFlag,strReservedAttribute,SourceSystemNameID,SourceSystemKeyValue,AuditCreateUser,AuditCreateDTM,AuditUpdateUser,AuditUpdateDTM)
     VALUES(4613,10049004,N'', 0, NEWID(), N'ADD', N'Resource Translation',10519001, N'[{"idfsResource":4613,"idfsLanguage":10049004}]', N'System', GETDATE(), N'System', GETDATE())
INSERT INTO dbo.trtResourceTranslation (idfsResource,idfsLanguage,strResourceString,intRowStatus,rowguid,strMaintenanceFlag,strReservedAttribute,SourceSystemNameID,SourceSystemKeyValue,AuditCreateUser,AuditCreateDTM,AuditUpdateUser,AuditUpdateDTM)
     VALUES(4614,10049011,N'', 0, NEWID(), N'ADD', N'Resource Translation',10519001, N'[{"idfsResource":4614,"idfsLanguage":10049011}]', N'System', GETDATE(), N'System', GETDATE())
INSERT INTO dbo.trtResourceTranslation (idfsResource,idfsLanguage,strResourceString,intRowStatus,rowguid,strMaintenanceFlag,strReservedAttribute,SourceSystemNameID,SourceSystemKeyValue,AuditCreateUser,AuditCreateDTM,AuditUpdateUser,AuditUpdateDTM)
     VALUES(4614,10049001,N'', 0, NEWID(), N'ADD', N'Resource Translation',10519001, N'[{"idfsResource":4614,"idfsLanguage":10049001}]', N'System', GETDATE(), N'System', GETDATE())
INSERT INTO dbo.trtResourceTranslation (idfsResource,idfsLanguage,strResourceString,intRowStatus,rowguid,strMaintenanceFlag,strReservedAttribute,SourceSystemNameID,SourceSystemKeyValue,AuditCreateUser,AuditCreateDTM,AuditUpdateUser,AuditUpdateDTM)
     VALUES(4614,10049004,N'', 0, NEWID(), N'ADD', N'Resource Translation',10519001, N'[{"idfsResource":4614,"idfsLanguage":10049004}]', N'System', GETDATE(), N'System', GETDATE())
INSERT INTO dbo.trtResourceTranslation (idfsResource,idfsLanguage,strResourceString,intRowStatus,rowguid,strMaintenanceFlag,strReservedAttribute,SourceSystemNameID,SourceSystemKeyValue,AuditCreateUser,AuditCreateDTM,AuditUpdateUser,AuditUpdateDTM)
     VALUES(4615,10049011,N'', 0, NEWID(), N'ADD', N'Resource Translation',10519001, N'[{"idfsResource":4615,"idfsLanguage":10049011}]', N'System', GETDATE(), N'System', GETDATE())
INSERT INTO dbo.trtResourceTranslation (idfsResource,idfsLanguage,strResourceString,intRowStatus,rowguid,strMaintenanceFlag,strReservedAttribute,SourceSystemNameID,SourceSystemKeyValue,AuditCreateUser,AuditCreateDTM,AuditUpdateUser,AuditUpdateDTM)
     VALUES(4615,10049001,N'', 0, NEWID(), N'ADD', N'Resource Translation',10519001, N'[{"idfsResource":4615,"idfsLanguage":10049001}]', N'System', GETDATE(), N'System', GETDATE())
INSERT INTO dbo.trtResourceTranslation (idfsResource,idfsLanguage,strResourceString,intRowStatus,rowguid,strMaintenanceFlag,strReservedAttribute,SourceSystemNameID,SourceSystemKeyValue,AuditCreateUser,AuditCreateDTM,AuditUpdateUser,AuditUpdateDTM)
     VALUES(4615,10049004,N'', 0, NEWID(), N'ADD', N'Resource Translation',10519001, N'[{"idfsResource":4615,"idfsLanguage":10049004}]', N'System', GETDATE(), N'System', GETDATE())
INSERT INTO dbo.trtResourceTranslation (idfsResource,idfsLanguage,strResourceString,intRowStatus,rowguid,strMaintenanceFlag,strReservedAttribute,SourceSystemNameID,SourceSystemKeyValue,AuditCreateUser,AuditCreateDTM,AuditUpdateUser,AuditUpdateDTM)
     VALUES(4616,10049011,N'', 0, NEWID(), N'ADD', N'Resource Translation',10519001, N'[{"idfsResource":4616,"idfsLanguage":10049011}]', N'System', GETDATE(), N'System', GETDATE())
INSERT INTO dbo.trtResourceTranslation (idfsResource,idfsLanguage,strResourceString,intRowStatus,rowguid,strMaintenanceFlag,strReservedAttribute,SourceSystemNameID,SourceSystemKeyValue,AuditCreateUser,AuditCreateDTM,AuditUpdateUser,AuditUpdateDTM)
     VALUES(4616,10049001,N'', 0, NEWID(), N'ADD', N'Resource Translation',10519001, N'[{"idfsResource":4616,"idfsLanguage":10049001}]', N'System', GETDATE(), N'System', GETDATE())
INSERT INTO dbo.trtResourceTranslation (idfsResource,idfsLanguage,strResourceString,intRowStatus,rowguid,strMaintenanceFlag,strReservedAttribute,SourceSystemNameID,SourceSystemKeyValue,AuditCreateUser,AuditCreateDTM,AuditUpdateUser,AuditUpdateDTM)
     VALUES(4616,10049004,N'', 0, NEWID(), N'ADD', N'Resource Translation',10519001, N'[{"idfsResource":4616,"idfsLanguage":10049004}]', N'System', GETDATE(), N'System', GETDATE())
INSERT INTO dbo.trtResourceTranslation (idfsResource,idfsLanguage,strResourceString,intRowStatus,rowguid,strMaintenanceFlag,strReservedAttribute,SourceSystemNameID,SourceSystemKeyValue,AuditCreateUser,AuditCreateDTM,AuditUpdateUser,AuditUpdateDTM)
     VALUES(4617,10049011,N'', 0, NEWID(), N'ADD', N'Resource Translation',10519001, N'[{"idfsResource":4617,"idfsLanguage":10049011}]', N'System', GETDATE(), N'System', GETDATE())
INSERT INTO dbo.trtResourceTranslation (idfsResource,idfsLanguage,strResourceString,intRowStatus,rowguid,strMaintenanceFlag,strReservedAttribute,SourceSystemNameID,SourceSystemKeyValue,AuditCreateUser,AuditCreateDTM,AuditUpdateUser,AuditUpdateDTM)
     VALUES(4617,10049001,N'', 0, NEWID(), N'ADD', N'Resource Translation',10519001, N'[{"idfsResource":4617,"idfsLanguage":10049001}]', N'System', GETDATE(), N'System', GETDATE())
INSERT INTO dbo.trtResourceTranslation (idfsResource,idfsLanguage,strResourceString,intRowStatus,rowguid,strMaintenanceFlag,strReservedAttribute,SourceSystemNameID,SourceSystemKeyValue,AuditCreateUser,AuditCreateDTM,AuditUpdateUser,AuditUpdateDTM)
     VALUES(4617,10049004,N'', 0, NEWID(), N'ADD', N'Resource Translation',10519001, N'[{"idfsResource":4617,"idfsLanguage":10049004}]', N'System', GETDATE(), N'System', GETDATE())
INSERT INTO dbo.trtResourceTranslation (idfsResource,idfsLanguage,strResourceString,intRowStatus,rowguid,strMaintenanceFlag,strReservedAttribute,SourceSystemNameID,SourceSystemKeyValue,AuditCreateUser,AuditCreateDTM,AuditUpdateUser,AuditUpdateDTM)
     VALUES(4618,10049011,N'', 0, NEWID(), N'ADD', N'Resource Translation',10519001, N'[{"idfsResource":4618,"idfsLanguage":10049011}]', N'System', GETDATE(), N'System', GETDATE())
INSERT INTO dbo.trtResourceTranslation (idfsResource,idfsLanguage,strResourceString,intRowStatus,rowguid,strMaintenanceFlag,strReservedAttribute,SourceSystemNameID,SourceSystemKeyValue,AuditCreateUser,AuditCreateDTM,AuditUpdateUser,AuditUpdateDTM)
     VALUES(4618,10049001,N'', 0, NEWID(), N'ADD', N'Resource Translation',10519001, N'[{"idfsResource":4618,"idfsLanguage":10049001}]', N'System', GETDATE(), N'System', GETDATE())
INSERT INTO dbo.trtResourceTranslation (idfsResource,idfsLanguage,strResourceString,intRowStatus,rowguid,strMaintenanceFlag,strReservedAttribute,SourceSystemNameID,SourceSystemKeyValue,AuditCreateUser,AuditCreateDTM,AuditUpdateUser,AuditUpdateDTM)
     VALUES(4618,10049004,N'', 0, NEWID(), N'ADD', N'Resource Translation',10519001, N'[{"idfsResource":4618,"idfsLanguage":10049004}]', N'System', GETDATE(), N'System', GETDATE())
INSERT INTO dbo.trtResourceTranslation (idfsResource,idfsLanguage,strResourceString,intRowStatus,rowguid,strMaintenanceFlag,strReservedAttribute,SourceSystemNameID,SourceSystemKeyValue,AuditCreateUser,AuditCreateDTM,AuditUpdateUser,AuditUpdateDTM)
     VALUES(4619,10049011,N'', 0, NEWID(), N'ADD', N'Resource Translation',10519001, N'[{"idfsResource":4619,"idfsLanguage":10049011}]', N'System', GETDATE(), N'System', GETDATE())
INSERT INTO dbo.trtResourceTranslation (idfsResource,idfsLanguage,strResourceString,intRowStatus,rowguid,strMaintenanceFlag,strReservedAttribute,SourceSystemNameID,SourceSystemKeyValue,AuditCreateUser,AuditCreateDTM,AuditUpdateUser,AuditUpdateDTM)
     VALUES(4619,10049001,N'', 0, NEWID(), N'ADD', N'Resource Translation',10519001, N'[{"idfsResource":4619,"idfsLanguage":10049001}]', N'System', GETDATE(), N'System', GETDATE())
INSERT INTO dbo.trtResourceTranslation (idfsResource,idfsLanguage,strResourceString,intRowStatus,rowguid,strMaintenanceFlag,strReservedAttribute,SourceSystemNameID,SourceSystemKeyValue,AuditCreateUser,AuditCreateDTM,AuditUpdateUser,AuditUpdateDTM)
     VALUES(4619,10049004,N'', 0, NEWID(), N'ADD', N'Resource Translation',10519001, N'[{"idfsResource":4619,"idfsLanguage":10049004}]', N'System', GETDATE(), N'System', GETDATE())
INSERT INTO dbo.trtResourceTranslation (idfsResource,idfsLanguage,strResourceString,intRowStatus,rowguid,strMaintenanceFlag,strReservedAttribute,SourceSystemNameID,SourceSystemKeyValue,AuditCreateUser,AuditCreateDTM,AuditUpdateUser,AuditUpdateDTM)
     VALUES(4620,10049011,N'', 0, NEWID(), N'ADD', N'Resource Translation',10519001, N'[{"idfsResource":4620,"idfsLanguage":10049011}]', N'System', GETDATE(), N'System', GETDATE())
INSERT INTO dbo.trtResourceTranslation (idfsResource,idfsLanguage,strResourceString,intRowStatus,rowguid,strMaintenanceFlag,strReservedAttribute,SourceSystemNameID,SourceSystemKeyValue,AuditCreateUser,AuditCreateDTM,AuditUpdateUser,AuditUpdateDTM)
     VALUES(4620,10049001,N'', 0, NEWID(), N'ADD', N'Resource Translation',10519001, N'[{"idfsResource":4620,"idfsLanguage":10049001}]', N'System', GETDATE(), N'System', GETDATE())
INSERT INTO dbo.trtResourceTranslation (idfsResource,idfsLanguage,strResourceString,intRowStatus,rowguid,strMaintenanceFlag,strReservedAttribute,SourceSystemNameID,SourceSystemKeyValue,AuditCreateUser,AuditCreateDTM,AuditUpdateUser,AuditUpdateDTM)
     VALUES(4620,10049004,N'', 0, NEWID(), N'ADD', N'Resource Translation',10519001, N'[{"idfsResource":4620,"idfsLanguage":10049004}]', N'System', GETDATE(), N'System', GETDATE())
INSERT INTO dbo.trtResourceTranslation (idfsResource,idfsLanguage,strResourceString,intRowStatus,rowguid,strMaintenanceFlag,strReservedAttribute,SourceSystemNameID,SourceSystemKeyValue,AuditCreateUser,AuditCreateDTM,AuditUpdateUser,AuditUpdateDTM)
     VALUES(4621,10049011,N'', 0, NEWID(), N'ADD', N'Resource Translation',10519001, N'[{"idfsResource":4621,"idfsLanguage":10049011}]', N'System', GETDATE(), N'System', GETDATE())
INSERT INTO dbo.trtResourceTranslation (idfsResource,idfsLanguage,strResourceString,intRowStatus,rowguid,strMaintenanceFlag,strReservedAttribute,SourceSystemNameID,SourceSystemKeyValue,AuditCreateUser,AuditCreateDTM,AuditUpdateUser,AuditUpdateDTM)
     VALUES(4621,10049001,N'', 0, NEWID(), N'ADD', N'Resource Translation',10519001, N'[{"idfsResource":4621,"idfsLanguage":10049001}]', N'System', GETDATE(), N'System', GETDATE())
INSERT INTO dbo.trtResourceTranslation (idfsResource,idfsLanguage,strResourceString,intRowStatus,rowguid,strMaintenanceFlag,strReservedAttribute,SourceSystemNameID,SourceSystemKeyValue,AuditCreateUser,AuditCreateDTM,AuditUpdateUser,AuditUpdateDTM)
     VALUES(4621,10049004,N'', 0, NEWID(), N'ADD', N'Resource Translation',10519001, N'[{"idfsResource":4621,"idfsLanguage":10049004}]', N'System', GETDATE(), N'System', GETDATE())
INSERT INTO dbo.trtResourceTranslation (idfsResource,idfsLanguage,strResourceString,intRowStatus,rowguid,strMaintenanceFlag,strReservedAttribute,SourceSystemNameID,SourceSystemKeyValue,AuditCreateUser,AuditCreateDTM,AuditUpdateUser,AuditUpdateDTM)
     VALUES(4622,10049011,N'', 0, NEWID(), N'ADD', N'Resource Translation',10519001, N'[{"idfsResource":4622,"idfsLanguage":10049011}]', N'System', GETDATE(), N'System', GETDATE())
INSERT INTO dbo.trtResourceTranslation (idfsResource,idfsLanguage,strResourceString,intRowStatus,rowguid,strMaintenanceFlag,strReservedAttribute,SourceSystemNameID,SourceSystemKeyValue,AuditCreateUser,AuditCreateDTM,AuditUpdateUser,AuditUpdateDTM)
     VALUES(4622,10049001,N'', 0, NEWID(), N'ADD', N'Resource Translation',10519001, N'[{"idfsResource":4622,"idfsLanguage":10049001}]', N'System', GETDATE(), N'System', GETDATE())
INSERT INTO dbo.trtResourceTranslation (idfsResource,idfsLanguage,strResourceString,intRowStatus,rowguid,strMaintenanceFlag,strReservedAttribute,SourceSystemNameID,SourceSystemKeyValue,AuditCreateUser,AuditCreateDTM,AuditUpdateUser,AuditUpdateDTM)
     VALUES(4622,10049004,N'', 0, NEWID(), N'ADD', N'Resource Translation',10519001, N'[{"idfsResource":4622,"idfsLanguage":10049004}]', N'System', GETDATE(), N'System', GETDATE())
INSERT INTO dbo.trtResourceTranslation (idfsResource,idfsLanguage,strResourceString,intRowStatus,rowguid,strMaintenanceFlag,strReservedAttribute,SourceSystemNameID,SourceSystemKeyValue,AuditCreateUser,AuditCreateDTM,AuditUpdateUser,AuditUpdateDTM)
     VALUES(4623,10049011,N'النتيجة', 0, NEWID(), N'ADD', N'Resource Translation',10519001, N'[{"idfsResource":4623,"idfsLanguage":10049011}]', N'System', GETDATE(), N'System', GETDATE())
INSERT INTO dbo.trtResourceTranslation (idfsResource,idfsLanguage,strResourceString,intRowStatus,rowguid,strMaintenanceFlag,strReservedAttribute,SourceSystemNameID,SourceSystemKeyValue,AuditCreateUser,AuditCreateDTM,AuditUpdateUser,AuditUpdateDTM)
     VALUES(4623,10049001,N'Nəticə', 0, NEWID(), N'ADD', N'Resource Translation',10519001, N'[{"idfsResource":4623,"idfsLanguage":10049001}]', N'System', GETDATE(), N'System', GETDATE())
INSERT INTO dbo.trtResourceTranslation (idfsResource,idfsLanguage,strResourceString,intRowStatus,rowguid,strMaintenanceFlag,strReservedAttribute,SourceSystemNameID,SourceSystemKeyValue,AuditCreateUser,AuditCreateDTM,AuditUpdateUser,AuditUpdateDTM)
     VALUES(4623,10049004,N'გამოსავალი', 0, NEWID(), N'ADD', N'Resource Translation',10519001, N'[{"idfsResource":4623,"idfsLanguage":10049004}]', N'System', GETDATE(), N'System', GETDATE())
INSERT INTO dbo.trtResourceTranslation (idfsResource,idfsLanguage,strResourceString,intRowStatus,rowguid,strMaintenanceFlag,strReservedAttribute,SourceSystemNameID,SourceSystemKeyValue,AuditCreateUser,AuditCreateDTM,AuditUpdateUser,AuditUpdateDTM)
     VALUES(4624,10049011,N'', 0, NEWID(), N'ADD', N'Resource Translation',10519001, N'[{"idfsResource":4624,"idfsLanguage":10049011}]', N'System', GETDATE(), N'System', GETDATE())
INSERT INTO dbo.trtResourceTranslation (idfsResource,idfsLanguage,strResourceString,intRowStatus,rowguid,strMaintenanceFlag,strReservedAttribute,SourceSystemNameID,SourceSystemKeyValue,AuditCreateUser,AuditCreateDTM,AuditUpdateUser,AuditUpdateDTM)
     VALUES(4624,10049001,N'', 0, NEWID(), N'ADD', N'Resource Translation',10519001, N'[{"idfsResource":4624,"idfsLanguage":10049001}]', N'System', GETDATE(), N'System', GETDATE())
INSERT INTO dbo.trtResourceTranslation (idfsResource,idfsLanguage,strResourceString,intRowStatus,rowguid,strMaintenanceFlag,strReservedAttribute,SourceSystemNameID,SourceSystemKeyValue,AuditCreateUser,AuditCreateDTM,AuditUpdateUser,AuditUpdateDTM)
     VALUES(4624,10049004,N'', 0, NEWID(), N'ADD', N'Resource Translation',10519001, N'[{"idfsResource":4624,"idfsLanguage":10049004}]', N'System', GETDATE(), N'System', GETDATE())
INSERT INTO dbo.trtResourceTranslation (idfsResource,idfsLanguage,strResourceString,intRowStatus,rowguid,strMaintenanceFlag,strReservedAttribute,SourceSystemNameID,SourceSystemKeyValue,AuditCreateUser,AuditCreateDTM,AuditUpdateUser,AuditUpdateDTM)
     VALUES(4625,10049011,N'', 0, NEWID(), N'ADD', N'Resource Translation',10519001, N'[{"idfsResource":4625,"idfsLanguage":10049011}]', N'System', GETDATE(), N'System', GETDATE())
INSERT INTO dbo.trtResourceTranslation (idfsResource,idfsLanguage,strResourceString,intRowStatus,rowguid,strMaintenanceFlag,strReservedAttribute,SourceSystemNameID,SourceSystemKeyValue,AuditCreateUser,AuditCreateDTM,AuditUpdateUser,AuditUpdateDTM)
     VALUES(4625,10049001,N'', 0, NEWID(), N'ADD', N'Resource Translation',10519001, N'[{"idfsResource":4625,"idfsLanguage":10049001}]', N'System', GETDATE(), N'System', GETDATE())
INSERT INTO dbo.trtResourceTranslation (idfsResource,idfsLanguage,strResourceString,intRowStatus,rowguid,strMaintenanceFlag,strReservedAttribute,SourceSystemNameID,SourceSystemKeyValue,AuditCreateUser,AuditCreateDTM,AuditUpdateUser,AuditUpdateDTM)
     VALUES(4625,10049004,N'', 0, NEWID(), N'ADD', N'Resource Translation',10519001, N'[{"idfsResource":4625,"idfsLanguage":10049004}]', N'System', GETDATE(), N'System', GETDATE())
INSERT INTO dbo.trtResourceTranslation (idfsResource,idfsLanguage,strResourceString,intRowStatus,rowguid,strMaintenanceFlag,strReservedAttribute,SourceSystemNameID,SourceSystemKeyValue,AuditCreateUser,AuditCreateDTM,AuditUpdateUser,AuditUpdateDTM)
     VALUES(4626,10049011,N'', 0, NEWID(), N'ADD', N'Resource Translation',10519001, N'[{"idfsResource":4626,"idfsLanguage":10049011}]', N'System', GETDATE(), N'System', GETDATE())
INSERT INTO dbo.trtResourceTranslation (idfsResource,idfsLanguage,strResourceString,intRowStatus,rowguid,strMaintenanceFlag,strReservedAttribute,SourceSystemNameID,SourceSystemKeyValue,AuditCreateUser,AuditCreateDTM,AuditUpdateUser,AuditUpdateDTM)
     VALUES(4626,10049001,N'', 0, NEWID(), N'ADD', N'Resource Translation',10519001, N'[{"idfsResource":4626,"idfsLanguage":10049001}]', N'System', GETDATE(), N'System', GETDATE())
INSERT INTO dbo.trtResourceTranslation (idfsResource,idfsLanguage,strResourceString,intRowStatus,rowguid,strMaintenanceFlag,strReservedAttribute,SourceSystemNameID,SourceSystemKeyValue,AuditCreateUser,AuditCreateDTM,AuditUpdateUser,AuditUpdateDTM)
     VALUES(4626,10049004,N'', 0, NEWID(), N'ADD', N'Resource Translation',10519001, N'[{"idfsResource":4626,"idfsLanguage":10049004}]', N'System', GETDATE(), N'System', GETDATE())
INSERT INTO dbo.trtResourceTranslation (idfsResource,idfsLanguage,strResourceString,intRowStatus,rowguid,strMaintenanceFlag,strReservedAttribute,SourceSystemNameID,SourceSystemKeyValue,AuditCreateUser,AuditCreateDTM,AuditUpdateUser,AuditUpdateDTM)
     VALUES(4627,10049011,N'', 0, NEWID(), N'ADD', N'Resource Translation',10519001, N'[{"idfsResource":4627,"idfsLanguage":10049011}]', N'System', GETDATE(), N'System', GETDATE())
INSERT INTO dbo.trtResourceTranslation (idfsResource,idfsLanguage,strResourceString,intRowStatus,rowguid,strMaintenanceFlag,strReservedAttribute,SourceSystemNameID,SourceSystemKeyValue,AuditCreateUser,AuditCreateDTM,AuditUpdateUser,AuditUpdateDTM)
     VALUES(4627,10049001,N'', 0, NEWID(), N'ADD', N'Resource Translation',10519001, N'[{"idfsResource":4627,"idfsLanguage":10049001}]', N'System', GETDATE(), N'System', GETDATE())
INSERT INTO dbo.trtResourceTranslation (idfsResource,idfsLanguage,strResourceString,intRowStatus,rowguid,strMaintenanceFlag,strReservedAttribute,SourceSystemNameID,SourceSystemKeyValue,AuditCreateUser,AuditCreateDTM,AuditUpdateUser,AuditUpdateDTM)
     VALUES(4627,10049004,N'', 0, NEWID(), N'ADD', N'Resource Translation',10519001, N'[{"idfsResource":4627,"idfsLanguage":10049004}]', N'System', GETDATE(), N'System', GETDATE())
INSERT INTO dbo.trtResourceTranslation (idfsResource,idfsLanguage,strResourceString,intRowStatus,rowguid,strMaintenanceFlag,strReservedAttribute,SourceSystemNameID,SourceSystemKeyValue,AuditCreateUser,AuditCreateDTM,AuditUpdateUser,AuditUpdateDTM)
     VALUES(4628,10049011,N'', 0, NEWID(), N'ADD', N'Resource Translation',10519001, N'[{"idfsResource":4628,"idfsLanguage":10049011}]', N'System', GETDATE(), N'System', GETDATE())
INSERT INTO dbo.trtResourceTranslation (idfsResource,idfsLanguage,strResourceString,intRowStatus,rowguid,strMaintenanceFlag,strReservedAttribute,SourceSystemNameID,SourceSystemKeyValue,AuditCreateUser,AuditCreateDTM,AuditUpdateUser,AuditUpdateDTM)
     VALUES(4628,10049001,N'', 0, NEWID(), N'ADD', N'Resource Translation',10519001, N'[{"idfsResource":4628,"idfsLanguage":10049001}]', N'System', GETDATE(), N'System', GETDATE())
INSERT INTO dbo.trtResourceTranslation (idfsResource,idfsLanguage,strResourceString,intRowStatus,rowguid,strMaintenanceFlag,strReservedAttribute,SourceSystemNameID,SourceSystemKeyValue,AuditCreateUser,AuditCreateDTM,AuditUpdateUser,AuditUpdateDTM)
     VALUES(4628,10049004,N'', 0, NEWID(), N'ADD', N'Resource Translation',10519001, N'[{"idfsResource":4628,"idfsLanguage":10049004}]', N'System', GETDATE(), N'System', GETDATE())
INSERT INTO dbo.trtResourceTranslation (idfsResource,idfsLanguage,strResourceString,intRowStatus,rowguid,strMaintenanceFlag,strReservedAttribute,SourceSystemNameID,SourceSystemKeyValue,AuditCreateUser,AuditCreateDTM,AuditUpdateUser,AuditUpdateDTM)
     VALUES(4629,10049011,N'', 0, NEWID(), N'ADD', N'Resource Translation',10519001, N'[{"idfsResource":4629,"idfsLanguage":10049011}]', N'System', GETDATE(), N'System', GETDATE())
INSERT INTO dbo.trtResourceTranslation (idfsResource,idfsLanguage,strResourceString,intRowStatus,rowguid,strMaintenanceFlag,strReservedAttribute,SourceSystemNameID,SourceSystemKeyValue,AuditCreateUser,AuditCreateDTM,AuditUpdateUser,AuditUpdateDTM)
     VALUES(4629,10049001,N'', 0, NEWID(), N'ADD', N'Resource Translation',10519001, N'[{"idfsResource":4629,"idfsLanguage":10049001}]', N'System', GETDATE(), N'System', GETDATE())
INSERT INTO dbo.trtResourceTranslation (idfsResource,idfsLanguage,strResourceString,intRowStatus,rowguid,strMaintenanceFlag,strReservedAttribute,SourceSystemNameID,SourceSystemKeyValue,AuditCreateUser,AuditCreateDTM,AuditUpdateUser,AuditUpdateDTM)
     VALUES(4629,10049004,N'', 0, NEWID(), N'ADD', N'Resource Translation',10519001, N'[{"idfsResource":4629,"idfsLanguage":10049004}]', N'System', GETDATE(), N'System', GETDATE())
INSERT INTO dbo.trtResourceTranslation (idfsResource,idfsLanguage,strResourceString,intRowStatus,rowguid,strMaintenanceFlag,strReservedAttribute,SourceSystemNameID,SourceSystemKeyValue,AuditCreateUser,AuditCreateDTM,AuditUpdateUser,AuditUpdateDTM)
     VALUES(4630,10049011,N'', 0, NEWID(), N'ADD', N'Resource Translation',10519001, N'[{"idfsResource":4630,"idfsLanguage":10049011}]', N'System', GETDATE(), N'System', GETDATE())
INSERT INTO dbo.trtResourceTranslation (idfsResource,idfsLanguage,strResourceString,intRowStatus,rowguid,strMaintenanceFlag,strReservedAttribute,SourceSystemNameID,SourceSystemKeyValue,AuditCreateUser,AuditCreateDTM,AuditUpdateUser,AuditUpdateDTM)
     VALUES(4630,10049001,N'', 0, NEWID(), N'ADD', N'Resource Translation',10519001, N'[{"idfsResource":4630,"idfsLanguage":10049001}]', N'System', GETDATE(), N'System', GETDATE())
INSERT INTO dbo.trtResourceTranslation (idfsResource,idfsLanguage,strResourceString,intRowStatus,rowguid,strMaintenanceFlag,strReservedAttribute,SourceSystemNameID,SourceSystemKeyValue,AuditCreateUser,AuditCreateDTM,AuditUpdateUser,AuditUpdateDTM)
     VALUES(4630,10049004,N'', 0, NEWID(), N'ADD', N'Resource Translation',10519001, N'[{"idfsResource":4630,"idfsLanguage":10049004}]', N'System', GETDATE(), N'System', GETDATE())
INSERT INTO dbo.trtResourceTranslation (idfsResource,idfsLanguage,strResourceString,intRowStatus,rowguid,strMaintenanceFlag,strReservedAttribute,SourceSystemNameID,SourceSystemKeyValue,AuditCreateUser,AuditCreateDTM,AuditUpdateUser,AuditUpdateDTM)
     VALUES(4631,10049011,N'', 0, NEWID(), N'ADD', N'Resource Translation',10519001, N'[{"idfsResource":4631,"idfsLanguage":10049011}]', N'System', GETDATE(), N'System', GETDATE())
INSERT INTO dbo.trtResourceTranslation (idfsResource,idfsLanguage,strResourceString,intRowStatus,rowguid,strMaintenanceFlag,strReservedAttribute,SourceSystemNameID,SourceSystemKeyValue,AuditCreateUser,AuditCreateDTM,AuditUpdateUser,AuditUpdateDTM)
     VALUES(4631,10049001,N'', 0, NEWID(), N'ADD', N'Resource Translation',10519001, N'[{"idfsResource":4631,"idfsLanguage":10049001}]', N'System', GETDATE(), N'System', GETDATE())
INSERT INTO dbo.trtResourceTranslation (idfsResource,idfsLanguage,strResourceString,intRowStatus,rowguid,strMaintenanceFlag,strReservedAttribute,SourceSystemNameID,SourceSystemKeyValue,AuditCreateUser,AuditCreateDTM,AuditUpdateUser,AuditUpdateDTM)
     VALUES(4631,10049004,N'', 0, NEWID(), N'ADD', N'Resource Translation',10519001, N'[{"idfsResource":4631,"idfsLanguage":10049004}]', N'System', GETDATE(), N'System', GETDATE())
INSERT INTO dbo.trtResourceTranslation (idfsResource,idfsLanguage,strResourceString,intRowStatus,rowguid,strMaintenanceFlag,strReservedAttribute,SourceSystemNameID,SourceSystemKeyValue,AuditCreateUser,AuditCreateDTM,AuditUpdateUser,AuditUpdateDTM)
     VALUES(4632,10049011,N'', 0, NEWID(), N'ADD', N'Resource Translation',10519001, N'[{"idfsResource":4632,"idfsLanguage":10049011}]', N'System', GETDATE(), N'System', GETDATE())
INSERT INTO dbo.trtResourceTranslation (idfsResource,idfsLanguage,strResourceString,intRowStatus,rowguid,strMaintenanceFlag,strReservedAttribute,SourceSystemNameID,SourceSystemKeyValue,AuditCreateUser,AuditCreateDTM,AuditUpdateUser,AuditUpdateDTM)
     VALUES(4632,10049001,N'', 0, NEWID(), N'ADD', N'Resource Translation',10519001, N'[{"idfsResource":4632,"idfsLanguage":10049001}]', N'System', GETDATE(), N'System', GETDATE())
INSERT INTO dbo.trtResourceTranslation (idfsResource,idfsLanguage,strResourceString,intRowStatus,rowguid,strMaintenanceFlag,strReservedAttribute,SourceSystemNameID,SourceSystemKeyValue,AuditCreateUser,AuditCreateDTM,AuditUpdateUser,AuditUpdateDTM)
     VALUES(4632,10049004,N'', 0, NEWID(), N'ADD', N'Resource Translation',10519001, N'[{"idfsResource":4632,"idfsLanguage":10049004}]', N'System', GETDATE(), N'System', GETDATE())
INSERT INTO dbo.trtResourceTranslation (idfsResource,idfsLanguage,strResourceString,intRowStatus,rowguid,strMaintenanceFlag,strReservedAttribute,SourceSystemNameID,SourceSystemKeyValue,AuditCreateUser,AuditCreateDTM,AuditUpdateUser,AuditUpdateDTM)
     VALUES(4633,10049011,N'', 0, NEWID(), N'ADD', N'Resource Translation',10519001, N'[{"idfsResource":4633,"idfsLanguage":10049011}]', N'System', GETDATE(), N'System', GETDATE())
INSERT INTO dbo.trtResourceTranslation (idfsResource,idfsLanguage,strResourceString,intRowStatus,rowguid,strMaintenanceFlag,strReservedAttribute,SourceSystemNameID,SourceSystemKeyValue,AuditCreateUser,AuditCreateDTM,AuditUpdateUser,AuditUpdateDTM)
     VALUES(4633,10049001,N'', 0, NEWID(), N'ADD', N'Resource Translation',10519001, N'[{"idfsResource":4633,"idfsLanguage":10049001}]', N'System', GETDATE(), N'System', GETDATE())
INSERT INTO dbo.trtResourceTranslation (idfsResource,idfsLanguage,strResourceString,intRowStatus,rowguid,strMaintenanceFlag,strReservedAttribute,SourceSystemNameID,SourceSystemKeyValue,AuditCreateUser,AuditCreateDTM,AuditUpdateUser,AuditUpdateDTM)
     VALUES(4633,10049004,N'', 0, NEWID(), N'ADD', N'Resource Translation',10519001, N'[{"idfsResource":4633,"idfsLanguage":10049004}]', N'System', GETDATE(), N'System', GETDATE())
INSERT INTO dbo.trtResourceTranslation (idfsResource,idfsLanguage,strResourceString,intRowStatus,rowguid,strMaintenanceFlag,strReservedAttribute,SourceSystemNameID,SourceSystemKeyValue,AuditCreateUser,AuditCreateDTM,AuditUpdateUser,AuditUpdateDTM)
     VALUES(4634,10049011,N'', 0, NEWID(), N'ADD', N'Resource Translation',10519001, N'[{"idfsResource":4634,"idfsLanguage":10049011}]', N'System', GETDATE(), N'System', GETDATE())
INSERT INTO dbo.trtResourceTranslation (idfsResource,idfsLanguage,strResourceString,intRowStatus,rowguid,strMaintenanceFlag,strReservedAttribute,SourceSystemNameID,SourceSystemKeyValue,AuditCreateUser,AuditCreateDTM,AuditUpdateUser,AuditUpdateDTM)
     VALUES(4634,10049001,N'', 0, NEWID(), N'ADD', N'Resource Translation',10519001, N'[{"idfsResource":4634,"idfsLanguage":10049001}]', N'System', GETDATE(), N'System', GETDATE())
INSERT INTO dbo.trtResourceTranslation (idfsResource,idfsLanguage,strResourceString,intRowStatus,rowguid,strMaintenanceFlag,strReservedAttribute,SourceSystemNameID,SourceSystemKeyValue,AuditCreateUser,AuditCreateDTM,AuditUpdateUser,AuditUpdateDTM)
     VALUES(4634,10049004,N'', 0, NEWID(), N'ADD', N'Resource Translation',10519001, N'[{"idfsResource":4634,"idfsLanguage":10049004}]', N'System', GETDATE(), N'System', GETDATE())
INSERT INTO dbo.trtResourceTranslation (idfsResource,idfsLanguage,strResourceString,intRowStatus,rowguid,strMaintenanceFlag,strReservedAttribute,SourceSystemNameID,SourceSystemKeyValue,AuditCreateUser,AuditCreateDTM,AuditUpdateUser,AuditUpdateDTM)
     VALUES(4635,10049011,N'', 0, NEWID(), N'ADD', N'Resource Translation',10519001, N'[{"idfsResource":4635,"idfsLanguage":10049011}]', N'System', GETDATE(), N'System', GETDATE())
INSERT INTO dbo.trtResourceTranslation (idfsResource,idfsLanguage,strResourceString,intRowStatus,rowguid,strMaintenanceFlag,strReservedAttribute,SourceSystemNameID,SourceSystemKeyValue,AuditCreateUser,AuditCreateDTM,AuditUpdateUser,AuditUpdateDTM)
     VALUES(4635,10049001,N'', 0, NEWID(), N'ADD', N'Resource Translation',10519001, N'[{"idfsResource":4635,"idfsLanguage":10049001}]', N'System', GETDATE(), N'System', GETDATE())
INSERT INTO dbo.trtResourceTranslation (idfsResource,idfsLanguage,strResourceString,intRowStatus,rowguid,strMaintenanceFlag,strReservedAttribute,SourceSystemNameID,SourceSystemKeyValue,AuditCreateUser,AuditCreateDTM,AuditUpdateUser,AuditUpdateDTM)
     VALUES(4635,10049004,N'', 0, NEWID(), N'ADD', N'Resource Translation',10519001, N'[{"idfsResource":4635,"idfsLanguage":10049004}]', N'System', GETDATE(), N'System', GETDATE())
INSERT INTO dbo.trtResourceTranslation (idfsResource,idfsLanguage,strResourceString,intRowStatus,rowguid,strMaintenanceFlag,strReservedAttribute,SourceSystemNameID,SourceSystemKeyValue,AuditCreateUser,AuditCreateDTM,AuditUpdateUser,AuditUpdateDTM)
     VALUES(4636,10049011,N'', 0, NEWID(), N'ADD', N'Resource Translation',10519001, N'[{"idfsResource":4636,"idfsLanguage":10049011}]', N'System', GETDATE(), N'System', GETDATE())
INSERT INTO dbo.trtResourceTranslation (idfsResource,idfsLanguage,strResourceString,intRowStatus,rowguid,strMaintenanceFlag,strReservedAttribute,SourceSystemNameID,SourceSystemKeyValue,AuditCreateUser,AuditCreateDTM,AuditUpdateUser,AuditUpdateDTM)
     VALUES(4636,10049001,N'', 0, NEWID(), N'ADD', N'Resource Translation',10519001, N'[{"idfsResource":4636,"idfsLanguage":10049001}]', N'System', GETDATE(), N'System', GETDATE())
INSERT INTO dbo.trtResourceTranslation (idfsResource,idfsLanguage,strResourceString,intRowStatus,rowguid,strMaintenanceFlag,strReservedAttribute,SourceSystemNameID,SourceSystemKeyValue,AuditCreateUser,AuditCreateDTM,AuditUpdateUser,AuditUpdateDTM)
     VALUES(4636,10049004,N'', 0, NEWID(), N'ADD', N'Resource Translation',10519001, N'[{"idfsResource":4636,"idfsLanguage":10049004}]', N'System', GETDATE(), N'System', GETDATE())
INSERT INTO dbo.trtResourceTranslation (idfsResource,idfsLanguage,strResourceString,intRowStatus,rowguid,strMaintenanceFlag,strReservedAttribute,SourceSystemNameID,SourceSystemKeyValue,AuditCreateUser,AuditCreateDTM,AuditUpdateUser,AuditUpdateDTM)
     VALUES(4637,10049011,N'', 0, NEWID(), N'ADD', N'Resource Translation',10519001, N'[{"idfsResource":4637,"idfsLanguage":10049011}]', N'System', GETDATE(), N'System', GETDATE())
INSERT INTO dbo.trtResourceTranslation (idfsResource,idfsLanguage,strResourceString,intRowStatus,rowguid,strMaintenanceFlag,strReservedAttribute,SourceSystemNameID,SourceSystemKeyValue,AuditCreateUser,AuditCreateDTM,AuditUpdateUser,AuditUpdateDTM)
     VALUES(4637,10049001,N'', 0, NEWID(), N'ADD', N'Resource Translation',10519001, N'[{"idfsResource":4637,"idfsLanguage":10049001}]', N'System', GETDATE(), N'System', GETDATE())
INSERT INTO dbo.trtResourceTranslation (idfsResource,idfsLanguage,strResourceString,intRowStatus,rowguid,strMaintenanceFlag,strReservedAttribute,SourceSystemNameID,SourceSystemKeyValue,AuditCreateUser,AuditCreateDTM,AuditUpdateUser,AuditUpdateDTM)
     VALUES(4637,10049004,N'', 0, NEWID(), N'ADD', N'Resource Translation',10519001, N'[{"idfsResource":4637,"idfsLanguage":10049004}]', N'System', GETDATE(), N'System', GETDATE())
INSERT INTO dbo.trtResourceTranslation (idfsResource,idfsLanguage,strResourceString,intRowStatus,rowguid,strMaintenanceFlag,strReservedAttribute,SourceSystemNameID,SourceSystemKeyValue,AuditCreateUser,AuditCreateDTM,AuditUpdateUser,AuditUpdateDTM)
     VALUES(4638,10049011,N'', 0, NEWID(), N'ADD', N'Resource Translation',10519001, N'[{"idfsResource":4638,"idfsLanguage":10049011}]', N'System', GETDATE(), N'System', GETDATE())
INSERT INTO dbo.trtResourceTranslation (idfsResource,idfsLanguage,strResourceString,intRowStatus,rowguid,strMaintenanceFlag,strReservedAttribute,SourceSystemNameID,SourceSystemKeyValue,AuditCreateUser,AuditCreateDTM,AuditUpdateUser,AuditUpdateDTM)
     VALUES(4638,10049001,N'', 0, NEWID(), N'ADD', N'Resource Translation',10519001, N'[{"idfsResource":4638,"idfsLanguage":10049001}]', N'System', GETDATE(), N'System', GETDATE())
INSERT INTO dbo.trtResourceTranslation (idfsResource,idfsLanguage,strResourceString,intRowStatus,rowguid,strMaintenanceFlag,strReservedAttribute,SourceSystemNameID,SourceSystemKeyValue,AuditCreateUser,AuditCreateDTM,AuditUpdateUser,AuditUpdateDTM)
     VALUES(4638,10049004,N'', 0, NEWID(), N'ADD', N'Resource Translation',10519001, N'[{"idfsResource":4638,"idfsLanguage":10049004}]', N'System', GETDATE(), N'System', GETDATE())

INSERT into dbo.trtResource (idfsResource,strResourceName,intRowStatus,rowguid,strMaintenanceFlag,strReservedAttribute,SourceSystemNameID,SourceSystemKeyValue,AuditCreateUser,AuditCreateDTM,AuditUpdateUser,AuditUpdateDTM,idfsResourceType)
        VALUES (4639,N'Importation country',0,NEWID(),N'Add',N'EIDSS7 Resources', 10519001, N'[{"idfsResource":4639}]','System', GETDATE(), 'System', GETDATE(), 10540002)
INSERT into dbo.trtResource (idfsResource,strResourceName,intRowStatus,rowguid,strMaintenanceFlag,strReservedAttribute,SourceSystemNameID,SourceSystemKeyValue,AuditCreateUser,AuditCreateDTM,AuditUpdateUser,AuditUpdateDTM,idfsResourceType)
        VALUES (4640,N'Initial Diagnosis',0,NEWID(),N'Add',N'EIDSS7 Resources', 10519001, N'[{"idfsResource":4640}]','System', GETDATE(), 'System', GETDATE(), 10540002)



INSERT INTO dbo.trtResourceSetToResource (idfsResourceSet,idfsResource,isHidden,isRequired,intRowStatus,rowguid,strMaintenanceFlag,strReservedAttribute,SourceSystemNameID,SourceSystemKeyValue,AuditCreateUser,AuditCreateDTM,AuditUpdateUser,AuditUpdateDTM)
        VALUES (445,4639,0,0,0,NEWID(), N'Add', N'Resource Set To Resource', 10519001, N'[{"idfsResourceSet":445,"idfsResource":4639}]', N'System', GETDATE(), N'System', GETDATE())
INSERT INTO dbo.trtResourceSetToResource (idfsResourceSet,idfsResource,isHidden,isRequired,intRowStatus,rowguid,strMaintenanceFlag,strReservedAttribute,SourceSystemNameID,SourceSystemKeyValue,AuditCreateUser,AuditCreateDTM,AuditUpdateUser,AuditUpdateDTM)
        VALUES (445,4640,0,0,0,NEWID(), N'Add', N'Resource Set To Resource', 10519001, N'[{"idfsResourceSet":445,"idfsResource":4640}]', N'System', GETDATE(), N'System', GETDATE())



INSERT INTO dbo.trtResourceTranslation (idfsResource,idfsLanguage,strResourceString,intRowStatus,rowguid,strMaintenanceFlag,strReservedAttribute,SourceSystemNameID,SourceSystemKeyValue,AuditCreateUser,AuditCreateDTM,AuditUpdateUser,AuditUpdateDTM)
     VALUES(4639,10049011,N'', 0, NEWID(), N'ADD', N'Resource Translation',10519001, N'[{"idfsResource":4639,"idfsLanguage":10049011}]', N'System', GETDATE(), N'System', GETDATE())
INSERT INTO dbo.trtResourceTranslation (idfsResource,idfsLanguage,strResourceString,intRowStatus,rowguid,strMaintenanceFlag,strReservedAttribute,SourceSystemNameID,SourceSystemKeyValue,AuditCreateUser,AuditCreateDTM,AuditUpdateUser,AuditUpdateDTM)
     VALUES(4639,10049001,N'', 0, NEWID(), N'ADD', N'Resource Translation',10519001, N'[{"idfsResource":4639,"idfsLanguage":10049001}]', N'System', GETDATE(), N'System', GETDATE())
INSERT INTO dbo.trtResourceTranslation (idfsResource,idfsLanguage,strResourceString,intRowStatus,rowguid,strMaintenanceFlag,strReservedAttribute,SourceSystemNameID,SourceSystemKeyValue,AuditCreateUser,AuditCreateDTM,AuditUpdateUser,AuditUpdateDTM)
     VALUES(4639,10049004,N'', 0, NEWID(), N'ADD', N'Resource Translation',10519001, N'[{"idfsResource":4639,"idfsLanguage":10049004}]', N'System', GETDATE(), N'System', GETDATE())
INSERT INTO dbo.trtResourceTranslation (idfsResource,idfsLanguage,strResourceString,intRowStatus,rowguid,strMaintenanceFlag,strReservedAttribute,SourceSystemNameID,SourceSystemKeyValue,AuditCreateUser,AuditCreateDTM,AuditUpdateUser,AuditUpdateDTM)
     VALUES(4640,10049011,N'التشخيص الأولي', 0, NEWID(), N'ADD', N'Resource Translation',10519001, N'[{"idfsResource":4640,"idfsLanguage":10049011}]', N'System', GETDATE(), N'System', GETDATE())
INSERT INTO dbo.trtResourceTranslation (idfsResource,idfsLanguage,strResourceString,intRowStatus,rowguid,strMaintenanceFlag,strReservedAttribute,SourceSystemNameID,SourceSystemKeyValue,AuditCreateUser,AuditCreateDTM,AuditUpdateUser,AuditUpdateDTM)
     VALUES(4640,10049001,N'İlkin diaqnoz', 0, NEWID(), N'ADD', N'Resource Translation',10519001, N'[{"idfsResource":4640,"idfsLanguage":10049001}]', N'System', GETDATE(), N'System', GETDATE())
INSERT INTO dbo.trtResourceTranslation (idfsResource,idfsLanguage,strResourceString,intRowStatus,rowguid,strMaintenanceFlag,strReservedAttribute,SourceSystemNameID,SourceSystemKeyValue,AuditCreateUser,AuditCreateDTM,AuditUpdateUser,AuditUpdateDTM)
     VALUES(4640,10049004,N'საწყისი დიაგნოზი', 0, NEWID(), N'ADD', N'Resource Translation',10519001, N'[{"idfsResource":4640,"idfsLanguage":10049004}]', N'System', GETDATE(), N'System', GETDATE())

INSERT INTO dbo.trtResourceSetToResource (idfsResourceSet,idfsResource,isHidden,isRequired,intRowStatus,rowguid,strMaintenanceFlag,strReservedAttribute,SourceSystemNameID,SourceSystemKeyValue,AuditCreateUser,AuditCreateDTM,AuditUpdateUser,AuditUpdateDTM)
        VALUES (445,71,0,0,0,NEWID(), N'Add', N'Resource Set To Resource', 10519001, N'[{"idfsResourceSet":445,"idfsResource":71}]', N'System', GETDATE(), N'System', GETDATE())
INSERT INTO dbo.trtResourceSetToResource (idfsResourceSet,idfsResource,isHidden,isRequired,intRowStatus,rowguid,strMaintenanceFlag,strReservedAttribute,SourceSystemNameID,SourceSystemKeyValue,AuditCreateUser,AuditCreateDTM,AuditUpdateUser,AuditUpdateDTM)
        VALUES (445,393,0,0,0,NEWID(), N'Add', N'Resource Set To Resource', 10519001, N'[{"idfsResourceSet":445,"idfsResource":393}]', N'System', GETDATE(), N'System', GETDATE())
INSERT INTO dbo.trtResourceSetToResource (idfsResourceSet,idfsResource,isHidden,isRequired,intRowStatus,rowguid,strMaintenanceFlag,strReservedAttribute,SourceSystemNameID,SourceSystemKeyValue,AuditCreateUser,AuditCreateDTM,AuditUpdateUser,AuditUpdateDTM)
        VALUES (445,395,0,0,0,NEWID(), N'Add', N'Resource Set To Resource', 10519001, N'[{"idfsResourceSet":445,"idfsResource":395}]', N'System', GETDATE(), N'System', GETDATE())
INSERT INTO dbo.trtResourceSetToResource (idfsResourceSet,idfsResource,isHidden,isRequired,intRowStatus,rowguid,strMaintenanceFlag,strReservedAttribute,SourceSystemNameID,SourceSystemKeyValue,AuditCreateUser,AuditCreateDTM,AuditUpdateUser,AuditUpdateDTM)
        VALUES (445,811,0,0,0,NEWID(), N'Add', N'Resource Set To Resource', 10519001, N'[{"idfsResourceSet":445,"idfsResource":811}]', N'System', GETDATE(), N'System', GETDATE())



INSERT INTO dbo.trtResourceTranslation (idfsResource,idfsLanguage,strResourceString,intRowStatus,rowguid,strMaintenanceFlag,strReservedAttribute,SourceSystemNameID,SourceSystemKeyValue,AuditCreateUser,AuditCreateDTM,AuditUpdateUser,AuditUpdateDTM)
     VALUES(71,10049011,N'مرض', 0, NEWID(), N'ADD', N'Resource Translation',10519001, N'[{"idfsResource":71,"idfsLanguage":10049011}]', N'System', GETDATE(), N'System', GETDATE())
INSERT INTO dbo.trtResourceTranslation (idfsResource,idfsLanguage,strResourceString,intRowStatus,rowguid,strMaintenanceFlag,strReservedAttribute,SourceSystemNameID,SourceSystemKeyValue,AuditCreateUser,AuditCreateDTM,AuditUpdateUser,AuditUpdateDTM)
     VALUES(71,10049001,N'Xəstəlik', 0, NEWID(), N'ADD', N'Resource Translation',10519001, N'[{"idfsResource":71,"idfsLanguage":10049001}]', N'System', GETDATE(), N'System', GETDATE())
INSERT INTO dbo.trtResourceTranslation (idfsResource,idfsLanguage,strResourceString,intRowStatus,rowguid,strMaintenanceFlag,strReservedAttribute,SourceSystemNameID,SourceSystemKeyValue,AuditCreateUser,AuditCreateDTM,AuditUpdateUser,AuditUpdateDTM)
     VALUES(71,10049004,N'დაავადება ', 0, NEWID(), N'ADD', N'Resource Translation',10519001, N'[{"idfsResource":71,"idfsLanguage":10049004}]', N'System', GETDATE(), N'System', GETDATE())
INSERT INTO dbo.trtResourceTranslation (idfsResource,idfsLanguage,strResourceString,intRowStatus,rowguid,strMaintenanceFlag,strReservedAttribute,SourceSystemNameID,SourceSystemKeyValue,AuditCreateUser,AuditCreateDTM,AuditUpdateUser,AuditUpdateDTM)
     VALUES(393,10049011,N'التاريخ من', 0, NEWID(), N'ADD', N'Resource Translation',10519001, N'[{"idfsResource":393,"idfsLanguage":10049011}]', N'System', GETDATE(), N'System', GETDATE())
INSERT INTO dbo.trtResourceTranslation (idfsResource,idfsLanguage,strResourceString,intRowStatus,rowguid,strMaintenanceFlag,strReservedAttribute,SourceSystemNameID,SourceSystemKeyValue,AuditCreateUser,AuditCreateDTM,AuditUpdateUser,AuditUpdateDTM)
     VALUES(393,10049001,N'Tarixdən', 0, NEWID(), N'ADD', N'Resource Translation',10519001, N'[{"idfsResource":393,"idfsLanguage":10049001}]', N'System', GETDATE(), N'System', GETDATE())
INSERT INTO dbo.trtResourceTranslation (idfsResource,idfsLanguage,strResourceString,intRowStatus,rowguid,strMaintenanceFlag,strReservedAttribute,SourceSystemNameID,SourceSystemKeyValue,AuditCreateUser,AuditCreateDTM,AuditUpdateUser,AuditUpdateDTM)
     VALUES(393,10049004,N'თარიღი დან', 0, NEWID(), N'ADD', N'Resource Translation',10519001, N'[{"idfsResource":393,"idfsLanguage":10049004}]', N'System', GETDATE(), N'System', GETDATE())
INSERT INTO dbo.trtResourceTranslation (idfsResource,idfsLanguage,strResourceString,intRowStatus,rowguid,strMaintenanceFlag,strReservedAttribute,SourceSystemNameID,SourceSystemKeyValue,AuditCreateUser,AuditCreateDTM,AuditUpdateUser,AuditUpdateDTM)
     VALUES(395,10049011,N'التاريخ ل', 0, NEWID(), N'ADD', N'Resource Translation',10519001, N'[{"idfsResource":395,"idfsLanguage":10049011}]', N'System', GETDATE(), N'System', GETDATE())
INSERT INTO dbo.trtResourceTranslation (idfsResource,idfsLanguage,strResourceString,intRowStatus,rowguid,strMaintenanceFlag,strReservedAttribute,SourceSystemNameID,SourceSystemKeyValue,AuditCreateUser,AuditCreateDTM,AuditUpdateUser,AuditUpdateDTM)
     VALUES(395,10049001,N'Tarixədək', 0, NEWID(), N'ADD', N'Resource Translation',10519001, N'[{"idfsResource":395,"idfsLanguage":10049001}]', N'System', GETDATE(), N'System', GETDATE())
INSERT INTO dbo.trtResourceTranslation (idfsResource,idfsLanguage,strResourceString,intRowStatus,rowguid,strMaintenanceFlag,strReservedAttribute,SourceSystemNameID,SourceSystemKeyValue,AuditCreateUser,AuditCreateDTM,AuditUpdateUser,AuditUpdateDTM)
     VALUES(395,10049004,N'თარიღი მდე', 0, NEWID(), N'ADD', N'Resource Translation',10519001, N'[{"idfsResource":395,"idfsLanguage":10049004}]', N'System', GETDATE(), N'System', GETDATE())
INSERT INTO dbo.trtResourceTranslation (idfsResource,idfsLanguage,strResourceString,intRowStatus,rowguid,strMaintenanceFlag,strReservedAttribute,SourceSystemNameID,SourceSystemKeyValue,AuditCreateUser,AuditCreateDTM,AuditUpdateUser,AuditUpdateDTM)
     VALUES(811,10049011,N'نطاق تاريخ الدخول', 0, NEWID(), N'ADD', N'Resource Translation',10519001, N'[{"idfsResource":811,"idfsLanguage":10049011}]', N'System', GETDATE(), N'System', GETDATE())
INSERT INTO dbo.trtResourceTranslation (idfsResource,idfsLanguage,strResourceString,intRowStatus,rowguid,strMaintenanceFlag,strReservedAttribute,SourceSystemNameID,SourceSystemKeyValue,AuditCreateUser,AuditCreateDTM,AuditUpdateUser,AuditUpdateDTM)
     VALUES(811,10049001,N'Daxil edilmiş tarixlərin diapazonu', 0, NEWID(), N'ADD', N'Resource Translation',10519001, N'[{"idfsResource":811,"idfsLanguage":10049001}]', N'System', GETDATE(), N'System', GETDATE())
INSERT INTO dbo.trtResourceTranslation (idfsResource,idfsLanguage,strResourceString,intRowStatus,rowguid,strMaintenanceFlag,strReservedAttribute,SourceSystemNameID,SourceSystemKeyValue,AuditCreateUser,AuditCreateDTM,AuditUpdateUser,AuditUpdateDTM)
     VALUES(811,10049004,N'შეყვანის თარიღის დიაპაზონი', 0, NEWID(), N'ADD', N'Resource Translation',10519001, N'[{"idfsResource":811,"idfsLanguage":10049004}]', N'System', GETDATE(), N'System', GETDATE())


INSERT into dbo.trtResource (idfsResource,strResourceName,intRowStatus,rowguid,strMaintenanceFlag,strReservedAttribute,SourceSystemNameID,SourceSystemKeyValue,AuditCreateUser,AuditCreateDTM,AuditUpdateUser,AuditUpdateDTM,idfsResourceType)
    VALUES (4641,N'WHO Export',0,NEWID(),N'Add',N'EIDSS7 Resources', 10519001, N'[{"idfsResource":4641}]','System', GETDATE(), 'System', GETDATE(), 10540004)



INSERT INTO dbo.trtResourceSetToResource (idfsResourceSet,idfsResource,isHidden,isRequired,intRowStatus,rowguid,strMaintenanceFlag,strReservedAttribute,SourceSystemNameID,SourceSystemKeyValue,AuditCreateUser,AuditCreateDTM,AuditUpdateUser,AuditUpdateDTM)
        VALUES (445,4641,0,0,0,NEWID(), N'Add', N'Resource Set To Resource', 10519001, N'[{"idfsResourceSet":445,"idfsResource":4641}]', N'System', GETDATE(), N'System', GETDATE())



INSERT INTO dbo.trtResourceTranslation (idfsResource,idfsLanguage,strResourceString,intRowStatus,rowguid,strMaintenanceFlag,strReservedAttribute,SourceSystemNameID,SourceSystemKeyValue,AuditCreateUser,AuditCreateDTM,AuditUpdateUser,AuditUpdateDTM)
     VALUES(4641,10049011,N'', 0, NEWID(), N'ADD', N'Resource Translation',10519001, N'[{"idfsResource":4641,"idfsLanguage":10049011}]', N'System', GETDATE(), N'System', GETDATE())
INSERT INTO dbo.trtResourceTranslation (idfsResource,idfsLanguage,strResourceString,intRowStatus,rowguid,strMaintenanceFlag,strReservedAttribute,SourceSystemNameID,SourceSystemKeyValue,AuditCreateUser,AuditCreateDTM,AuditUpdateUser,AuditUpdateDTM)
     VALUES(4641,10049001,N'', 0, NEWID(), N'ADD', N'Resource Translation',10519001, N'[{"idfsResource":4641,"idfsLanguage":10049001}]', N'System', GETDATE(), N'System', GETDATE())
INSERT INTO dbo.trtResourceTranslation (idfsResource,idfsLanguage,strResourceString,intRowStatus,rowguid,strMaintenanceFlag,strReservedAttribute,SourceSystemNameID,SourceSystemKeyValue,AuditCreateUser,AuditCreateDTM,AuditUpdateUser,AuditUpdateDTM)
     VALUES(4641,10049004,N'', 0, NEWID(), N'ADD', N'Resource Translation',10519001, N'[{"idfsResource":4641,"idfsLanguage":10049004}]', N'System', GETDATE(), N'System', GETDATE())



INSERT INTO dbo.trtResourceSetToResource (idfsResourceSet,idfsResource,isHidden,isRequired,intRowStatus,rowguid,strMaintenanceFlag,strReservedAttribute,SourceSystemNameID,SourceSystemKeyValue,AuditCreateUser,AuditCreateDTM,AuditUpdateUser,AuditUpdateDTM)
        VALUES (445,87,0,0,0,NEWID(), N'Add', N'Resource Set To Resource', 10519001, N'[{"idfsResourceSet":445,"idfsResource":87}]', N'System', GETDATE(), N'System', GETDATE())



INSERT INTO dbo.trtResourceTranslation (idfsResource,idfsLanguage,strResourceString,intRowStatus,rowguid,strMaintenanceFlag,strReservedAttribute,SourceSystemNameID,SourceSystemKeyValue,AuditCreateUser,AuditCreateDTM,AuditUpdateUser,AuditUpdateDTM)
     VALUES(87,10049011,N'', 0, NEWID(), N'ADD', N'Resource Translation',10519001, N'[{"idfsResource":87,"idfsLanguage":10049011}]', N'System', GETDATE(), N'System', GETDATE())
INSERT INTO dbo.trtResourceTranslation (idfsResource,idfsLanguage,strResourceString,intRowStatus,rowguid,strMaintenanceFlag,strReservedAttribute,SourceSystemNameID,SourceSystemKeyValue,AuditCreateUser,AuditCreateDTM,AuditUpdateUser,AuditUpdateDTM)
     VALUES(87,10049001,N'Yarat', 0, NEWID(), N'ADD', N'Resource Translation',10519001, N'[{"idfsResource":87,"idfsLanguage":10049001}]', N'System', GETDATE(), N'System', GETDATE())
INSERT INTO dbo.trtResourceTranslation (idfsResource,idfsLanguage,strResourceString,intRowStatus,rowguid,strMaintenanceFlag,strReservedAttribute,SourceSystemNameID,SourceSystemKeyValue,AuditCreateUser,AuditCreateDTM,AuditUpdateUser,AuditUpdateDTM)
     VALUES(87,10049004,N'შექმნა', 0, NEWID(), N'ADD', N'Resource Translation',10519001, N'[{"idfsResource":87,"idfsLanguage":10049004}]', N'System', GETDATE(), N'System', GETDATE())



INSERT into dbo.trtResource (idfsResource,strResourceName,intRowStatus,rowguid,strMaintenanceFlag,strReservedAttribute,SourceSystemNameID,SourceSystemKeyValue,AuditCreateUser,AuditCreateDTM,AuditUpdateUser,AuditUpdateDTM,idfsResourceType)
        VALUES (4643,N'Export',0,NEWID(),N'Add',N'EIDSS7 Resources', 10519001, N'[{"idfsResource":4643}]','System', GETDATE(), 'System', GETDATE(), 10540000)



INSERT INTO dbo.trtResourceSetToResource (idfsResourceSet,idfsResource,isHidden,isRequired,intRowStatus,rowguid,strMaintenanceFlag,strReservedAttribute,SourceSystemNameID,SourceSystemKeyValue,AuditCreateUser,AuditCreateDTM,AuditUpdateUser,AuditUpdateDTM)
        VALUES (445,4643,0,0,0,NEWID(), N'Add', N'Resource Set To Resource', 10519001, N'[{"idfsResourceSet":445,"idfsResource":4643}]', N'System', GETDATE(), N'System', GETDATE())



INSERT INTO dbo.trtResourceTranslation (idfsResource,idfsLanguage,strResourceString,intRowStatus,rowguid,strMaintenanceFlag,strReservedAttribute,SourceSystemNameID,SourceSystemKeyValue,AuditCreateUser,AuditCreateDTM,AuditUpdateUser,AuditUpdateDTM)
     VALUES(4643,10049011,N'', 0, NEWID(), N'ADD', N'Resource Translation',10519001, N'[{"idfsResource":4643,"idfsLanguage":10049011}]', N'System', GETDATE(), N'System', GETDATE())
INSERT INTO dbo.trtResourceTranslation (idfsResource,idfsLanguage,strResourceString,intRowStatus,rowguid,strMaintenanceFlag,strReservedAttribute,SourceSystemNameID,SourceSystemKeyValue,AuditCreateUser,AuditCreateDTM,AuditUpdateUser,AuditUpdateDTM)
     VALUES(4643,10049001,N'', 0, NEWID(), N'ADD', N'Resource Translation',10519001, N'[{"idfsResource":4643,"idfsLanguage":10049001}]', N'System', GETDATE(), N'System', GETDATE())
INSERT INTO dbo.trtResourceTranslation (idfsResource,idfsLanguage,strResourceString,intRowStatus,rowguid,strMaintenanceFlag,strReservedAttribute,SourceSystemNameID,SourceSystemKeyValue,AuditCreateUser,AuditCreateDTM,AuditUpdateUser,AuditUpdateDTM)
     VALUES(4643,10049004,N'', 0, NEWID(), N'ADD', N'Resource Translation',10519001, N'[{"idfsResource":4643,"idfsLanguage":10049004}]', N'System', GETDATE(), N'System', GETDATE())
